flujo,version,x,y,idioma,clase
wav2vec2bert,antes,19.6900,-33.5097,de,bonafide
wav2vec2bert,antes,22.0615,-13.9642,de,bonafide
wav2vec2bert,antes,20.2618,-37.1302,de,bonafide
wav2vec2bert,antes,14.5389,-22.8869,de,bonafide
wav2vec2bert,antes,26.3200,-14.5261,de,bonafide
wav2vec2bert,antes,-27.5700,-19.3696,de,bonafide
wav2vec2bert,antes,8.9897,-41.5923,de,bonafide
wav2vec2bert,antes,-5.3684,-11.4543,de,bonafide
wav2vec2bert,antes,27.1340,-33.2513,de,bonafide
wav2vec2bert,antes,-5.3713,-10.8907,de,bonafide
wav2vec2bert,antes,19.6479,-29.4851,de,bonafide
wav2vec2bert,antes,15.3367,-24.2835,de,bonafide
wav2vec2bert,antes,26.6276,-32.6893,de,bonafide
wav2vec2bert,antes,16.1772,-1.5716,de,bonafide
wav2vec2bert,antes,12.2821,-36.5791,de,bonafide
wav2vec2bert,antes,13.6016,-24.8879,de,bonafide
wav2vec2bert,antes,-4.5502,21.2852,de,bonafide
wav2vec2bert,antes,24.9180,-31.0556,de,bonafide
wav2vec2bert,antes,21.0973,-28.8241,de,bonafide
wav2vec2bert,antes,9.1118,-41.9036,de,bonafide
wav2vec2bert,antes,-11.9686,-18.0034,de,bonafide
wav2vec2bert,antes,13.6189,-20.0134,de,bonafide
wav2vec2bert,antes,26.6579,-32.1889,de,bonafide
wav2vec2bert,antes,22.2928,-30.4878,de,bonafide
wav2vec2bert,antes,29.8600,-29.8994,de,bonafide
wav2vec2bert,antes,-12.1424,23.0095,de,bonafide
wav2vec2bert,antes,25.1977,-30.4569,de,bonafide
wav2vec2bert,antes,36.1334,-7.9780,de,bonafide
wav2vec2bert,antes,20.2934,-30.8939,de,bonafide
wav2vec2bert,antes,2.6266,-0.7615,de,bonafide
wav2vec2bert,antes,14.4166,-22.8195,de,bonafide
wav2vec2bert,antes,8.8186,-18.4345,de,bonafide
wav2vec2bert,antes,11.9013,-13.2169,de,bonafide
wav2vec2bert,antes,14.8757,-25.3528,de,bonafide
wav2vec2bert,antes,20.1691,-33.6197,de,bonafide
wav2vec2bert,antes,27.0401,-25.7163,de,bonafide
wav2vec2bert,antes,-12.5086,12.0575,de,bonafide
wav2vec2bert,antes,-7.7219,10.2859,de,bonafide
wav2vec2bert,antes,21.7390,-32.5550,de,bonafide
wav2vec2bert,antes,-3.5010,-13.9798,de,bonafide
wav2vec2bert,antes,5.7312,-5.8369,de,bonafide
wav2vec2bert,antes,-5.7526,-17.5412,de,bonafide
wav2vec2bert,antes,-9.2488,15.7028,de,bonafide
wav2vec2bert,antes,33.8944,-17.8252,de,bonafide
wav2vec2bert,antes,22.7607,-30.3785,de,bonafide
wav2vec2bert,antes,8.6867,24.1374,de,bonafide
wav2vec2bert,antes,35.7310,0.2002,de,bonafide
wav2vec2bert,antes,-19.1338,3.6807,de,bonafide
wav2vec2bert,antes,12.9712,-10.2094,de,bonafide
wav2vec2bert,antes,10.3112,-7.2495,de,bonafide
wav2vec2bert,antes,9.0759,2.7092,de,bonafide
wav2vec2bert,antes,39.1420,-19.1638,de,bonafide
wav2vec2bert,antes,-8.1820,15.7591,de,bonafide
wav2vec2bert,antes,14.4023,-21.1190,de,bonafide
wav2vec2bert,antes,19.3422,-30.6149,de,bonafide
wav2vec2bert,antes,1.4980,-0.6910,de,bonafide
wav2vec2bert,antes,27.0830,15.7828,de,bonafide
wav2vec2bert,antes,13.3154,-11.2258,de,bonafide
wav2vec2bert,antes,-4.3740,20.9974,de,bonafide
wav2vec2bert,antes,8.9789,-18.0582,de,bonafide
wav2vec2bert,antes,18.9446,-33.0399,de,bonafide
wav2vec2bert,antes,11.4653,-26.1857,de,bonafide
wav2vec2bert,antes,-29.2801,13.3682,de,bonafide
wav2vec2bert,antes,-8.9469,15.8768,de,bonafide
wav2vec2bert,antes,21.1887,14.0907,de,bonafide
wav2vec2bert,antes,8.2194,-18.8628,de,bonafide
wav2vec2bert,antes,26.0132,-30.4896,de,bonafide
wav2vec2bert,antes,14.1446,-19.4505,de,bonafide
wav2vec2bert,antes,10.7843,-23.7724,de,bonafide
wav2vec2bert,antes,20.7410,-36.8928,de,bonafide
wav2vec2bert,antes,25.8482,-12.2130,de,bonafide
wav2vec2bert,antes,9.3110,-17.6659,de,bonafide
wav2vec2bert,antes,9.9967,-7.1895,de,bonafide
wav2vec2bert,antes,-29.2630,11.2224,de,bonafide
wav2vec2bert,antes,-4.8763,-10.8445,de,bonafide
wav2vec2bert,antes,-42.1861,-10.5881,de,bonafide
wav2vec2bert,antes,2.1319,-0.7237,de,bonafide
wav2vec2bert,antes,11.7697,-7.2714,de,bonafide
wav2vec2bert,antes,25.1579,-12.8034,de,bonafide
wav2vec2bert,antes,-12.9029,11.4581,de,bonafide
wav2vec2bert,antes,17.8946,-29.4559,de,bonafide
wav2vec2bert,antes,19.6338,-35.9949,de,bonafide
wav2vec2bert,antes,11.4784,-24.8592,de,bonafide
wav2vec2bert,antes,20.0782,-25.0854,de,bonafide
wav2vec2bert,antes,22.4592,-34.2620,de,bonafide
wav2vec2bert,antes,0.3640,-1.6247,de,bonafide
wav2vec2bert,antes,21.4743,-33.8630,de,bonafide
wav2vec2bert,antes,-31.6702,7.2541,de,bonafide
wav2vec2bert,antes,-8.8395,29.0035,de,bonafide
wav2vec2bert,antes,11.3034,-16.6485,de,bonafide
wav2vec2bert,antes,24.4327,-31.2610,de,bonafide
wav2vec2bert,antes,16.4978,-30.7382,de,bonafide
wav2vec2bert,antes,35.2210,20.2889,de,bonafide
wav2vec2bert,antes,11.2176,-7.4302,de,bonafide
wav2vec2bert,antes,-10.8461,12.6112,de,bonafide
wav2vec2bert,antes,14.6163,-22.9079,de,bonafide
wav2vec2bert,antes,8.8803,-20.8373,de,bonafide
wav2vec2bert,antes,18.0536,-28.4759,de,bonafide
wav2vec2bert,antes,12.9527,-10.0068,de,bonafide
wav2vec2bert,antes,-12.7145,12.1522,de,bonafide
wav2vec2bert,antes,24.0508,-30.5225,de,bonafide
wav2vec2bert,antes,21.5489,-33.7911,de,bonafide
wav2vec2bert,antes,10.5761,-9.2924,de,bonafide
wav2vec2bert,antes,19.8985,-29.3164,de,bonafide
wav2vec2bert,antes,11.7466,-17.2221,de,bonafide
wav2vec2bert,antes,-28.3921,10.9028,de,bonafide
wav2vec2bert,antes,21.1286,-30.1419,de,bonafide
wav2vec2bert,antes,12.4025,-25.6996,de,bonafide
wav2vec2bert,antes,40.6411,-13.2123,de,bonafide
wav2vec2bert,antes,12.4378,-25.8273,de,bonafide
wav2vec2bert,antes,17.1885,-37.1824,de,bonafide
wav2vec2bert,antes,-11.6894,-16.8977,de,bonafide
wav2vec2bert,antes,-21.0397,9.2111,de,bonafide
wav2vec2bert,antes,13.0856,-7.1629,de,bonafide
wav2vec2bert,antes,14.0291,-24.6106,de,bonafide
wav2vec2bert,antes,-26.3555,27.8311,de,bonafide
wav2vec2bert,antes,-3.3806,-14.1150,de,bonafide
wav2vec2bert,antes,-11.5185,13.0590,de,bonafide
wav2vec2bert,antes,14.7793,-24.6650,de,bonafide
wav2vec2bert,antes,-29.3730,9.0398,de,bonafide
wav2vec2bert,antes,-11.0380,12.6263,de,bonafide
wav2vec2bert,antes,17.1480,-34.0254,de,bonafide
wav2vec2bert,antes,16.5850,-28.7225,de,bonafide
wav2vec2bert,antes,-16.8038,7.9247,de,bonafide
wav2vec2bert,antes,16.8951,-30.2548,de,bonafide
wav2vec2bert,antes,-27.9898,12.8277,de,bonafide
wav2vec2bert,antes,-14.9781,11.1904,de,bonafide
wav2vec2bert,antes,24.4843,-32.5278,de,bonafide
wav2vec2bert,antes,20.9772,-31.1458,de,bonafide
wav2vec2bert,antes,0.9461,-0.1152,de,bonafide
wav2vec2bert,antes,-17.1159,11.4632,de,bonafide
wav2vec2bert,antes,12.2435,-18.0438,de,bonafide
wav2vec2bert,antes,-28.2866,11.0844,de,bonafide
wav2vec2bert,antes,24.5937,-31.2641,de,bonafide
wav2vec2bert,antes,-11.3365,27.7415,de,bonafide
wav2vec2bert,antes,17.7357,-0.0914,de,bonafide
wav2vec2bert,antes,11.6026,-11.6302,de,bonafide
wav2vec2bert,antes,16.7112,-32.5534,de,bonafide
wav2vec2bert,antes,-9.1416,29.1150,de,bonafide
wav2vec2bert,antes,19.0716,-31.4813,de,bonafide
wav2vec2bert,antes,-9.0118,15.7904,de,bonafide
wav2vec2bert,antes,14.5674,-24.6043,de,bonafide
wav2vec2bert,antes,44.9959,4.3147,de,bonafide
wav2vec2bert,antes,43.2462,-5.1321,de,bonafide
wav2vec2bert,antes,34.7517,-5.7687,de,bonafide
wav2vec2bert,antes,-20.4688,28.3248,de,bonafide
wav2vec2bert,antes,20.0030,-38.0455,de,bonafide
wav2vec2bert,antes,12.4954,-10.8105,de,bonafide
wav2vec2bert,antes,-8.8435,13.1589,de,bonafide
wav2vec2bert,antes,-2.5968,-19.5119,de,bonafide
wav2vec2bert,antes,-9.9416,-17.6825,de,spoof
wav2vec2bert,antes,33.0725,-1.3960,de,spoof
wav2vec2bert,antes,28.3123,-32.6728,de,spoof
wav2vec2bert,antes,-18.9914,9.1560,de,spoof
wav2vec2bert,antes,-8.2827,-30.6736,de,spoof
wav2vec2bert,antes,24.8078,-5.1555,de,spoof
wav2vec2bert,antes,18.9306,-37.8554,de,spoof
wav2vec2bert,antes,12.6401,-11.0258,de,spoof
wav2vec2bert,antes,-36.8435,22.8910,de,spoof
wav2vec2bert,antes,16.3099,-9.9193,de,spoof
wav2vec2bert,antes,10.1416,-32.1440,de,spoof
wav2vec2bert,antes,35.1170,-5.0249,de,spoof
wav2vec2bert,antes,12.5265,-21.6606,de,spoof
wav2vec2bert,antes,11.5719,-21.3948,de,spoof
wav2vec2bert,antes,21.0741,-0.7220,de,spoof
wav2vec2bert,antes,-16.1276,11.6672,de,spoof
wav2vec2bert,antes,-16.8515,11.0075,de,spoof
wav2vec2bert,antes,-17.7985,9.7698,de,spoof
wav2vec2bert,antes,-16.5730,9.2782,de,spoof
wav2vec2bert,antes,-27.2349,10.9046,de,spoof
wav2vec2bert,antes,16.2093,-32.2794,de,spoof
wav2vec2bert,antes,23.3016,4.3044,de,spoof
wav2vec2bert,antes,-11.5712,14.9347,de,spoof
wav2vec2bert,antes,22.0884,-28.3004,de,spoof
wav2vec2bert,antes,-3.8665,2.8340,de,spoof
wav2vec2bert,antes,-9.7270,-18.3538,de,spoof
wav2vec2bert,antes,19.5889,-34.7819,de,spoof
wav2vec2bert,antes,18.0055,16.9539,de,spoof
wav2vec2bert,antes,26.9934,-30.9358,de,spoof
wav2vec2bert,antes,17.7501,-0.0619,de,spoof
wav2vec2bert,antes,-0.5278,17.8403,de,spoof
wav2vec2bert,antes,-19.3961,2.9430,de,spoof
wav2vec2bert,antes,23.1108,-1.0346,de,spoof
wav2vec2bert,antes,11.7330,-17.5648,de,spoof
wav2vec2bert,antes,16.1789,-9.9102,de,spoof
wav2vec2bert,antes,3.0478,13.8148,de,spoof
wav2vec2bert,antes,-12.9887,14.5373,de,spoof
wav2vec2bert,antes,26.7828,-0.5959,de,spoof
wav2vec2bert,antes,16.4834,-30.4682,de,spoof
wav2vec2bert,antes,21.8443,-26.9975,de,spoof
wav2vec2bert,antes,30.9659,23.5948,de,spoof
wav2vec2bert,antes,11.4122,-22.0725,de,spoof
wav2vec2bert,antes,2.1172,8.0820,de,spoof
wav2vec2bert,antes,35.6847,0.2463,de,spoof
wav2vec2bert,antes,13.2796,16.9959,de,spoof
wav2vec2bert,antes,-20.5488,12.3493,de,spoof
wav2vec2bert,antes,21.4814,-0.7071,de,spoof
wav2vec2bert,antes,-19.3967,28.5468,de,spoof
wav2vec2bert,antes,-15.6827,10.0868,de,spoof
wav2vec2bert,antes,-9.4248,-11.4521,de,spoof
wav2vec2bert,antes,3.1744,-24.8468,de,spoof
wav2vec2bert,antes,-15.2905,12.1310,de,spoof
wav2vec2bert,antes,-1.8064,-21.6443,de,spoof
wav2vec2bert,antes,-18.1071,10.0217,de,spoof
wav2vec2bert,antes,-23.6376,16.2976,de,spoof
wav2vec2bert,antes,19.6334,-10.5236,de,spoof
wav2vec2bert,antes,-28.0768,16.5686,de,spoof
wav2vec2bert,antes,-21.7866,10.2706,de,spoof
wav2vec2bert,antes,-8.0303,40.1116,de,spoof
wav2vec2bert,antes,-10.4488,3.5335,de,spoof
wav2vec2bert,antes,24.8179,-6.2425,de,spoof
wav2vec2bert,antes,0.0238,22.9328,de,spoof
wav2vec2bert,antes,34.2399,-15.0352,de,spoof
wav2vec2bert,antes,20.5404,-2.6016,de,spoof
wav2vec2bert,antes,-13.7099,16.8677,de,spoof
wav2vec2bert,antes,20.8622,5.2424,de,spoof
wav2vec2bert,antes,-34.4623,9.0523,de,spoof
wav2vec2bert,antes,-27.9067,16.7173,de,spoof
wav2vec2bert,antes,44.7745,3.7063,de,spoof
wav2vec2bert,antes,24.8532,-3.1994,de,spoof
wav2vec2bert,antes,-17.0210,10.6462,de,spoof
wav2vec2bert,antes,-42.0974,16.5643,de,spoof
wav2vec2bert,antes,22.8049,-27.8609,de,spoof
wav2vec2bert,antes,-9.8741,-14.1403,de,spoof
wav2vec2bert,antes,-24.7287,10.6177,de,spoof
wav2vec2bert,antes,14.6751,-30.5809,de,spoof
wav2vec2bert,antes,-14.5263,13.7926,de,spoof
wav2vec2bert,antes,-0.0822,17.5236,de,spoof
wav2vec2bert,antes,22.7427,-30.8676,de,spoof
wav2vec2bert,antes,-9.5876,21.1127,de,spoof
wav2vec2bert,antes,6.9812,13.1932,de,spoof
wav2vec2bert,antes,19.4551,-29.1929,de,spoof
wav2vec2bert,antes,27.0404,-6.5487,de,spoof
wav2vec2bert,antes,11.4646,-15.5603,de,spoof
wav2vec2bert,antes,29.8084,17.9651,de,spoof
wav2vec2bert,antes,10.9806,-20.0801,de,spoof
wav2vec2bert,antes,29.7791,23.4929,de,spoof
wav2vec2bert,antes,-1.7506,16.2229,de,spoof
wav2vec2bert,antes,-28.7026,9.9808,de,spoof
wav2vec2bert,antes,-9.2813,-2.4480,de,spoof
wav2vec2bert,antes,20.6020,-27.1679,de,spoof
wav2vec2bert,antes,-23.1633,17.2679,de,spoof
wav2vec2bert,antes,-12.7314,14.7043,de,spoof
wav2vec2bert,antes,39.5814,-1.7992,de,spoof
wav2vec2bert,antes,14.0361,-9.8485,de,spoof
wav2vec2bert,antes,-8.3826,11.3665,de,spoof
wav2vec2bert,antes,-14.4715,17.0166,de,spoof
wav2vec2bert,antes,13.7460,-33.1068,de,spoof
wav2vec2bert,antes,9.7041,-13.3219,de,spoof
wav2vec2bert,antes,-21.8051,17.5917,de,spoof
wav2vec2bert,antes,24.1233,22.0431,de,spoof
wav2vec2bert,antes,23.3525,16.2368,de,spoof
wav2vec2bert,antes,-4.2260,-6.7873,de,spoof
wav2vec2bert,antes,2.2733,12.9422,de,spoof
wav2vec2bert,antes,19.9086,-36.8140,de,spoof
wav2vec2bert,antes,-16.3515,10.8971,de,spoof
wav2vec2bert,antes,10.9894,-20.0465,de,spoof
wav2vec2bert,antes,26.7944,0.4267,de,spoof
wav2vec2bert,antes,16.5876,-22.5541,de,spoof
wav2vec2bert,antes,11.3068,-19.2924,de,spoof
wav2vec2bert,antes,-8.9767,6.3129,de,spoof
wav2vec2bert,antes,-28.0749,16.5309,de,spoof
wav2vec2bert,antes,22.1513,-26.7474,de,spoof
wav2vec2bert,antes,26.9452,-31.8862,de,spoof
wav2vec2bert,antes,-10.4730,20.4608,de,spoof
wav2vec2bert,antes,20.5543,-12.0752,de,spoof
wav2vec2bert,antes,10.5483,-9.4056,de,spoof
wav2vec2bert,antes,-18.0637,16.0823,de,spoof
wav2vec2bert,antes,-14.3995,17.0301,de,spoof
wav2vec2bert,antes,-32.4310,-13.3656,de,spoof
wav2vec2bert,antes,-16.4285,10.9287,de,spoof
wav2vec2bert,antes,-18.6049,4.7423,de,spoof
wav2vec2bert,antes,29.3213,8.2044,de,spoof
wav2vec2bert,antes,-23.1586,16.8936,de,spoof
wav2vec2bert,antes,20.2927,-25.2852,de,spoof
wav2vec2bert,antes,5.2811,-7.1860,de,spoof
wav2vec2bert,antes,14.1352,-33.6977,de,spoof
wav2vec2bert,antes,10.2465,-23.5425,de,spoof
wav2vec2bert,antes,-13.5895,8.5960,de,spoof
wav2vec2bert,antes,14.2001,-20.8112,de,spoof
wav2vec2bert,antes,19.1474,-37.9642,de,spoof
wav2vec2bert,antes,19.3766,-23.8902,de,spoof
wav2vec2bert,antes,27.8626,-0.8678,de,spoof
wav2vec2bert,antes,40.2945,-1.9497,de,spoof
wav2vec2bert,antes,-27.7072,17.8077,de,spoof
wav2vec2bert,antes,12.8582,-19.8552,de,spoof
wav2vec2bert,antes,23.7015,-7.2971,de,spoof
wav2vec2bert,antes,-3.8395,-15.7472,de,spoof
wav2vec2bert,antes,1.4877,0.9911,de,spoof
wav2vec2bert,antes,22.8057,-27.8566,de,spoof
wav2vec2bert,antes,-4.9433,12.7381,de,spoof
wav2vec2bert,antes,-27.9426,10.6787,de,spoof
wav2vec2bert,antes,-10.0269,20.7456,de,spoof
wav2vec2bert,antes,0.8557,17.3054,de,spoof
wav2vec2bert,antes,21.0020,-2.4192,de,spoof
wav2vec2bert,antes,-4.7801,22.1663,de,spoof
wav2vec2bert,antes,10.0959,-14.6941,de,spoof
wav2vec2bert,antes,-13.5053,12.9030,de,spoof
wav2vec2bert,antes,22.0199,-3.0257,de,spoof
wav2vec2bert,antes,-13.4039,16.8752,de,spoof
wav2vec2bert,antes,47.5730,-9.4975,en,bonafide
wav2vec2bert,antes,25.7937,-14.8420,en,bonafide
wav2vec2bert,antes,17.2457,-4.1290,en,bonafide
wav2vec2bert,antes,33.0795,-6.1815,en,bonafide
wav2vec2bert,antes,-4.8844,-13.2744,en,bonafide
wav2vec2bert,antes,46.6844,5.5786,en,bonafide
wav2vec2bert,antes,45.3379,-10.6275,en,bonafide
wav2vec2bert,antes,17.0734,-25.8492,en,bonafide
wav2vec2bert,antes,-6.8880,36.1322,en,bonafide
wav2vec2bert,antes,-16.0181,4.1211,en,bonafide
wav2vec2bert,antes,46.7688,-9.0744,en,bonafide
wav2vec2bert,antes,48.8301,-11.3627,en,bonafide
wav2vec2bert,antes,49.0329,-11.4260,en,bonafide
wav2vec2bert,antes,17.7442,-22.7232,en,bonafide
wav2vec2bert,antes,17.7026,-2.9478,en,bonafide
wav2vec2bert,antes,-11.5325,9.8927,en,bonafide
wav2vec2bert,antes,42.6294,5.5114,en,bonafide
wav2vec2bert,antes,17.8579,-3.9310,en,bonafide
wav2vec2bert,antes,40.0191,8.0081,en,bonafide
wav2vec2bert,antes,16.8986,-26.2371,en,bonafide
wav2vec2bert,antes,-51.6776,-4.1001,en,bonafide
wav2vec2bert,antes,17.9638,-21.8829,en,bonafide
wav2vec2bert,antes,6.1774,-3.5787,en,bonafide
wav2vec2bert,antes,18.7146,-2.2445,en,bonafide
wav2vec2bert,antes,-10.7884,-10.2615,en,bonafide
wav2vec2bert,antes,35.5828,17.3415,en,bonafide
wav2vec2bert,antes,-6.8606,12.7229,en,bonafide
wav2vec2bert,antes,-2.7284,-19.4781,en,bonafide
wav2vec2bert,antes,-3.8758,15.1668,en,bonafide
wav2vec2bert,antes,17.8288,-4.0648,en,bonafide
wav2vec2bert,antes,24.5976,10.0988,en,bonafide
wav2vec2bert,antes,43.8352,6.2800,en,bonafide
wav2vec2bert,antes,-7.7390,12.5062,en,bonafide
wav2vec2bert,antes,-6.3866,13.3076,en,bonafide
wav2vec2bert,antes,29.1159,-0.1851,en,bonafide
wav2vec2bert,antes,-10.1352,10.4844,en,bonafide
wav2vec2bert,antes,43.8286,-6.6618,en,bonafide
wav2vec2bert,antes,18.5419,6.5734,en,bonafide
wav2vec2bert,antes,38.2771,-8.2739,en,bonafide
wav2vec2bert,antes,39.2077,17.9077,en,bonafide
wav2vec2bert,antes,47.7592,-9.1227,en,bonafide
wav2vec2bert,antes,-2.7685,10.1312,en,bonafide
wav2vec2bert,antes,-18.6396,12.4047,en,bonafide
wav2vec2bert,antes,9.0516,-11.1685,en,bonafide
wav2vec2bert,antes,46.3606,-13.8793,en,bonafide
wav2vec2bert,antes,7.6702,2.8709,en,bonafide
wav2vec2bert,antes,-9.6561,11.4221,en,bonafide
wav2vec2bert,antes,38.0138,-6.3005,en,bonafide
wav2vec2bert,antes,17.5647,-3.0251,en,bonafide
wav2vec2bert,antes,26.1084,2.1822,en,bonafide
wav2vec2bert,antes,-36.3961,21.9587,en,bonafide
wav2vec2bert,antes,46.5336,-9.7450,en,bonafide
wav2vec2bert,antes,46.6480,-9.9052,en,bonafide
wav2vec2bert,antes,36.4182,13.3394,en,bonafide
wav2vec2bert,antes,-38.4409,-6.5602,en,bonafide
wav2vec2bert,antes,16.9344,-22.1853,en,bonafide
wav2vec2bert,antes,-8.4830,-24.0854,en,bonafide
wav2vec2bert,antes,35.2381,-9.8456,en,bonafide
wav2vec2bert,antes,24.6228,11.4168,en,bonafide
wav2vec2bert,antes,-32.0062,17.7972,en,bonafide
wav2vec2bert,antes,6.3348,-3.7401,en,bonafide
wav2vec2bert,antes,-9.5097,11.3275,en,bonafide
wav2vec2bert,antes,39.9659,-7.9570,en,bonafide
wav2vec2bert,antes,40.0548,3.5545,en,bonafide
wav2vec2bert,antes,7.0825,-27.5493,en,bonafide
wav2vec2bert,antes,47.6874,4.9264,en,bonafide
wav2vec2bert,antes,47.4049,10.7697,en,bonafide
wav2vec2bert,antes,12.4461,-28.8244,en,bonafide
wav2vec2bert,antes,-9.7335,8.4513,en,bonafide
wav2vec2bert,antes,17.8484,-23.2871,en,bonafide
wav2vec2bert,antes,45.3727,-10.2126,en,bonafide
wav2vec2bert,antes,6.5508,18.4674,en,bonafide
wav2vec2bert,antes,-29.5921,-1.9864,en,bonafide
wav2vec2bert,antes,43.3130,10.6946,en,bonafide
wav2vec2bert,antes,39.8341,-8.5616,en,bonafide
wav2vec2bert,antes,20.5554,-6.0585,en,bonafide
wav2vec2bert,antes,16.9864,-14.4041,en,bonafide
wav2vec2bert,antes,46.4736,-8.5199,en,bonafide
wav2vec2bert,antes,41.1566,5.9652,en,bonafide
wav2vec2bert,antes,34.1910,-2.2691,en,bonafide
wav2vec2bert,antes,18.1676,-2.0750,en,bonafide
wav2vec2bert,antes,-5.9122,17.2182,en,bonafide
wav2vec2bert,antes,6.0262,5.6880,en,bonafide
wav2vec2bert,antes,42.9947,-3.9524,en,bonafide
wav2vec2bert,antes,8.2233,2.4585,en,bonafide
wav2vec2bert,antes,15.4955,-4.9044,en,bonafide
wav2vec2bert,antes,50.1979,-10.1256,en,bonafide
wav2vec2bert,antes,46.0370,-8.8096,en,bonafide
wav2vec2bert,antes,44.0672,-10.6353,en,bonafide
wav2vec2bert,antes,-46.2676,-11.4518,en,bonafide
wav2vec2bert,antes,18.3823,6.9511,en,bonafide
wav2vec2bert,antes,44.8177,5.2067,en,bonafide
wav2vec2bert,antes,-3.9395,11.5753,en,bonafide
wav2vec2bert,antes,39.5282,-9.1221,en,bonafide
wav2vec2bert,antes,13.4948,-30.8889,en,bonafide
wav2vec2bert,antes,34.8066,-7.1543,en,bonafide
wav2vec2bert,antes,-10.0141,9.1570,en,bonafide
wav2vec2bert,antes,32.4407,17.7112,en,bonafide
wav2vec2bert,antes,44.9888,-8.4767,en,bonafide
wav2vec2bert,antes,29.6652,-1.6191,en,bonafide
wav2vec2bert,antes,46.8412,-14.8165,en,bonafide
wav2vec2bert,antes,36.8031,-12.1254,en,bonafide
wav2vec2bert,antes,38.1317,15.9253,en,bonafide
wav2vec2bert,antes,45.0897,-8.8201,en,bonafide
wav2vec2bert,antes,32.9942,-19.7560,en,bonafide
wav2vec2bert,antes,24.5172,3.8000,en,bonafide
wav2vec2bert,antes,-5.9393,17.2203,en,bonafide
wav2vec2bert,antes,45.8901,-13.8588,en,bonafide
wav2vec2bert,antes,45.7901,-9.7380,en,bonafide
wav2vec2bert,antes,34.0625,-5.5059,en,bonafide
wav2vec2bert,antes,4.9505,19.2173,en,bonafide
wav2vec2bert,antes,43.0301,8.3637,en,bonafide
wav2vec2bert,antes,45.9059,-9.3816,en,bonafide
wav2vec2bert,antes,35.8553,16.2777,en,bonafide
wav2vec2bert,antes,49.1789,-11.3429,en,bonafide
wav2vec2bert,antes,35.8721,-8.5150,en,bonafide
wav2vec2bert,antes,34.2611,19.1562,en,bonafide
wav2vec2bert,antes,38.4101,14.8756,en,bonafide
wav2vec2bert,antes,39.3866,-7.9943,en,bonafide
wav2vec2bert,antes,35.5397,-9.3382,en,bonafide
wav2vec2bert,antes,-9.6287,8.3681,en,bonafide
wav2vec2bert,antes,40.4486,-3.3509,en,bonafide
wav2vec2bert,antes,35.1614,-7.3967,en,bonafide
wav2vec2bert,antes,-10.3111,9.2234,en,bonafide
wav2vec2bert,antes,47.5154,6.0568,en,bonafide
wav2vec2bert,antes,35.8152,-7.8313,en,bonafide
wav2vec2bert,antes,7.5625,2.3794,en,bonafide
wav2vec2bert,antes,16.9007,-15.7606,en,bonafide
wav2vec2bert,antes,-11.8620,11.1451,en,bonafide
wav2vec2bert,antes,-10.4530,10.7629,en,bonafide
wav2vec2bert,antes,48.6704,-11.5730,en,bonafide
wav2vec2bert,antes,-31.9281,17.7910,en,bonafide
wav2vec2bert,antes,40.4379,-5.9567,en,bonafide
wav2vec2bert,antes,-9.4819,-12.6958,en,bonafide
wav2vec2bert,antes,46.2409,-10.2854,en,bonafide
wav2vec2bert,antes,4.7183,19.0608,en,bonafide
wav2vec2bert,antes,32.3553,16.4444,en,bonafide
wav2vec2bert,antes,12.6701,-28.4198,en,bonafide
wav2vec2bert,antes,34.3789,7.7658,en,bonafide
wav2vec2bert,antes,46.3838,11.6130,en,bonafide
wav2vec2bert,antes,34.3780,13.2992,en,bonafide
wav2vec2bert,antes,-35.1092,29.4915,en,bonafide
wav2vec2bert,antes,37.0505,-9.6090,en,bonafide
wav2vec2bert,antes,-37.5825,29.9428,en,bonafide
wav2vec2bert,antes,45.5203,12.2462,en,bonafide
wav2vec2bert,antes,36.5649,-9.5716,en,bonafide
wav2vec2bert,antes,31.4930,23.3117,en,bonafide
wav2vec2bert,antes,5.2179,18.3268,en,bonafide
wav2vec2bert,antes,-10.7847,10.1848,en,bonafide
wav2vec2bert,antes,-29.3117,-1.2871,en,bonafide
wav2vec2bert,antes,45.0746,14.7939,en,spoof
wav2vec2bert,antes,-30.9510,16.0114,en,spoof
wav2vec2bert,antes,31.8965,11.8779,en,spoof
wav2vec2bert,antes,46.7120,-6.9297,en,spoof
wav2vec2bert,antes,22.2879,10.1216,en,spoof
wav2vec2bert,antes,37.3816,9.3867,en,spoof
wav2vec2bert,antes,37.0763,-19.0053,en,spoof
wav2vec2bert,antes,-32.7147,17.3435,en,spoof
wav2vec2bert,antes,48.3621,-7.8374,en,spoof
wav2vec2bert,antes,45.1969,5.6525,en,spoof
wav2vec2bert,antes,36.2303,11.3499,en,spoof
wav2vec2bert,antes,37.7364,13.8435,en,spoof
wav2vec2bert,antes,40.3958,11.4629,en,spoof
wav2vec2bert,antes,-10.6254,18.1825,en,spoof
wav2vec2bert,antes,34.4234,12.2087,en,spoof
wav2vec2bert,antes,38.9982,5.6694,en,spoof
wav2vec2bert,antes,-1.6002,14.4113,en,spoof
wav2vec2bert,antes,30.8673,8.5222,en,spoof
wav2vec2bert,antes,32.9406,-6.1942,en,spoof
wav2vec2bert,antes,-23.0516,9.0870,en,spoof
wav2vec2bert,antes,46.1903,14.6841,en,spoof
wav2vec2bert,antes,48.9600,-6.9255,en,spoof
wav2vec2bert,antes,41.7075,4.2755,en,spoof
wav2vec2bert,antes,37.3231,11.8675,en,spoof
wav2vec2bert,antes,-3.4834,10.3349,en,spoof
wav2vec2bert,antes,37.7113,11.7721,en,spoof
wav2vec2bert,antes,-0.8648,13.8532,en,spoof
wav2vec2bert,antes,17.2964,8.5666,en,spoof
wav2vec2bert,antes,47.7612,9.6543,en,spoof
wav2vec2bert,antes,37.9446,11.0715,en,spoof
wav2vec2bert,antes,30.4450,1.0115,en,spoof
wav2vec2bert,antes,42.0682,12.1635,en,spoof
wav2vec2bert,antes,29.6235,0.5552,en,spoof
wav2vec2bert,antes,-32.1578,20.4188,en,spoof
wav2vec2bert,antes,36.8180,18.6120,en,spoof
wav2vec2bert,antes,-0.2493,16.0645,en,spoof
wav2vec2bert,antes,38.9249,14.9009,en,spoof
wav2vec2bert,antes,38.3802,16.6047,en,spoof
wav2vec2bert,antes,36.8011,9.5422,en,spoof
wav2vec2bert,antes,28.8991,10.9191,en,spoof
wav2vec2bert,antes,34.3911,13.7246,en,spoof
wav2vec2bert,antes,39.4496,5.9018,en,spoof
wav2vec2bert,antes,-2.1413,18.1294,en,spoof
wav2vec2bert,antes,-7.0280,5.2284,en,spoof
wav2vec2bert,antes,18.1320,-1.1056,en,spoof
wav2vec2bert,antes,42.8277,8.8039,en,spoof
wav2vec2bert,antes,40.0009,6.1576,en,spoof
wav2vec2bert,antes,39.2414,-0.0273,en,spoof
wav2vec2bert,antes,-46.6161,-9.8491,en,spoof
wav2vec2bert,antes,-0.8290,16.7692,en,spoof
wav2vec2bert,antes,22.6650,-3.3262,en,spoof
wav2vec2bert,antes,-12.6737,-13.1942,en,spoof
wav2vec2bert,antes,29.2359,22.5024,en,spoof
wav2vec2bert,antes,16.2884,14.2857,en,spoof
wav2vec2bert,antes,-4.4447,7.7611,en,spoof
wav2vec2bert,antes,41.6532,12.3598,en,spoof
wav2vec2bert,antes,45.0199,14.5058,en,spoof
wav2vec2bert,antes,37.8075,6.7766,en,spoof
wav2vec2bert,antes,36.4279,14.7374,en,spoof
wav2vec2bert,antes,43.1635,14.4526,en,spoof
wav2vec2bert,antes,37.7638,12.6502,en,spoof
wav2vec2bert,antes,39.6191,9.8494,en,spoof
wav2vec2bert,antes,-9.1440,4.3612,en,spoof
wav2vec2bert,antes,1.6997,19.5761,en,spoof
wav2vec2bert,antes,-7.7594,-14.5153,en,spoof
wav2vec2bert,antes,1.8775,16.8345,en,spoof
wav2vec2bert,antes,33.2410,11.7022,en,spoof
wav2vec2bert,antes,47.4059,-8.5533,en,spoof
wav2vec2bert,antes,26.9826,-5.3057,en,spoof
wav2vec2bert,antes,25.0647,2.6712,en,spoof
wav2vec2bert,antes,35.6428,6.8556,en,spoof
wav2vec2bert,antes,39.0763,16.3530,en,spoof
wav2vec2bert,antes,-1.8561,14.0096,en,spoof
wav2vec2bert,antes,48.1198,9.3814,en,spoof
wav2vec2bert,antes,10.5565,-32.3039,en,spoof
wav2vec2bert,antes,-7.0748,8.7930,en,spoof
wav2vec2bert,antes,36.9639,9.3365,en,spoof
wav2vec2bert,antes,36.0783,4.1998,en,spoof
wav2vec2bert,antes,-7.8466,-5.3663,en,spoof
wav2vec2bert,antes,44.3082,13.9886,en,spoof
wav2vec2bert,antes,0.9363,16.5074,en,spoof
wav2vec2bert,antes,35.6135,18.3261,en,spoof
wav2vec2bert,antes,-7.5283,3.6966,en,spoof
wav2vec2bert,antes,-14.0932,30.6013,en,spoof
wav2vec2bert,antes,44.0469,12.2091,en,spoof
wav2vec2bert,antes,36.9269,4.1813,en,spoof
wav2vec2bert,antes,1.1365,19.9202,en,spoof
wav2vec2bert,antes,32.4490,16.8120,en,spoof
wav2vec2bert,antes,38.3162,12.6745,en,spoof
wav2vec2bert,antes,33.2217,11.0578,en,spoof
wav2vec2bert,antes,-2.9191,13.4002,en,spoof
wav2vec2bert,antes,35.8945,15.3557,en,spoof
wav2vec2bert,antes,27.4871,1.3478,en,spoof
wav2vec2bert,antes,45.1003,14.3457,en,spoof
wav2vec2bert,antes,42.3738,5.4693,en,spoof
wav2vec2bert,antes,27.3898,12.8832,en,spoof
wav2vec2bert,antes,28.1830,8.2486,en,spoof
wav2vec2bert,antes,2.7900,17.1970,en,spoof
wav2vec2bert,antes,43.0820,12.3661,en,spoof
wav2vec2bert,antes,-17.2167,17.1994,en,spoof
wav2vec2bert,antes,45.4708,9.1890,en,spoof
wav2vec2bert,antes,37.3938,17.5842,en,spoof
wav2vec2bert,antes,-33.8480,5.5203,en,spoof
wav2vec2bert,antes,-3.5154,10.1583,en,spoof
wav2vec2bert,antes,41.0273,3.7176,en,spoof
wav2vec2bert,antes,41.1145,7.7406,en,spoof
wav2vec2bert,antes,37.0749,7.7517,en,spoof
wav2vec2bert,antes,35.6242,8.3245,en,spoof
wav2vec2bert,antes,-3.2973,14.8543,en,spoof
wav2vec2bert,antes,-31.9144,10.3463,en,spoof
wav2vec2bert,antes,-14.8346,7.9387,en,spoof
wav2vec2bert,antes,37.5387,16.1275,en,spoof
wav2vec2bert,antes,39.0272,12.7552,en,spoof
wav2vec2bert,antes,-14.8386,14.0056,en,spoof
wav2vec2bert,antes,-7.5859,4.0930,en,spoof
wav2vec2bert,antes,31.7354,16.5665,en,spoof
wav2vec2bert,antes,37.1404,13.5619,en,spoof
wav2vec2bert,antes,43.2444,6.4794,en,spoof
wav2vec2bert,antes,-2.3072,10.0012,en,spoof
wav2vec2bert,antes,26.8172,15.5420,en,spoof
wav2vec2bert,antes,-4.4656,7.6731,en,spoof
wav2vec2bert,antes,39.9632,-3.3543,en,spoof
wav2vec2bert,antes,-5.0610,10.3787,en,spoof
wav2vec2bert,antes,35.6493,10.4603,en,spoof
wav2vec2bert,antes,48.4173,11.5419,en,spoof
wav2vec2bert,antes,13.6459,-8.8963,en,spoof
wav2vec2bert,antes,5.1139,19.8011,en,spoof
wav2vec2bert,antes,22.8101,8.8566,en,spoof
wav2vec2bert,antes,34.6321,16.2970,en,spoof
wav2vec2bert,antes,-50.6635,-8.3139,en,spoof
wav2vec2bert,antes,36.2006,8.6238,en,spoof
wav2vec2bert,antes,32.0084,12.4294,en,spoof
wav2vec2bert,antes,-25.0531,4.7036,en,spoof
wav2vec2bert,antes,36.8002,17.5677,en,spoof
wav2vec2bert,antes,33.1857,-4.2797,en,spoof
wav2vec2bert,antes,-22.8136,19.7875,en,spoof
wav2vec2bert,antes,43.1812,8.3246,en,spoof
wav2vec2bert,antes,43.4585,6.2344,en,spoof
wav2vec2bert,antes,20.2121,13.6868,en,spoof
wav2vec2bert,antes,-4.1214,8.8705,en,spoof
wav2vec2bert,antes,2.3393,14.7417,en,spoof
wav2vec2bert,antes,33.0548,15.3633,en,spoof
wav2vec2bert,antes,-32.4493,9.7283,en,spoof
wav2vec2bert,antes,36.3118,14.7904,en,spoof
wav2vec2bert,antes,44.8932,9.8280,en,spoof
wav2vec2bert,antes,45.1623,10.4138,en,spoof
wav2vec2bert,antes,-27.7047,5.0696,en,spoof
wav2vec2bert,antes,30.8294,8.4532,en,spoof
wav2vec2bert,antes,-0.2056,15.2613,en,spoof
wav2vec2bert,antes,46.3778,4.1126,en,spoof
wav2vec2bert,antes,-50.4540,2.7154,es,bonafide
wav2vec2bert,antes,-44.1267,-1.4403,es,bonafide
wav2vec2bert,antes,-33.0450,0.7280,es,bonafide
wav2vec2bert,antes,41.0057,-9.8660,es,bonafide
wav2vec2bert,antes,-43.4220,2.1187,es,bonafide
wav2vec2bert,antes,-44.7504,-4.3923,es,bonafide
wav2vec2bert,antes,-46.8469,8.4696,es,bonafide
wav2vec2bert,antes,-34.9038,-14.2251,es,bonafide
wav2vec2bert,antes,-42.1840,3.9169,es,bonafide
wav2vec2bert,antes,-47.9173,7.2139,es,bonafide
wav2vec2bert,antes,-41.4180,-5.1366,es,bonafide
wav2vec2bert,antes,-49.0469,0.5346,es,bonafide
wav2vec2bert,antes,36.6103,-2.8340,es,bonafide
wav2vec2bert,antes,26.3134,-19.6953,es,bonafide
wav2vec2bert,antes,-43.7772,2.9822,es,bonafide
wav2vec2bert,antes,10.9741,11.7233,es,bonafide
wav2vec2bert,antes,-45.5905,5.0648,es,bonafide
wav2vec2bert,antes,-48.4314,-6.7944,es,bonafide
wav2vec2bert,antes,26.4945,-29.6165,es,bonafide
wav2vec2bert,antes,-48.4594,1.9903,es,bonafide
wav2vec2bert,antes,-42.9376,0.4202,es,bonafide
wav2vec2bert,antes,38.8777,-13.9539,es,bonafide
wav2vec2bert,antes,26.4687,-29.3969,es,bonafide
wav2vec2bert,antes,-46.8787,7.7603,es,bonafide
wav2vec2bert,antes,-44.7902,-1.0029,es,bonafide
wav2vec2bert,antes,-43.9482,-5.2462,es,bonafide
wav2vec2bert,antes,-41.9184,-6.8790,es,bonafide
wav2vec2bert,antes,-45.6119,-0.3686,es,bonafide
wav2vec2bert,antes,-45.4345,-3.7181,es,bonafide
wav2vec2bert,antes,36.4510,-3.1236,es,bonafide
wav2vec2bert,antes,-11.5156,-9.4601,es,bonafide
wav2vec2bert,antes,11.2872,19.3205,es,bonafide
wav2vec2bert,antes,-44.0820,1.8535,es,bonafide
wav2vec2bert,antes,-42.6795,-2.6037,es,bonafide
wav2vec2bert,antes,-46.2328,-4.6972,es,bonafide
wav2vec2bert,antes,-42.4010,4.6595,es,bonafide
wav2vec2bert,antes,-41.4145,4.1877,es,bonafide
wav2vec2bert,antes,-35.7286,-13.1736,es,bonafide
wav2vec2bert,antes,-34.7156,-17.7415,es,bonafide
wav2vec2bert,antes,-43.3406,-4.5917,es,bonafide
wav2vec2bert,antes,-11.0451,25.1621,es,bonafide
wav2vec2bert,antes,-38.6328,19.0246,es,bonafide
wav2vec2bert,antes,-42.7057,3.3937,es,bonafide
wav2vec2bert,antes,18.5154,-30.8542,es,bonafide
wav2vec2bert,antes,26.2295,18.1704,es,bonafide
wav2vec2bert,antes,-45.2979,2.0441,es,bonafide
wav2vec2bert,antes,-48.3942,1.4064,es,bonafide
wav2vec2bert,antes,5.3252,3.8086,es,bonafide
wav2vec2bert,antes,37.8905,-15.9695,es,bonafide
wav2vec2bert,antes,-42.0926,4.9257,es,bonafide
wav2vec2bert,antes,23.7339,-15.4552,es,bonafide
wav2vec2bert,antes,-49.0977,-3.1325,es,bonafide
wav2vec2bert,antes,14.4502,-27.4418,es,bonafide
wav2vec2bert,antes,-48.3402,-5.2212,es,bonafide
wav2vec2bert,antes,-45.8027,-0.6864,es,bonafide
wav2vec2bert,antes,-44.8228,-6.0430,es,bonafide
wav2vec2bert,antes,-42.4312,3.0791,es,bonafide
wav2vec2bert,antes,23.6038,-37.1574,es,bonafide
wav2vec2bert,antes,-29.4841,13.3818,es,bonafide
wav2vec2bert,antes,-36.6608,-18.8207,es,bonafide
wav2vec2bert,antes,29.6347,-13.2301,es,bonafide
wav2vec2bert,antes,-36.2866,-16.7974,es,bonafide
wav2vec2bert,antes,-46.5688,-6.2172,es,bonafide
wav2vec2bert,antes,14.9281,6.8788,es,bonafide
wav2vec2bert,antes,-31.5209,21.0929,es,bonafide
wav2vec2bert,antes,-48.2738,0.9227,es,bonafide
wav2vec2bert,antes,-47.3366,6.5108,es,bonafide
wav2vec2bert,antes,-36.2623,-14.1596,es,bonafide
wav2vec2bert,antes,-47.3205,-3.5082,es,bonafide
wav2vec2bert,antes,26.1177,-18.4021,es,bonafide
wav2vec2bert,antes,19.1259,-26.9250,es,bonafide
wav2vec2bert,antes,-45.4635,0.8091,es,bonafide
wav2vec2bert,antes,-47.1138,-5.8771,es,bonafide
wav2vec2bert,antes,-43.3483,-2.4553,es,bonafide
wav2vec2bert,antes,-6.3149,14.1093,es,bonafide
wav2vec2bert,antes,-39.3000,5.2005,es,bonafide
wav2vec2bert,antes,36.7812,-2.8075,es,bonafide
wav2vec2bert,antes,-49.3651,-4.7338,es,bonafide
wav2vec2bert,antes,-45.2994,4.5300,es,bonafide
wav2vec2bert,antes,-43.1315,-4.5608,es,bonafide
wav2vec2bert,antes,-19.8874,-31.6780,es,bonafide
wav2vec2bert,antes,-45.8836,-4.4153,es,bonafide
wav2vec2bert,antes,-48.6842,6.4763,es,bonafide
wav2vec2bert,antes,19.2511,-27.1185,es,bonafide
wav2vec2bert,antes,27.0623,-19.2817,es,bonafide
wav2vec2bert,antes,-47.6896,6.7352,es,bonafide
wav2vec2bert,antes,-43.9034,4.7095,es,bonafide
wav2vec2bert,antes,-41.1175,-1.2921,es,bonafide
wav2vec2bert,antes,-45.3297,0.2575,es,bonafide
wav2vec2bert,antes,-46.2622,-2.1142,es,bonafide
wav2vec2bert,antes,-45.8420,-6.2615,es,bonafide
wav2vec2bert,antes,-37.7968,18.1496,es,bonafide
wav2vec2bert,antes,-36.0158,-13.4366,es,bonafide
wav2vec2bert,antes,-38.2471,18.8179,es,bonafide
wav2vec2bert,antes,-35.5847,-19.8628,es,bonafide
wav2vec2bert,antes,-42.8476,-0.3660,es,bonafide
wav2vec2bert,antes,14.4100,-27.3984,es,bonafide
wav2vec2bert,antes,-44.1544,6.7694,es,bonafide
wav2vec2bert,antes,13.3897,-13.8109,es,bonafide
wav2vec2bert,antes,-37.3711,-12.8864,es,bonafide
wav2vec2bert,antes,-47.2318,7.2705,es,bonafide
wav2vec2bert,antes,-37.2353,6.6033,es,bonafide
wav2vec2bert,antes,-40.8948,-3.2901,es,bonafide
wav2vec2bert,antes,-21.3748,41.8610,es,bonafide
wav2vec2bert,antes,26.8301,-28.7268,es,bonafide
wav2vec2bert,antes,42.6953,-4.6498,es,bonafide
wav2vec2bert,antes,-32.7057,-1.0921,es,bonafide
wav2vec2bert,antes,-44.2625,1.3299,es,bonafide
wav2vec2bert,antes,-34.0190,-1.5593,es,bonafide
wav2vec2bert,antes,-11.2661,26.5927,es,bonafide
wav2vec2bert,antes,-34.5430,-12.2736,es,bonafide
wav2vec2bert,antes,-34.1215,-14.6608,es,bonafide
wav2vec2bert,antes,-46.3132,4.0887,es,bonafide
wav2vec2bert,antes,-41.9995,2.9721,es,bonafide
wav2vec2bert,antes,15.9338,-13.6590,es,bonafide
wav2vec2bert,antes,-43.1405,-1.1222,es,bonafide
wav2vec2bert,antes,15.6818,5.5623,es,bonafide
wav2vec2bert,antes,-17.2638,6.6746,es,bonafide
wav2vec2bert,antes,-44.1692,-2.5587,es,bonafide
wav2vec2bert,antes,19.4275,-27.4737,es,bonafide
wav2vec2bert,antes,-35.3691,-19.6074,es,bonafide
wav2vec2bert,antes,-49.7535,0.5620,es,bonafide
wav2vec2bert,antes,36.5523,-2.3390,es,bonafide
wav2vec2bert,antes,-43.5278,-0.1759,es,bonafide
wav2vec2bert,antes,-45.6507,7.1542,es,bonafide
wav2vec2bert,antes,5.4810,-0.6188,es,bonafide
wav2vec2bert,antes,-39.4121,-3.9847,es,bonafide
wav2vec2bert,antes,-48.7644,2.7823,es,bonafide
wav2vec2bert,antes,-47.1106,-4.3488,es,bonafide
wav2vec2bert,antes,-42.1078,-3.9148,es,bonafide
wav2vec2bert,antes,-37.4159,-17.4406,es,bonafide
wav2vec2bert,antes,21.9450,18.8857,es,bonafide
wav2vec2bert,antes,-41.4135,-2.2539,es,bonafide
wav2vec2bert,antes,-41.2856,5.3254,es,bonafide
wav2vec2bert,antes,-14.5907,27.9666,es,bonafide
wav2vec2bert,antes,-43.4366,1.5770,es,bonafide
wav2vec2bert,antes,-34.5700,19.2084,es,bonafide
wav2vec2bert,antes,-43.7946,-1.7850,es,bonafide
wav2vec2bert,antes,-42.9962,2.5263,es,bonafide
wav2vec2bert,antes,-42.5003,1.0507,es,bonafide
wav2vec2bert,antes,-50.9652,5.9738,es,bonafide
wav2vec2bert,antes,-36.3248,-13.5315,es,bonafide
wav2vec2bert,antes,-48.9000,-4.9422,es,bonafide
wav2vec2bert,antes,23.5118,-37.2265,es,bonafide
wav2vec2bert,antes,-46.4194,0.5770,es,bonafide
wav2vec2bert,antes,12.8761,-36.6239,es,bonafide
wav2vec2bert,antes,-6.4499,10.0353,es,bonafide
wav2vec2bert,antes,-32.9756,0.4138,es,bonafide
wav2vec2bert,antes,-44.3575,-0.1386,es,bonafide
wav2vec2bert,antes,-44.2046,10.8256,es,bonafide
wav2vec2bert,antes,-36.1108,17.9108,es,spoof
wav2vec2bert,antes,-43.3047,7.1412,es,spoof
wav2vec2bert,antes,-14.6000,1.4681,es,spoof
wav2vec2bert,antes,-44.4796,2.6543,es,spoof
wav2vec2bert,antes,25.1766,12.2631,es,spoof
wav2vec2bert,antes,40.0845,13.4778,es,spoof
wav2vec2bert,antes,-40.1151,-8.2095,es,spoof
wav2vec2bert,antes,16.6490,5.2675,es,spoof
wav2vec2bert,antes,-42.4398,7.5256,es,spoof
wav2vec2bert,antes,16.8683,8.0612,es,spoof
wav2vec2bert,antes,-35.1310,26.3458,es,spoof
wav2vec2bert,antes,-32.7947,21.4460,es,spoof
wav2vec2bert,antes,-32.7201,-1.2537,es,spoof
wav2vec2bert,antes,-51.2220,-6.9435,es,spoof
wav2vec2bert,antes,19.0362,-10.9612,es,spoof
wav2vec2bert,antes,-36.3103,-19.9731,es,spoof
wav2vec2bert,antes,36.0929,-2.8026,es,spoof
wav2vec2bert,antes,8.4688,-15.6621,es,spoof
wav2vec2bert,antes,-14.8751,5.1126,es,spoof
wav2vec2bert,antes,26.1127,5.0035,es,spoof
wav2vec2bert,antes,20.7092,7.0843,es,spoof
wav2vec2bert,antes,-28.5867,1.1531,es,spoof
wav2vec2bert,antes,-2.6724,-3.8391,es,spoof
wav2vec2bert,antes,-40.0675,-8.6726,es,spoof
wav2vec2bert,antes,19.2589,-1.5043,es,spoof
wav2vec2bert,antes,19.2645,-6.1686,es,spoof
wav2vec2bert,antes,26.5061,-3.0466,es,spoof
wav2vec2bert,antes,18.4735,8.3841,es,spoof
wav2vec2bert,antes,25.5774,-4.3308,es,spoof
wav2vec2bert,antes,34.5846,17.1955,es,spoof
wav2vec2bert,antes,-38.5091,4.4317,es,spoof
wav2vec2bert,antes,-1.6398,-5.3028,es,spoof
wav2vec2bert,antes,-39.9403,3.4437,es,spoof
wav2vec2bert,antes,-39.8941,6.9164,es,spoof
wav2vec2bert,antes,-52.3750,-6.8975,es,spoof
wav2vec2bert,antes,-40.4198,9.2182,es,spoof
wav2vec2bert,antes,-37.8914,3.5026,es,spoof
wav2vec2bert,antes,12.3951,13.4770,es,spoof
wav2vec2bert,antes,26.0773,-19.4060,es,spoof
wav2vec2bert,antes,-12.5896,-19.6648,es,spoof
wav2vec2bert,antes,21.8772,11.0756,es,spoof
wav2vec2bert,antes,11.3993,18.9090,es,spoof
wav2vec2bert,antes,-41.8541,0.9179,es,spoof
wav2vec2bert,antes,31.1316,17.1673,es,spoof
wav2vec2bert,antes,0.2694,0.0731,es,spoof
wav2vec2bert,antes,-36.2265,-16.5488,es,spoof
wav2vec2bert,antes,-37.4153,2.4834,es,spoof
wav2vec2bert,antes,-35.6817,-12.5277,es,spoof
wav2vec2bert,antes,-46.9657,-0.7876,es,spoof
wav2vec2bert,antes,41.2856,-20.7984,es,spoof
wav2vec2bert,antes,-28.5245,-0.4340,es,spoof
wav2vec2bert,antes,-36.7991,-18.0210,es,spoof
wav2vec2bert,antes,13.9164,5.5916,es,spoof
wav2vec2bert,antes,25.8188,5.8650,es,spoof
wav2vec2bert,antes,-42.2459,5.9034,es,spoof
wav2vec2bert,antes,22.9861,16.8915,es,spoof
wav2vec2bert,antes,-40.4120,1.2427,es,spoof
wav2vec2bert,antes,-34.5020,26.4876,es,spoof
wav2vec2bert,antes,-39.7994,7.4036,es,spoof
wav2vec2bert,antes,22.1172,-13.8804,es,spoof
wav2vec2bert,antes,-28.9294,4.1094,es,spoof
wav2vec2bert,antes,-36.8384,17.1796,es,spoof
wav2vec2bert,antes,22.4179,18.1887,es,spoof
wav2vec2bert,antes,-39.8854,4.7350,es,spoof
wav2vec2bert,antes,-26.1968,23.3758,es,spoof
wav2vec2bert,antes,15.1558,10.9093,es,spoof
wav2vec2bert,antes,-40.6313,4.7291,es,spoof
wav2vec2bert,antes,-43.4994,5.4984,es,spoof
wav2vec2bert,antes,-22.7051,27.8206,es,spoof
wav2vec2bert,antes,-42.2496,1.6154,es,spoof
wav2vec2bert,antes,26.6433,13.0461,es,spoof
wav2vec2bert,antes,30.0311,24.7956,es,spoof
wav2vec2bert,antes,-43.4780,7.6832,es,spoof
wav2vec2bert,antes,22.6311,6.5294,es,spoof
wav2vec2bert,antes,-39.4722,3.3793,es,spoof
wav2vec2bert,antes,-52.3885,-7.0194,es,spoof
wav2vec2bert,antes,-29.3433,22.6275,es,spoof
wav2vec2bert,antes,-40.5016,7.4344,es,spoof
wav2vec2bert,antes,-40.9044,5.8736,es,spoof
wav2vec2bert,antes,-44.8727,3.3241,es,spoof
wav2vec2bert,antes,-40.8749,6.5455,es,spoof
wav2vec2bert,antes,-36.9543,3.6955,es,spoof
wav2vec2bert,antes,-26.3407,-1.0733,es,spoof
wav2vec2bert,antes,6.6249,-36.0598,es,spoof
wav2vec2bert,antes,22.9308,-6.3368,es,spoof
wav2vec2bert,antes,16.1159,24.1110,es,spoof
wav2vec2bert,antes,32.0353,-2.4498,es,spoof
wav2vec2bert,antes,16.1687,5.2012,es,spoof
wav2vec2bert,antes,-47.4540,-7.7390,es,spoof
wav2vec2bert,antes,32.7180,0.3612,es,spoof
wav2vec2bert,antes,-19.6047,-22.1285,es,spoof
wav2vec2bert,antes,15.7299,4.3308,es,spoof
wav2vec2bert,antes,-32.0201,20.7612,es,spoof
wav2vec2bert,antes,13.7098,-12.3969,es,spoof
wav2vec2bert,antes,-20.2875,-26.2610,es,spoof
wav2vec2bert,antes,27.1324,-5.4234,es,spoof
wav2vec2bert,antes,15.8043,-8.4106,es,spoof
wav2vec2bert,antes,-29.7159,-2.5758,es,spoof
wav2vec2bert,antes,-46.6499,-6.2594,es,spoof
wav2vec2bert,antes,-18.0293,15.5566,es,spoof
wav2vec2bert,antes,-29.2493,4.0744,es,spoof
wav2vec2bert,antes,-35.1675,-18.5621,es,spoof
wav2vec2bert,antes,37.5652,-12.0746,es,spoof
wav2vec2bert,antes,-41.7770,1.8257,es,spoof
wav2vec2bert,antes,19.6977,-6.8056,es,spoof
wav2vec2bert,antes,24.9327,6.2378,es,spoof
wav2vec2bert,antes,28.6447,3.4151,es,spoof
wav2vec2bert,antes,18.0552,7.8892,es,spoof
wav2vec2bert,antes,-35.6062,22.8610,es,spoof
wav2vec2bert,antes,-38.2454,4.7962,es,spoof
wav2vec2bert,antes,21.9012,-16.5629,es,spoof
wav2vec2bert,antes,27.8317,11.7170,es,spoof
wav2vec2bert,antes,30.0733,-4.5786,es,spoof
wav2vec2bert,antes,29.3803,24.4639,es,spoof
wav2vec2bert,antes,-38.8498,6.4755,es,spoof
wav2vec2bert,antes,24.8645,6.4576,es,spoof
wav2vec2bert,antes,-35.3490,5.7708,es,spoof
wav2vec2bert,antes,-43.3028,3.3183,es,spoof
wav2vec2bert,antes,-36.1577,-20.3793,es,spoof
wav2vec2bert,antes,22.0041,14.0340,es,spoof
wav2vec2bert,antes,-1.5309,4.2830,es,spoof
wav2vec2bert,antes,23.8481,14.8164,es,spoof
wav2vec2bert,antes,-39.9956,14.6194,es,spoof
wav2vec2bert,antes,33.7035,4.1195,es,spoof
wav2vec2bert,antes,-36.1484,-20.7925,es,spoof
wav2vec2bert,antes,27.2029,10.5417,es,spoof
wav2vec2bert,antes,-37.1686,-18.6874,es,spoof
wav2vec2bert,antes,-28.8787,22.5847,es,spoof
wav2vec2bert,antes,9.8369,14.7753,es,spoof
wav2vec2bert,antes,-28.2603,-0.2425,es,spoof
wav2vec2bert,antes,-18.6413,6.5720,es,spoof
wav2vec2bert,antes,-42.2868,7.8369,es,spoof
wav2vec2bert,antes,-29.1344,28.2824,es,spoof
wav2vec2bert,antes,-29.9024,2.5814,es,spoof
wav2vec2bert,antes,-10.6497,3.3720,es,spoof
wav2vec2bert,antes,25.1281,13.8136,es,spoof
wav2vec2bert,antes,-29.3691,1.7266,es,spoof
wav2vec2bert,antes,-38.0773,5.9415,es,spoof
wav2vec2bert,antes,18.6859,5.0846,es,spoof
wav2vec2bert,antes,31.4034,5.5091,es,spoof
wav2vec2bert,antes,31.5858,-3.9380,es,spoof
wav2vec2bert,antes,-40.6825,2.5710,es,spoof
wav2vec2bert,antes,23.4612,-6.0437,es,spoof
wav2vec2bert,antes,-29.1269,1.9077,es,spoof
wav2vec2bert,antes,31.6014,-3.9360,es,spoof
wav2vec2bert,antes,31.4681,18.0065,es,spoof
wav2vec2bert,antes,20.5067,13.4080,es,spoof
wav2vec2bert,antes,-50.8857,5.8764,es,spoof
wav2vec2bert,antes,-14.7968,6.7696,es,spoof
wav2vec2bert,antes,13.8895,5.5635,es,spoof
wav2vec2bert,antes,31.7958,-23.2939,fr,bonafide
wav2vec2bert,antes,28.7096,-23.3495,fr,bonafide
wav2vec2bert,antes,13.3802,-2.7222,fr,bonafide
wav2vec2bert,antes,-22.4103,14.0832,fr,bonafide
wav2vec2bert,antes,42.0118,-24.5477,fr,bonafide
wav2vec2bert,antes,39.2235,-22.6546,fr,bonafide
wav2vec2bert,antes,21.9793,-20.2356,fr,bonafide
wav2vec2bert,antes,17.7894,-20.6823,fr,bonafide
wav2vec2bert,antes,22.0649,-21.8547,fr,bonafide
wav2vec2bert,antes,22.9302,-19.3885,fr,bonafide
wav2vec2bert,antes,32.1271,-22.8832,fr,bonafide
wav2vec2bert,antes,-22.5393,12.8922,fr,bonafide
wav2vec2bert,antes,11.7376,1.0744,fr,bonafide
wav2vec2bert,antes,-10.5908,0.3171,fr,bonafide
wav2vec2bert,antes,1.1829,30.5107,fr,bonafide
wav2vec2bert,antes,12.4822,-17.0122,fr,bonafide
wav2vec2bert,antes,41.2662,-18.3246,fr,bonafide
wav2vec2bert,antes,29.6908,-23.1503,fr,bonafide
wav2vec2bert,antes,11.8387,-3.1230,fr,bonafide
wav2vec2bert,antes,31.1190,-24.1933,fr,bonafide
wav2vec2bert,antes,-19.1075,13.4264,fr,bonafide
wav2vec2bert,antes,36.8992,-23.5903,fr,bonafide
wav2vec2bert,antes,11.6057,-37.0950,fr,bonafide
wav2vec2bert,antes,-27.1352,15.8095,fr,bonafide
wav2vec2bert,antes,36.8978,-21.2635,fr,bonafide
wav2vec2bert,antes,1.6236,29.3580,fr,bonafide
wav2vec2bert,antes,36.9236,-25.6388,fr,bonafide
wav2vec2bert,antes,-6.6987,24.2066,fr,bonafide
wav2vec2bert,antes,-22.7786,12.4207,fr,bonafide
wav2vec2bert,antes,-30.0217,12.9207,fr,bonafide
wav2vec2bert,antes,-0.0762,31.0497,fr,bonafide
wav2vec2bert,antes,20.1767,-20.3099,fr,bonafide
wav2vec2bert,antes,38.0197,-21.5211,fr,bonafide
wav2vec2bert,antes,36.8542,-25.4143,fr,bonafide
wav2vec2bert,antes,7.0022,-0.4769,fr,bonafide
wav2vec2bert,antes,19.0736,-19.5872,fr,bonafide
wav2vec2bert,antes,-2.2762,-9.2137,fr,bonafide
wav2vec2bert,antes,41.1794,-18.4665,fr,bonafide
wav2vec2bert,antes,5.5241,9.5044,fr,bonafide
wav2vec2bert,antes,30.6164,-23.4604,fr,bonafide
wav2vec2bert,antes,21.7963,-23.1852,fr,bonafide
wav2vec2bert,antes,28.3316,-23.5428,fr,bonafide
wav2vec2bert,antes,8.1486,24.5772,fr,bonafide
wav2vec2bert,antes,22.5896,-19.6008,fr,bonafide
wav2vec2bert,antes,34.6356,-23.4371,fr,bonafide
wav2vec2bert,antes,11.4189,-2.6738,fr,bonafide
wav2vec2bert,antes,-6.4468,24.7496,fr,bonafide
wav2vec2bert,antes,21.8437,-20.9281,fr,bonafide
wav2vec2bert,antes,34.3125,-22.4137,fr,bonafide
wav2vec2bert,antes,0.9379,29.8145,fr,bonafide
wav2vec2bert,antes,33.5768,-23.4741,fr,bonafide
wav2vec2bert,antes,28.4851,-11.8287,fr,bonafide
wav2vec2bert,antes,39.4135,-22.8281,fr,bonafide
wav2vec2bert,antes,-3.4931,-7.7333,fr,bonafide
wav2vec2bert,antes,20.8287,-22.3034,fr,bonafide
wav2vec2bert,antes,-4.7254,-9.4461,fr,bonafide
wav2vec2bert,antes,33.1322,-22.7778,fr,bonafide
wav2vec2bert,antes,1.2202,30.0168,fr,bonafide
wav2vec2bert,antes,3.1993,3.2783,fr,bonafide
wav2vec2bert,antes,9.4428,22.3364,fr,bonafide
wav2vec2bert,antes,16.1631,-20.2418,fr,bonafide
wav2vec2bert,antes,-1.3427,31.5543,fr,bonafide
wav2vec2bert,antes,0.0630,23.7745,fr,bonafide
wav2vec2bert,antes,33.2409,-23.7302,fr,bonafide
wav2vec2bert,antes,22.7756,-23.0642,fr,bonafide
wav2vec2bert,antes,-5.7622,25.0507,fr,bonafide
wav2vec2bert,antes,6.9511,-0.4375,fr,bonafide
wav2vec2bert,antes,35.7962,-19.5241,fr,bonafide
wav2vec2bert,antes,23.3461,-18.2832,fr,bonafide
wav2vec2bert,antes,32.6394,-25.2950,fr,bonafide
wav2vec2bert,antes,36.7814,-21.9807,fr,bonafide
wav2vec2bert,antes,16.5957,21.8773,fr,bonafide
wav2vec2bert,antes,13.6330,-0.3300,fr,bonafide
wav2vec2bert,antes,23.5192,-21.2520,fr,bonafide
wav2vec2bert,antes,34.5730,-24.0101,fr,bonafide
wav2vec2bert,antes,3.9207,8.2350,fr,bonafide
wav2vec2bert,antes,-7.1230,23.7460,fr,bonafide
wav2vec2bert,antes,0.1503,31.3791,fr,bonafide
wav2vec2bert,antes,37.2691,-21.8440,fr,bonafide
wav2vec2bert,antes,35.1418,-20.3160,fr,bonafide
wav2vec2bert,antes,31.5456,-21.8765,fr,bonafide
wav2vec2bert,antes,18.9372,-19.8073,fr,bonafide
wav2vec2bert,antes,-23.0621,12.9213,fr,bonafide
wav2vec2bert,antes,14.2675,-2.0299,fr,bonafide
wav2vec2bert,antes,20.9392,-21.9689,fr,bonafide
wav2vec2bert,antes,-6.9799,25.0077,fr,bonafide
wav2vec2bert,antes,27.0643,-11.6513,fr,bonafide
wav2vec2bert,antes,-21.0321,11.5487,fr,bonafide
wav2vec2bert,antes,1.0169,31.1638,fr,bonafide
wav2vec2bert,antes,32.0258,-21.8244,fr,bonafide
wav2vec2bert,antes,41.2045,-17.4446,fr,bonafide
wav2vec2bert,antes,33.7162,-22.1779,fr,bonafide
wav2vec2bert,antes,-20.3231,10.9306,fr,bonafide
wav2vec2bert,antes,19.8905,-18.9432,fr,bonafide
wav2vec2bert,antes,0.2446,24.8609,fr,bonafide
wav2vec2bert,antes,14.9247,-5.5837,fr,bonafide
wav2vec2bert,antes,-0.5535,30.3058,fr,bonafide
wav2vec2bert,antes,-3.9293,-11.3470,fr,bonafide
wav2vec2bert,antes,0.7780,28.6579,fr,bonafide
wav2vec2bert,antes,26.3570,-10.1629,fr,bonafide
wav2vec2bert,antes,-0.4248,28.0106,fr,bonafide
wav2vec2bert,antes,16.3098,-19.9453,fr,bonafide
wav2vec2bert,antes,-0.5041,31.3560,fr,bonafide
wav2vec2bert,antes,37.4714,-20.7764,fr,bonafide
wav2vec2bert,antes,-23.0567,11.4407,fr,bonafide
wav2vec2bert,antes,-0.8260,29.0684,fr,bonafide
wav2vec2bert,antes,35.2852,-22.2891,fr,bonafide
wav2vec2bert,antes,37.7935,-25.9119,fr,bonafide
wav2vec2bert,antes,-26.5112,13.4254,fr,bonafide
wav2vec2bert,antes,3.4633,29.9319,fr,bonafide
wav2vec2bert,antes,22.1611,-19.1565,fr,bonafide
wav2vec2bert,antes,10.0723,-27.7630,fr,bonafide
wav2vec2bert,antes,-21.0767,10.9867,fr,bonafide
wav2vec2bert,antes,32.5182,-22.7094,fr,bonafide
wav2vec2bert,antes,15.3627,-18.0053,fr,bonafide
wav2vec2bert,antes,2.5976,30.3814,fr,bonafide
wav2vec2bert,antes,-1.9503,29.5488,fr,bonafide
wav2vec2bert,antes,17.3386,-20.3959,fr,bonafide
wav2vec2bert,antes,32.3291,-21.8723,fr,bonafide
wav2vec2bert,antes,22.5574,-18.8284,fr,bonafide
wav2vec2bert,antes,4.5913,26.6000,fr,bonafide
wav2vec2bert,antes,6.0311,-9.4596,fr,bonafide
wav2vec2bert,antes,36.5303,-24.7269,fr,bonafide
wav2vec2bert,antes,39.9512,-20.7357,fr,bonafide
wav2vec2bert,antes,-19.0487,13.0424,fr,bonafide
wav2vec2bert,antes,41.7936,-16.8073,fr,bonafide
wav2vec2bert,antes,19.2098,-20.7285,fr,bonafide
wav2vec2bert,antes,35.1130,-20.5524,fr,bonafide
wav2vec2bert,antes,-20.0488,13.8114,fr,bonafide
wav2vec2bert,antes,1.6672,30.0193,fr,bonafide
wav2vec2bert,antes,35.7863,-19.2979,fr,bonafide
wav2vec2bert,antes,8.6686,-2.5411,fr,bonafide
wav2vec2bert,antes,-29.3044,8.0929,fr,bonafide
wav2vec2bert,antes,27.3252,-11.6153,fr,bonafide
wav2vec2bert,antes,1.2991,32.4283,fr,bonafide
wav2vec2bert,antes,29.5094,-25.0842,fr,bonafide
wav2vec2bert,antes,-5.6515,24.6212,fr,bonafide
wav2vec2bert,antes,25.4046,-27.1498,fr,bonafide
wav2vec2bert,antes,35.7280,-18.2588,fr,bonafide
wav2vec2bert,antes,16.7014,-20.0647,fr,bonafide
wav2vec2bert,antes,-3.2870,-8.1174,fr,bonafide
wav2vec2bert,antes,-0.7930,31.2881,fr,bonafide
wav2vec2bert,antes,-10.8942,-21.8779,fr,bonafide
wav2vec2bert,antes,30.3327,-11.0768,fr,bonafide
wav2vec2bert,antes,2.6140,3.6354,fr,bonafide
wav2vec2bert,antes,20.9385,-20.5965,fr,bonafide
wav2vec2bert,antes,1.2004,32.9489,fr,bonafide
wav2vec2bert,antes,-20.9788,16.0574,fr,bonafide
wav2vec2bert,antes,-7.3683,24.3046,fr,bonafide
wav2vec2bert,antes,22.2493,-21.5848,fr,bonafide
wav2vec2bert,antes,9.9849,-5.4674,fr,spoof
wav2vec2bert,antes,11.4536,-5.8099,fr,spoof
wav2vec2bert,antes,-8.7968,25.6345,fr,spoof
wav2vec2bert,antes,21.3304,-17.8001,fr,spoof
wav2vec2bert,antes,-24.0605,29.4773,fr,spoof
wav2vec2bert,antes,18.0492,3.2711,fr,spoof
wav2vec2bert,antes,10.6129,-1.0002,fr,spoof
wav2vec2bert,antes,24.3991,-4.9319,fr,spoof
wav2vec2bert,antes,-7.1008,26.1091,fr,spoof
wav2vec2bert,antes,29.8706,-6.8819,fr,spoof
wav2vec2bert,antes,16.3755,-0.6034,fr,spoof
wav2vec2bert,antes,19.9443,1.5382,fr,spoof
wav2vec2bert,antes,-23.8121,14.2249,fr,spoof
wav2vec2bert,antes,3.3627,31.1502,fr,spoof
wav2vec2bert,antes,-13.2117,5.8590,fr,spoof
wav2vec2bert,antes,20.0036,-17.7503,fr,spoof
wav2vec2bert,antes,-8.9075,19.9348,fr,spoof
wav2vec2bert,antes,7.8361,-7.6413,fr,spoof
wav2vec2bert,antes,-14.7201,9.8307,fr,spoof
wav2vec2bert,antes,22.3382,0.9767,fr,spoof
wav2vec2bert,antes,13.7956,1.2638,fr,spoof
wav2vec2bert,antes,1.6708,25.9428,fr,spoof
wav2vec2bert,antes,-7.8615,22.8178,fr,spoof
wav2vec2bert,antes,14.3343,-3.4715,fr,spoof
wav2vec2bert,antes,-23.9551,12.8222,fr,spoof
wav2vec2bert,antes,7.1553,-11.4844,fr,spoof
wav2vec2bert,antes,16.1017,1.1445,fr,spoof
wav2vec2bert,antes,21.5938,15.8262,fr,spoof
wav2vec2bert,antes,-22.9628,13.2891,fr,spoof
wav2vec2bert,antes,-27.8419,19.9389,fr,spoof
wav2vec2bert,antes,-34.4307,18.7834,fr,spoof
wav2vec2bert,antes,2.1864,26.7240,fr,spoof
wav2vec2bert,antes,13.4939,0.3017,fr,spoof
wav2vec2bert,antes,-19.4577,17.0619,fr,spoof
wav2vec2bert,antes,13.1593,-1.5188,fr,spoof
wav2vec2bert,antes,27.7853,-8.5613,fr,spoof
wav2vec2bert,antes,33.4483,9.5466,fr,spoof
wav2vec2bert,antes,27.0221,-23.3924,fr,spoof
wav2vec2bert,antes,11.5807,-3.6024,fr,spoof
wav2vec2bert,antes,-27.1984,19.6037,fr,spoof
wav2vec2bert,antes,1.6838,26.7986,fr,spoof
wav2vec2bert,antes,24.0795,2.3650,fr,spoof
wav2vec2bert,antes,20.3985,1.1584,fr,spoof
wav2vec2bert,antes,-2.6557,3.8229,fr,spoof
wav2vec2bert,antes,14.4758,24.0702,fr,spoof
wav2vec2bert,antes,-6.6653,12.4166,fr,spoof
wav2vec2bert,antes,11.5128,-3.6957,fr,spoof
wav2vec2bert,antes,15.3078,1.8959,fr,spoof
wav2vec2bert,antes,-3.4573,27.5964,fr,spoof
wav2vec2bert,antes,-24.6014,7.4112,fr,spoof
wav2vec2bert,antes,-24.0388,26.0940,fr,spoof
wav2vec2bert,antes,29.8291,24.2515,fr,spoof
wav2vec2bert,antes,14.8221,1.1955,fr,spoof
wav2vec2bert,antes,-50.6076,-9.0630,fr,spoof
wav2vec2bert,antes,-13.9086,-6.6447,fr,spoof
wav2vec2bert,antes,24.0270,19.3093,fr,spoof
wav2vec2bert,antes,3.1344,27.5308,fr,spoof
wav2vec2bert,antes,-25.3648,15.7223,fr,spoof
wav2vec2bert,antes,38.9185,-5.7705,fr,spoof
wav2vec2bert,antes,24.1557,2.3251,fr,spoof
wav2vec2bert,antes,-18.8785,8.6955,fr,spoof
wav2vec2bert,antes,17.7585,3.0652,fr,spoof
wav2vec2bert,antes,17.8670,-17.7135,fr,spoof
wav2vec2bert,antes,11.1855,-1.5307,fr,spoof
wav2vec2bert,antes,-12.3572,5.3141,fr,spoof
wav2vec2bert,antes,15.9536,1.2631,fr,spoof
wav2vec2bert,antes,22.7804,-3.3607,fr,spoof
wav2vec2bert,antes,22.3487,1.0851,fr,spoof
wav2vec2bert,antes,13.2580,-4.0958,fr,spoof
wav2vec2bert,antes,7.8708,-10.1549,fr,spoof
wav2vec2bert,antes,7.0849,-10.2025,fr,spoof
wav2vec2bert,antes,17.7312,2.9423,fr,spoof
wav2vec2bert,antes,-40.4507,11.3810,fr,spoof
wav2vec2bert,antes,5.4540,-3.1938,fr,spoof
wav2vec2bert,antes,12.7955,2.9047,fr,spoof
wav2vec2bert,antes,20.0100,-17.2978,fr,spoof
wav2vec2bert,antes,-41.5949,13.4297,fr,spoof
wav2vec2bert,antes,20.0659,1.3967,fr,spoof
wav2vec2bert,antes,-3.3699,-16.6487,fr,spoof
wav2vec2bert,antes,25.8326,-6.1644,fr,spoof
wav2vec2bert,antes,-32.6482,13.6987,fr,spoof
wav2vec2bert,antes,-7.2368,21.9750,fr,spoof
wav2vec2bert,antes,-24.9719,17.6052,fr,spoof
wav2vec2bert,antes,-13.8079,13.3954,fr,spoof
wav2vec2bert,antes,19.3240,-18.3528,fr,spoof
wav2vec2bert,antes,-18.9946,17.1792,fr,spoof
wav2vec2bert,antes,14.0048,8.1676,fr,spoof
wav2vec2bert,antes,24.4535,-22.1923,fr,spoof
wav2vec2bert,antes,12.3531,0.9810,fr,spoof
wav2vec2bert,antes,-1.7851,12.6070,fr,spoof
wav2vec2bert,antes,10.2126,-0.8102,fr,spoof
wav2vec2bert,antes,14.4461,18.4620,fr,spoof
wav2vec2bert,antes,17.8907,-19.5241,fr,spoof
wav2vec2bert,antes,-2.9967,-22.3722,fr,spoof
wav2vec2bert,antes,-6.9624,-6.1311,fr,spoof
wav2vec2bert,antes,29.3805,-25.8624,fr,spoof
wav2vec2bert,antes,13.1808,0.6537,fr,spoof
wav2vec2bert,antes,15.1417,22.3783,fr,spoof
wav2vec2bert,antes,1.2587,28.6553,fr,spoof
wav2vec2bert,antes,-18.0638,-0.1455,fr,spoof
wav2vec2bert,antes,1.6090,-25.8384,fr,spoof
wav2vec2bert,antes,20.3257,7.9319,fr,spoof
wav2vec2bert,antes,0.2428,29.6605,fr,spoof
wav2vec2bert,antes,-30.9875,-7.0789,fr,spoof
wav2vec2bert,antes,-1.8039,31.0647,fr,spoof
wav2vec2bert,antes,-25.0339,16.2717,fr,spoof
wav2vec2bert,antes,7.7156,-10.1653,fr,spoof
wav2vec2bert,antes,-32.8515,27.4831,fr,spoof
wav2vec2bert,antes,8.5369,-9.4570,fr,spoof
wav2vec2bert,antes,-0.3958,0.2043,fr,spoof
wav2vec2bert,antes,13.5582,-3.3914,fr,spoof
wav2vec2bert,antes,-24.5063,13.5191,fr,spoof
wav2vec2bert,antes,-19.1871,17.1333,fr,spoof
wav2vec2bert,antes,17.6107,-17.6706,fr,spoof
wav2vec2bert,antes,14.7653,0.3816,fr,spoof
wav2vec2bert,antes,-27.9912,25.4626,fr,spoof
wav2vec2bert,antes,30.6215,2.9205,fr,spoof
wav2vec2bert,antes,-1.3197,28.2806,fr,spoof
wav2vec2bert,antes,12.7807,2.8101,fr,spoof
wav2vec2bert,antes,12.6149,-0.8569,fr,spoof
wav2vec2bert,antes,-23.9116,12.9144,fr,spoof
wav2vec2bert,antes,22.6059,6.6468,fr,spoof
wav2vec2bert,antes,-7.4242,32.1540,fr,spoof
wav2vec2bert,antes,8.2264,-8.2055,fr,spoof
wav2vec2bert,antes,28.0880,3.6378,fr,spoof
wav2vec2bert,antes,29.7375,-6.9361,fr,spoof
wav2vec2bert,antes,23.6217,18.4872,fr,spoof
wav2vec2bert,antes,-24.6751,15.6393,fr,spoof
wav2vec2bert,antes,26.2742,4.6688,fr,spoof
wav2vec2bert,antes,38.5841,-20.0488,fr,spoof
wav2vec2bert,antes,-3.7206,26.9852,fr,spoof
wav2vec2bert,antes,14.9613,0.1899,fr,spoof
wav2vec2bert,antes,-12.2782,0.9827,fr,spoof
wav2vec2bert,antes,-30.1878,17.5131,fr,spoof
wav2vec2bert,antes,-7.6344,6.7151,fr,spoof
wav2vec2bert,antes,2.6655,14.0256,fr,spoof
wav2vec2bert,antes,-1.0699,-1.9083,fr,spoof
wav2vec2bert,antes,-23.7857,13.4958,fr,spoof
wav2vec2bert,antes,-4.6851,29.3694,fr,spoof
wav2vec2bert,antes,8.8423,-10.6874,fr,spoof
wav2vec2bert,antes,-21.5319,11.6069,fr,spoof
wav2vec2bert,antes,3.3646,27.1333,fr,spoof
wav2vec2bert,antes,32.6708,0.3339,fr,spoof
wav2vec2bert,antes,4.1595,18.3041,fr,spoof
wav2vec2bert,antes,2.9751,8.8779,fr,spoof
wav2vec2bert,antes,3.3912,27.2174,fr,spoof
wav2vec2bert,antes,22.3996,12.0891,fr,spoof
wav2vec2bert,antes,8.7519,-1.9056,fr,spoof
wav2vec2bert,antes,-2.8788,-21.7633,fr,spoof
wav2vec2bert,antes,-21.5840,15.6121,fr,spoof
wav2vec2bert,antes,-47.4076,5.8507,it,bonafide
wav2vec2bert,antes,40.3368,-9.3136,it,bonafide
wav2vec2bert,antes,20.4774,-38.4150,it,bonafide
wav2vec2bert,antes,-0.1466,-4.3571,it,bonafide
wav2vec2bert,antes,43.6614,-2.9572,it,bonafide
wav2vec2bert,antes,13.4794,15.3332,it,bonafide
wav2vec2bert,antes,-16.6837,4.1840,it,bonafide
wav2vec2bert,antes,35.8107,-11.4277,it,bonafide
wav2vec2bert,antes,-43.7577,-8.8974,it,bonafide
wav2vec2bert,antes,12.7137,15.8220,it,bonafide
wav2vec2bert,antes,17.8096,-7.6103,it,bonafide
wav2vec2bert,antes,30.5079,-13.2770,it,bonafide
wav2vec2bert,antes,-43.8098,-8.9141,it,bonafide
wav2vec2bert,antes,17.5712,-12.9632,it,bonafide
wav2vec2bert,antes,-12.1730,27.2389,it,bonafide
wav2vec2bert,antes,11.9812,8.8847,it,bonafide
wav2vec2bert,antes,-21.1876,7.4599,it,bonafide
wav2vec2bert,antes,7.9949,-5.2548,it,bonafide
wav2vec2bert,antes,17.4184,-14.3092,it,bonafide
wav2vec2bert,antes,8.1647,-5.5345,it,bonafide
wav2vec2bert,antes,-37.6148,-3.4229,it,bonafide
wav2vec2bert,antes,12.9481,-13.5305,it,bonafide
wav2vec2bert,antes,31.7698,-9.2134,it,bonafide
wav2vec2bert,antes,15.9095,-14.9964,it,bonafide
wav2vec2bert,antes,32.6470,-26.2080,it,bonafide
wav2vec2bert,antes,-25.6410,18.1677,it,bonafide
wav2vec2bert,antes,0.6674,-6.6284,it,bonafide
wav2vec2bert,antes,40.2909,-7.0105,it,bonafide
wav2vec2bert,antes,38.6132,-5.2677,it,bonafide
wav2vec2bert,antes,4.5226,4.6296,it,bonafide
wav2vec2bert,antes,30.3713,-20.1544,it,bonafide
wav2vec2bert,antes,33.2440,-11.8175,it,bonafide
wav2vec2bert,antes,27.1326,-17.1774,it,bonafide
wav2vec2bert,antes,28.4000,-3.1511,it,bonafide
wav2vec2bert,antes,17.9773,-7.8409,it,bonafide
wav2vec2bert,antes,-14.7880,7.1145,it,bonafide
wav2vec2bert,antes,41.9172,-5.0786,it,bonafide
wav2vec2bert,antes,36.9359,-10.6686,it,bonafide
wav2vec2bert,antes,-38.3911,-0.7551,it,bonafide
wav2vec2bert,antes,15.7357,-11.0370,it,bonafide
wav2vec2bert,antes,35.0623,-13.7932,it,bonafide
wav2vec2bert,antes,36.5621,-14.2422,it,bonafide
wav2vec2bert,antes,-16.5098,6.7712,it,bonafide
wav2vec2bert,antes,18.2047,-13.5582,it,bonafide
wav2vec2bert,antes,43.7206,-2.8349,it,bonafide
wav2vec2bert,antes,29.0407,15.1638,it,bonafide
wav2vec2bert,antes,-16.9960,3.8568,it,bonafide
wav2vec2bert,antes,-20.5514,6.0432,it,bonafide
wav2vec2bert,antes,7.4569,6.3275,it,bonafide
wav2vec2bert,antes,-25.7436,18.3551,it,bonafide
wav2vec2bert,antes,23.3966,-10.3974,it,bonafide
wav2vec2bert,antes,-14.9915,-26.1535,it,bonafide
wav2vec2bert,antes,-19.9582,6.4761,it,bonafide
wav2vec2bert,antes,11.2794,9.4615,it,bonafide
wav2vec2bert,antes,-23.6953,-24.7531,it,bonafide
wav2vec2bert,antes,-22.8297,26.8919,it,bonafide
wav2vec2bert,antes,-38.4515,-3.5407,it,bonafide
wav2vec2bert,antes,31.2468,-8.9659,it,bonafide
wav2vec2bert,antes,24.3716,-28.8620,it,bonafide
wav2vec2bert,antes,28.0519,-16.3618,it,bonafide
wav2vec2bert,antes,12.5351,-36.2755,it,bonafide
wav2vec2bert,antes,30.5945,-13.5310,it,bonafide
wav2vec2bert,antes,30.9339,-18.5640,it,bonafide
wav2vec2bert,antes,23.4214,-9.5666,it,bonafide
wav2vec2bert,antes,17.8029,-25.7906,it,bonafide
wav2vec2bert,antes,-14.9714,-26.4741,it,bonafide
wav2vec2bert,antes,3.1895,-3.0815,it,bonafide
wav2vec2bert,antes,43.4598,-8.2872,it,bonafide
wav2vec2bert,antes,18.7320,-15.2893,it,bonafide
wav2vec2bert,antes,35.8077,-10.9760,it,bonafide
wav2vec2bert,antes,29.5156,-4.3028,it,bonafide
wav2vec2bert,antes,14.9034,16.9861,it,bonafide
wav2vec2bert,antes,30.6709,-30.2127,it,bonafide
wav2vec2bert,antes,40.3552,-13.2726,it,bonafide
wav2vec2bert,antes,30.5245,-18.8638,it,bonafide
wav2vec2bert,antes,-10.1534,22.7571,it,bonafide
wav2vec2bert,antes,-13.4587,7.2717,it,bonafide
wav2vec2bert,antes,-15.3134,-24.9477,it,bonafide
wav2vec2bert,antes,-25.8393,27.3707,it,bonafide
wav2vec2bert,antes,34.8868,-12.9563,it,bonafide
wav2vec2bert,antes,18.6344,-13.4998,it,bonafide
wav2vec2bert,antes,17.5045,-12.9963,it,bonafide
wav2vec2bert,antes,23.9897,-8.8365,it,bonafide
wav2vec2bert,antes,5.6677,-7.7561,it,bonafide
wav2vec2bert,antes,-39.7097,-3.1307,it,bonafide
wav2vec2bert,antes,5.7011,2.4947,it,bonafide
wav2vec2bert,antes,11.1795,5.9662,it,bonafide
wav2vec2bert,antes,-4.4462,-9.2073,it,bonafide
wav2vec2bert,antes,31.9939,-18.3528,it,bonafide
wav2vec2bert,antes,32.5299,-9.7936,it,bonafide
wav2vec2bert,antes,6.2874,5.0108,it,bonafide
wav2vec2bert,antes,33.2077,-7.6982,it,bonafide
wav2vec2bert,antes,7.8032,5.8770,it,bonafide
wav2vec2bert,antes,2.3290,2.7778,it,bonafide
wav2vec2bert,antes,30.2982,-14.5714,it,bonafide
wav2vec2bert,antes,12.7150,18.4118,it,bonafide
wav2vec2bert,antes,-40.3978,-5.2381,it,bonafide
wav2vec2bert,antes,2.4547,2.7706,it,bonafide
wav2vec2bert,antes,-20.7800,22.2215,it,bonafide
wav2vec2bert,antes,14.5083,-16.5137,it,bonafide
wav2vec2bert,antes,-0.8286,-6.6066,it,bonafide
wav2vec2bert,antes,12.0143,8.5701,it,bonafide
wav2vec2bert,antes,-27.7839,20.5068,it,bonafide
wav2vec2bert,antes,12.6002,-35.1613,it,bonafide
wav2vec2bert,antes,-45.1375,-8.0010,it,bonafide
wav2vec2bert,antes,14.7661,-18.3095,it,bonafide
wav2vec2bert,antes,22.5275,-10.9610,it,bonafide
wav2vec2bert,antes,-11.8794,27.4806,it,bonafide
wav2vec2bert,antes,6.1951,9.0791,it,bonafide
wav2vec2bert,antes,26.9331,-17.2557,it,bonafide
wav2vec2bert,antes,30.1356,-18.6016,it,bonafide
wav2vec2bert,antes,-34.9085,7.0628,it,bonafide
wav2vec2bert,antes,25.7201,-18.0202,it,bonafide
wav2vec2bert,antes,33.8265,-11.2912,it,bonafide
wav2vec2bert,antes,29.5548,-17.9014,it,bonafide
wav2vec2bert,antes,28.4229,-18.3121,it,bonafide
wav2vec2bert,antes,21.7061,-9.0213,it,bonafide
wav2vec2bert,antes,23.5040,-10.6074,it,bonafide
wav2vec2bert,antes,-6.0956,31.7358,it,bonafide
wav2vec2bert,antes,37.9472,-13.5587,it,bonafide
wav2vec2bert,antes,9.5892,10.0817,it,bonafide
wav2vec2bert,antes,33.0465,-12.0062,it,bonafide
wav2vec2bert,antes,3.7706,1.7811,it,bonafide
wav2vec2bert,antes,12.4920,-35.6904,it,bonafide
wav2vec2bert,antes,30.0821,-11.5004,it,bonafide
wav2vec2bert,antes,-1.2713,-5.3325,it,bonafide
wav2vec2bert,antes,39.8888,-3.5917,it,bonafide
wav2vec2bert,antes,4.0799,5.0690,it,bonafide
wav2vec2bert,antes,39.7121,-10.0781,it,bonafide
wav2vec2bert,antes,39.8883,-13.4640,it,bonafide
wav2vec2bert,antes,29.9605,-20.5975,it,bonafide
wav2vec2bert,antes,3.2690,-3.1497,it,bonafide
wav2vec2bert,antes,-1.6545,2.0710,it,bonafide
wav2vec2bert,antes,-22.4996,27.2595,it,bonafide
wav2vec2bert,antes,-6.1235,31.7961,it,bonafide
wav2vec2bert,antes,-27.6201,36.8792,it,bonafide
wav2vec2bert,antes,5.0307,-0.7048,it,bonafide
wav2vec2bert,antes,16.7644,-25.4692,it,bonafide
wav2vec2bert,antes,-15.0146,-26.5969,it,bonafide
wav2vec2bert,antes,35.2182,-13.0350,it,bonafide
wav2vec2bert,antes,17.6279,-12.7962,it,bonafide
wav2vec2bert,antes,14.0585,-16.0546,it,bonafide
wav2vec2bert,antes,17.8618,-8.1838,it,bonafide
wav2vec2bert,antes,21.9915,-10.7353,it,bonafide
wav2vec2bert,antes,-40.2064,-5.3064,it,bonafide
wav2vec2bert,antes,-29.7191,29.7530,it,bonafide
wav2vec2bert,antes,6.2538,5.1887,it,bonafide
wav2vec2bert,antes,-0.5302,-1.9209,it,bonafide
wav2vec2bert,antes,17.3996,-6.7459,it,bonafide
wav2vec2bert,antes,18.4915,-15.1940,it,bonafide
wav2vec2bert,antes,-37.6985,9.9981,it,spoof
wav2vec2bert,antes,-31.8930,10.8724,it,spoof
wav2vec2bert,antes,-33.7698,26.9061,it,spoof
wav2vec2bert,antes,-31.9326,35.4573,it,spoof
wav2vec2bert,antes,0.2476,-5.6507,it,spoof
wav2vec2bert,antes,-19.3982,-20.6381,it,spoof
wav2vec2bert,antes,17.8319,11.6938,it,spoof
wav2vec2bert,antes,13.2606,8.9800,it,spoof
wav2vec2bert,antes,-38.8943,12.5648,it,spoof
wav2vec2bert,antes,2.0780,-5.1106,it,spoof
wav2vec2bert,antes,-38.4646,14.5768,it,spoof
wav2vec2bert,antes,-35.5620,-6.0970,it,spoof
wav2vec2bert,antes,-28.5343,37.0348,it,spoof
wav2vec2bert,antes,-11.2400,-11.3754,it,spoof
wav2vec2bert,antes,38.4508,-0.3601,it,spoof
wav2vec2bert,antes,3.9124,-9.1052,it,spoof
wav2vec2bert,antes,-42.3243,19.0912,it,spoof
wav2vec2bert,antes,22.0406,-7.9545,it,spoof
wav2vec2bert,antes,21.8604,12.4163,it,spoof
wav2vec2bert,antes,-0.2904,-8.4723,it,spoof
wav2vec2bert,antes,-19.3981,-20.7209,it,spoof
wav2vec2bert,antes,-24.9403,5.5370,it,spoof
wav2vec2bert,antes,-42.4264,19.8747,it,spoof
wav2vec2bert,antes,-13.9918,-17.5915,it,spoof
wav2vec2bert,antes,19.7026,18.0375,it,spoof
wav2vec2bert,antes,23.9731,12.5685,it,spoof
wav2vec2bert,antes,-38.7045,-7.0937,it,spoof
wav2vec2bert,antes,22.4557,-5.3506,it,spoof
wav2vec2bert,antes,-3.1482,-7.1956,it,spoof
wav2vec2bert,antes,-38.5629,12.2482,it,spoof
wav2vec2bert,antes,9.5905,5.4904,it,spoof
wav2vec2bert,antes,-28.3206,30.5232,it,spoof
wav2vec2bert,antes,-12.3115,-13.7159,it,spoof
wav2vec2bert,antes,13.5849,17.1182,it,spoof
wav2vec2bert,antes,4.7114,-5.3063,it,spoof
wav2vec2bert,antes,-14.8429,4.5939,it,spoof
wav2vec2bert,antes,-11.7019,-16.7536,it,spoof
wav2vec2bert,antes,-8.9617,-17.0736,it,spoof
wav2vec2bert,antes,22.7987,14.0929,it,spoof
wav2vec2bert,antes,-26.6689,6.0841,it,spoof
wav2vec2bert,antes,-29.6163,20.8461,it,spoof
wav2vec2bert,antes,10.4557,-10.8272,it,spoof
wav2vec2bert,antes,22.8003,2.8934,it,spoof
wav2vec2bert,antes,-42.2081,18.4857,it,spoof
wav2vec2bert,antes,-13.2741,-1.9212,it,spoof
wav2vec2bert,antes,23.7306,12.2480,it,spoof
wav2vec2bert,antes,21.3530,9.4061,it,spoof
wav2vec2bert,antes,-35.3067,-0.2837,it,spoof
wav2vec2bert,antes,-28.1004,25.4190,it,spoof
wav2vec2bert,antes,26.2814,6.1079,it,spoof
wav2vec2bert,antes,-14.6107,-18.1775,it,spoof
wav2vec2bert,antes,3.2628,-7.2930,it,spoof
wav2vec2bert,antes,-38.8921,12.6619,it,spoof
wav2vec2bert,antes,30.8977,24.4961,it,spoof
wav2vec2bert,antes,22.0756,9.6787,it,spoof
wav2vec2bert,antes,20.2694,21.2746,it,spoof
wav2vec2bert,antes,-25.5510,23.5536,it,spoof
wav2vec2bert,antes,13.8358,-15.6234,it,spoof
wav2vec2bert,antes,28.0323,10.7430,it,spoof
wav2vec2bert,antes,-24.2645,-3.9582,it,spoof
wav2vec2bert,antes,-30.7616,29.5501,it,spoof
wav2vec2bert,antes,7.3200,-23.3238,it,spoof
wav2vec2bert,antes,25.8961,15.3766,it,spoof
wav2vec2bert,antes,-0.2372,-8.1925,it,spoof
wav2vec2bert,antes,39.0756,-0.5856,it,spoof
wav2vec2bert,antes,-13.8854,-17.0242,it,spoof
wav2vec2bert,antes,38.5056,-4.9297,it,spoof
wav2vec2bert,antes,-6.8024,-19.9493,it,spoof
wav2vec2bert,antes,-24.2162,4.9523,it,spoof
wav2vec2bert,antes,-35.3360,-7.5009,it,spoof
wav2vec2bert,antes,-0.9773,-7.5821,it,spoof
wav2vec2bert,antes,-28.8245,22.5924,it,spoof
wav2vec2bert,antes,10.4019,5.5607,it,spoof
wav2vec2bert,antes,-35.5796,0.9491,it,spoof
wav2vec2bert,antes,23.5436,11.8606,it,spoof
wav2vec2bert,antes,22.7499,4.4793,it,spoof
wav2vec2bert,antes,1.3904,2.7359,it,spoof
wav2vec2bert,antes,0.7732,3.1553,it,spoof
wav2vec2bert,antes,15.8447,-0.6927,it,spoof
wav2vec2bert,antes,23.6448,9.8569,it,spoof
wav2vec2bert,antes,16.5646,10.7349,it,spoof
wav2vec2bert,antes,-33.0333,22.5962,it,spoof
wav2vec2bert,antes,11.9480,-8.2350,it,spoof
wav2vec2bert,antes,-9.4326,-24.0187,it,spoof
wav2vec2bert,antes,20.5995,11.1563,it,spoof
wav2vec2bert,antes,-49.1212,-8.0864,it,spoof
wav2vec2bert,antes,-45.9760,-8.7416,it,spoof
wav2vec2bert,antes,-43.5616,-9.1225,it,spoof
wav2vec2bert,antes,-12.8587,-15.8740,it,spoof
wav2vec2bert,antes,-13.2634,-2.1708,it,spoof
wav2vec2bert,antes,-34.7203,5.2637,it,spoof
wav2vec2bert,antes,24.7025,-12.8366,it,spoof
wav2vec2bert,antes,-38.2234,11.8042,it,spoof
wav2vec2bert,antes,-34.2915,-6.5927,it,spoof
wav2vec2bert,antes,-34.6275,-6.8158,it,spoof
wav2vec2bert,antes,-33.8237,-6.4476,it,spoof
wav2vec2bert,antes,-10.6672,-25.4977,it,spoof
wav2vec2bert,antes,19.1890,11.0022,it,spoof
wav2vec2bert,antes,-41.9627,17.0306,it,spoof
wav2vec2bert,antes,27.2034,-0.1700,it,spoof
wav2vec2bert,antes,2.1977,-5.6566,it,spoof
wav2vec2bert,antes,31.6761,-2.5053,it,spoof
wav2vec2bert,antes,17.0490,11.9804,it,spoof
wav2vec2bert,antes,-33.8418,26.8355,it,spoof
wav2vec2bert,antes,18.8674,-7.7506,it,spoof
wav2vec2bert,antes,-1.1236,4.8254,it,spoof
wav2vec2bert,antes,8.6289,5.0214,it,spoof
wav2vec2bert,antes,17.0642,12.1673,it,spoof
wav2vec2bert,antes,16.6918,12.4833,it,spoof
wav2vec2bert,antes,24.7181,8.8198,it,spoof
wav2vec2bert,antes,18.4799,10.2403,it,spoof
wav2vec2bert,antes,-32.2756,14.6884,it,spoof
wav2vec2bert,antes,-41.1608,16.8830,it,spoof
wav2vec2bert,antes,20.7593,4.1207,it,spoof
wav2vec2bert,antes,-31.7560,11.8083,it,spoof
wav2vec2bert,antes,-31.2648,-6.9331,it,spoof
wav2vec2bert,antes,-36.4853,1.8127,it,spoof
wav2vec2bert,antes,-3.3865,3.1435,it,spoof
wav2vec2bert,antes,9.6751,5.4631,it,spoof
wav2vec2bert,antes,-37.7832,10.9991,it,spoof
wav2vec2bert,antes,-32.0789,26.8952,it,spoof
wav2vec2bert,antes,15.1987,9.6292,it,spoof
wav2vec2bert,antes,22.9935,17.8709,it,spoof
wav2vec2bert,antes,-3.2475,-17.1382,it,spoof
wav2vec2bert,antes,20.9016,15.6445,it,spoof
wav2vec2bert,antes,3.2053,-7.1427,it,spoof
wav2vec2bert,antes,26.1857,13.9862,it,spoof
wav2vec2bert,antes,-32.2924,14.4283,it,spoof
wav2vec2bert,antes,-38.7070,13.6088,it,spoof
wav2vec2bert,antes,22.9549,10.8035,it,spoof
wav2vec2bert,antes,-34.0241,-8.0112,it,spoof
wav2vec2bert,antes,-1.3702,3.6532,it,spoof
wav2vec2bert,antes,-31.3784,30.1692,it,spoof
wav2vec2bert,antes,-21.0583,16.0792,it,spoof
wav2vec2bert,antes,-34.9982,-8.2756,it,spoof
wav2vec2bert,antes,30.8580,16.1055,it,spoof
wav2vec2bert,antes,-34.0724,-8.2381,it,spoof
wav2vec2bert,antes,7.9787,7.5486,it,spoof
wav2vec2bert,antes,1.5958,-7.6062,it,spoof
wav2vec2bert,antes,19.2055,-8.8118,it,spoof
wav2vec2bert,antes,-20.8517,-0.1993,it,spoof
wav2vec2bert,antes,16.0393,8.2205,it,spoof
wav2vec2bert,antes,-16.0451,6.0426,it,spoof
wav2vec2bert,antes,24.1015,12.6292,it,spoof
wav2vec2bert,antes,-35.9187,17.7672,it,spoof
wav2vec2bert,antes,31.1825,-12.8782,it,spoof
wav2vec2bert,antes,-50.6242,-8.6645,it,spoof
wav2vec2bert,antes,-4.9547,-3.0182,it,spoof
wav2vec2bert,antes,18.1203,18.3458,it,spoof
wav2vec2bert,antes,-25.0291,10.8983,it,spoof
wav2vec2bert,antes,-21.4200,-6.8686,pl,bonafide
wav2vec2bert,antes,-21.2874,-10.6222,pl,bonafide
wav2vec2bert,antes,-18.7914,-11.7032,pl,bonafide
wav2vec2bert,antes,3.5953,-28.2843,pl,bonafide
wav2vec2bert,antes,-26.5214,-11.7913,pl,bonafide
wav2vec2bert,antes,4.4719,-32.3521,pl,bonafide
wav2vec2bert,antes,1.6203,-29.6682,pl,bonafide
wav2vec2bert,antes,-17.5921,-5.2474,pl,bonafide
wav2vec2bert,antes,-20.5401,-12.9373,pl,bonafide
wav2vec2bert,antes,-22.9801,-13.5587,pl,bonafide
wav2vec2bert,antes,-20.5215,-6.7347,pl,bonafide
wav2vec2bert,antes,-20.4793,-11.6355,pl,bonafide
wav2vec2bert,antes,-23.7307,-12.0659,pl,bonafide
wav2vec2bert,antes,-0.3760,-27.6010,pl,bonafide
wav2vec2bert,antes,-24.4852,-17.7112,pl,bonafide
wav2vec2bert,antes,-0.5969,-29.0314,pl,bonafide
wav2vec2bert,antes,-28.7478,-19.1902,pl,bonafide
wav2vec2bert,antes,-28.3208,-12.6123,pl,bonafide
wav2vec2bert,antes,-26.3667,-17.1273,pl,bonafide
wav2vec2bert,antes,-26.1692,-5.7811,pl,bonafide
wav2vec2bert,antes,23.1470,27.9484,pl,bonafide
wav2vec2bert,antes,5.5130,-27.0882,pl,bonafide
wav2vec2bert,antes,0.2891,-35.7579,pl,bonafide
wav2vec2bert,antes,-20.0793,-10.9329,pl,bonafide
wav2vec2bert,antes,7.0706,-31.8020,pl,bonafide
wav2vec2bert,antes,-24.3911,-6.9187,pl,bonafide
wav2vec2bert,antes,-25.8593,-13.9475,pl,bonafide
wav2vec2bert,antes,23.1487,27.9589,pl,bonafide
wav2vec2bert,antes,5.6208,-29.7764,pl,bonafide
wav2vec2bert,antes,6.0474,-31.3667,pl,bonafide
wav2vec2bert,antes,-21.6029,-7.8095,pl,bonafide
wav2vec2bert,antes,2.1928,-30.6693,pl,bonafide
wav2vec2bert,antes,-17.8313,-10.7476,pl,bonafide
wav2vec2bert,antes,-29.2064,-17.8937,pl,bonafide
wav2vec2bert,antes,-20.9518,-13.9642,pl,bonafide
wav2vec2bert,antes,0.4632,-32.9539,pl,bonafide
wav2vec2bert,antes,-17.4666,-5.2356,pl,bonafide
wav2vec2bert,antes,-27.5781,-17.7915,pl,bonafide
wav2vec2bert,antes,6.0238,-28.3820,pl,bonafide
wav2vec2bert,antes,-24.7625,-9.0864,pl,bonafide
wav2vec2bert,antes,-21.8864,-16.6731,pl,bonafide
wav2vec2bert,antes,-0.0198,-33.9678,pl,bonafide
wav2vec2bert,antes,-45.1296,-11.7568,pl,bonafide
wav2vec2bert,antes,5.2335,-33.2685,pl,bonafide
wav2vec2bert,antes,-28.0977,-11.6490,pl,bonafide
wav2vec2bert,antes,6.5751,-31.6310,pl,bonafide
wav2vec2bert,antes,-1.7693,-29.3971,pl,bonafide
wav2vec2bert,antes,-27.2900,-9.1706,pl,bonafide
wav2vec2bert,antes,-23.1094,-7.7647,pl,bonafide
wav2vec2bert,antes,5.3724,-32.0623,pl,bonafide
wav2vec2bert,antes,0.2477,-28.2831,pl,bonafide
wav2vec2bert,antes,5.6041,-31.8231,pl,bonafide
wav2vec2bert,antes,0.7281,-29.1310,pl,bonafide
wav2vec2bert,antes,-21.2583,-12.2838,pl,bonafide
wav2vec2bert,antes,2.7164,-29.7966,pl,bonafide
wav2vec2bert,antes,5.4860,-29.3331,pl,bonafide
wav2vec2bert,antes,-21.8428,-11.5108,pl,bonafide
wav2vec2bert,antes,-29.2010,-10.8259,pl,bonafide
wav2vec2bert,antes,-22.9035,-8.0928,pl,bonafide
wav2vec2bert,antes,-19.9712,-10.1269,pl,bonafide
wav2vec2bert,antes,-22.3058,-11.6702,pl,bonafide
wav2vec2bert,antes,-29.3613,-14.8880,pl,bonafide
wav2vec2bert,antes,-26.1625,-11.5552,pl,bonafide
wav2vec2bert,antes,-24.0612,-8.6252,pl,bonafide
wav2vec2bert,antes,3.7095,-29.1981,pl,bonafide
wav2vec2bert,antes,-0.4322,-33.4614,pl,bonafide
wav2vec2bert,antes,-0.8356,-34.5560,pl,bonafide
wav2vec2bert,antes,-7.5281,-23.1802,pl,bonafide
wav2vec2bert,antes,1.7720,-32.6787,pl,bonafide
wav2vec2bert,antes,-1.9498,-33.9011,pl,bonafide
wav2vec2bert,antes,-26.0748,-5.8993,pl,bonafide
wav2vec2bert,antes,-27.8075,-11.1419,pl,bonafide
wav2vec2bert,antes,-18.6902,-12.9032,pl,bonafide
wav2vec2bert,antes,-24.3817,-13.5491,pl,bonafide
wav2vec2bert,antes,-17.7236,-10.7687,pl,bonafide
wav2vec2bert,antes,-25.9121,-19.5222,pl,bonafide
wav2vec2bert,antes,0.7947,-28.3449,pl,bonafide
wav2vec2bert,antes,-23.8984,-9.9994,pl,bonafide
wav2vec2bert,antes,-17.4216,-12.1364,pl,bonafide
wav2vec2bert,antes,1.5119,-31.5840,pl,bonafide
wav2vec2bert,antes,-16.9734,-9.4545,pl,bonafide
wav2vec2bert,antes,-25.5668,-16.6729,pl,bonafide
wav2vec2bert,antes,-21.9182,-8.0732,pl,bonafide
wav2vec2bert,antes,18.4893,14.2997,pl,bonafide
wav2vec2bert,antes,4.3639,-33.9628,pl,bonafide
wav2vec2bert,antes,2.1392,-28.5271,pl,bonafide
wav2vec2bert,antes,-21.5606,-9.8235,pl,bonafide
wav2vec2bert,antes,-21.4241,-5.0256,pl,bonafide
wav2vec2bert,antes,-22.0665,-13.8367,pl,bonafide
wav2vec2bert,antes,-27.0307,-7.8800,pl,bonafide
wav2vec2bert,antes,2.2088,-31.1209,pl,bonafide
wav2vec2bert,antes,4.3477,-30.5152,pl,bonafide
wav2vec2bert,antes,-22.9990,-14.7070,pl,bonafide
wav2vec2bert,antes,-4.9310,-5.8742,pl,bonafide
wav2vec2bert,antes,4.8098,-31.6617,pl,bonafide
wav2vec2bert,antes,-25.4180,-17.3353,pl,bonafide
wav2vec2bert,antes,-21.3190,-6.6234,pl,bonafide
wav2vec2bert,antes,-28.0611,-9.9055,pl,bonafide
wav2vec2bert,antes,0.3734,-31.7966,pl,bonafide
wav2vec2bert,antes,-21.7790,-10.8022,pl,bonafide
wav2vec2bert,antes,-22.6912,-13.4073,pl,bonafide
wav2vec2bert,antes,-1.6179,-34.3004,pl,bonafide
wav2vec2bert,antes,-21.7834,-7.2839,pl,bonafide
wav2vec2bert,antes,-20.6838,-8.6119,pl,bonafide
wav2vec2bert,antes,-27.8348,-11.6639,pl,bonafide
wav2vec2bert,antes,6.5333,-32.7878,pl,bonafide
wav2vec2bert,antes,-20.0363,-14.5028,pl,bonafide
wav2vec2bert,antes,-22.2455,-9.9245,pl,bonafide
wav2vec2bert,antes,-16.0570,-9.0643,pl,bonafide
wav2vec2bert,antes,32.2829,-15.7175,pl,bonafide
wav2vec2bert,antes,-0.1287,-28.5547,pl,bonafide
wav2vec2bert,antes,-7.6960,-22.1969,pl,bonafide
wav2vec2bert,antes,39.6698,-17.4412,pl,bonafide
wav2vec2bert,antes,-22.5655,-10.7859,pl,bonafide
wav2vec2bert,antes,-17.4780,-10.9560,pl,bonafide
wav2vec2bert,antes,0.5035,-29.7357,pl,bonafide
wav2vec2bert,antes,-19.8589,-14.4779,pl,bonafide
wav2vec2bert,antes,-45.6281,-12.3384,pl,bonafide
wav2vec2bert,antes,-3.5923,-26.3536,pl,bonafide
wav2vec2bert,antes,-28.7781,-15.0184,pl,bonafide
wav2vec2bert,antes,-25.7494,-12.7985,pl,bonafide
wav2vec2bert,antes,3.3312,-30.4037,pl,bonafide
wav2vec2bert,antes,6.9638,-30.7198,pl,bonafide
wav2vec2bert,antes,-18.9817,-10.3868,pl,bonafide
wav2vec2bert,antes,1.1959,-29.0643,pl,bonafide
wav2vec2bert,antes,-30.0012,-10.2368,pl,bonafide
wav2vec2bert,antes,0.3310,-32.7473,pl,bonafide
wav2vec2bert,antes,2.9207,-34.9973,pl,bonafide
wav2vec2bert,antes,-6.8880,-21.4795,pl,bonafide
wav2vec2bert,antes,-21.7839,-15.0400,pl,bonafide
wav2vec2bert,antes,3.6577,-29.7911,pl,bonafide
wav2vec2bert,antes,-22.8937,-9.2700,pl,bonafide
wav2vec2bert,antes,-26.9066,-10.4618,pl,bonafide
wav2vec2bert,antes,-23.1237,-10.1634,pl,bonafide
wav2vec2bert,antes,-25.7879,-18.5560,pl,bonafide
wav2vec2bert,antes,-18.2481,-13.6678,pl,bonafide
wav2vec2bert,antes,-19.3746,-11.3255,pl,bonafide
wav2vec2bert,antes,3.7176,-31.8832,pl,bonafide
wav2vec2bert,antes,5.2626,-29.7688,pl,bonafide
wav2vec2bert,antes,13.3643,-40.5337,pl,bonafide
wav2vec2bert,antes,-24.5869,-12.4645,pl,bonafide
wav2vec2bert,antes,-21.3534,-10.9165,pl,bonafide
wav2vec2bert,antes,4.7144,-28.3870,pl,bonafide
wav2vec2bert,antes,-7.4152,-20.7178,pl,bonafide
wav2vec2bert,antes,-28.5160,-15.1523,pl,bonafide
wav2vec2bert,antes,-22.6466,-12.3162,pl,bonafide
wav2vec2bert,antes,-15.6859,-10.9247,pl,bonafide
wav2vec2bert,antes,-21.9469,-5.3224,pl,bonafide
wav2vec2bert,antes,-28.1204,-18.1245,pl,bonafide
wav2vec2bert,antes,-2.5406,-26.2294,pl,bonafide
wav2vec2bert,antes,-17.8133,-7.9464,pl,spoof
wav2vec2bert,antes,-8.9328,-4.6620,pl,spoof
wav2vec2bert,antes,16.7723,20.0138,pl,spoof
wav2vec2bert,antes,-17.4493,-3.1021,pl,spoof
wav2vec2bert,antes,-13.0246,22.6202,pl,spoof
wav2vec2bert,antes,-22.2043,-2.4836,pl,spoof
wav2vec2bert,antes,-25.4292,41.8738,pl,spoof
wav2vec2bert,antes,-22.6485,20.5725,pl,spoof
wav2vec2bert,antes,-0.4582,-28.9263,pl,spoof
wav2vec2bert,antes,-26.8968,8.7995,pl,spoof
wav2vec2bert,antes,-16.0655,18.2870,pl,spoof
wav2vec2bert,antes,1.3236,-26.7274,pl,spoof
wav2vec2bert,antes,1.1765,-30.1444,pl,spoof
wav2vec2bert,antes,-15.1189,-6.8725,pl,spoof
wav2vec2bert,antes,2.8181,-31.8935,pl,spoof
wav2vec2bert,antes,26.8530,9.3370,pl,spoof
wav2vec2bert,antes,26.1498,-1.2391,pl,spoof
wav2vec2bert,antes,-21.9374,-14.2003,pl,spoof
wav2vec2bert,antes,8.8736,-25.7018,pl,spoof
wav2vec2bert,antes,-22.9557,-6.8518,pl,spoof
wav2vec2bert,antes,-5.5542,-23.9125,pl,spoof
wav2vec2bert,antes,-8.7716,-6.0476,pl,spoof
wav2vec2bert,antes,-25.6554,4.9998,pl,spoof
wav2vec2bert,antes,-18.2931,-8.0233,pl,spoof
wav2vec2bert,antes,-8.3808,-6.5001,pl,spoof
wav2vec2bert,antes,-3.9058,-31.4252,pl,spoof
wav2vec2bert,antes,-14.2479,-19.6429,pl,spoof
wav2vec2bert,antes,2.5599,-33.7993,pl,spoof
wav2vec2bert,antes,-19.1746,-8.5582,pl,spoof
wav2vec2bert,antes,-25.0802,2.2287,pl,spoof
wav2vec2bert,antes,-1.3468,-28.1603,pl,spoof
wav2vec2bert,antes,23.6003,-1.4378,pl,spoof
wav2vec2bert,antes,7.7518,-30.6609,pl,spoof
wav2vec2bert,antes,4.9015,-26.0873,pl,spoof
wav2vec2bert,antes,-6.9309,-0.2382,pl,spoof
wav2vec2bert,antes,-6.0593,-21.2761,pl,spoof
wav2vec2bert,antes,-26.0412,-8.0039,pl,spoof
wav2vec2bert,antes,1.9238,-32.9507,pl,spoof
wav2vec2bert,antes,-32.5762,36.5795,pl,spoof
wav2vec2bert,antes,-7.1730,-30.0624,pl,spoof
wav2vec2bert,antes,-20.0264,-2.6083,pl,spoof
wav2vec2bert,antes,-31.3790,37.2897,pl,spoof
wav2vec2bert,antes,-24.5519,6.7889,pl,spoof
wav2vec2bert,antes,-0.4398,-25.2206,pl,spoof
wav2vec2bert,antes,-3.1279,-34.1299,pl,spoof
wav2vec2bert,antes,23.0676,14.0183,pl,spoof
wav2vec2bert,antes,-7.9762,-6.5417,pl,spoof
wav2vec2bert,antes,-20.6075,-3.1052,pl,spoof
wav2vec2bert,antes,-0.3465,-30.1761,pl,spoof
wav2vec2bert,antes,-40.1554,10.9983,pl,spoof
wav2vec2bert,antes,-0.2574,-24.9653,pl,spoof
wav2vec2bert,antes,-10.2876,13.7670,pl,spoof
wav2vec2bert,antes,-16.6005,-3.1714,pl,spoof
wav2vec2bert,antes,-18.6030,-1.3408,pl,spoof
wav2vec2bert,antes,25.9619,-8.3322,pl,spoof
wav2vec2bert,antes,-29.9637,22.8234,pl,spoof
wav2vec2bert,antes,-26.3478,19.9498,pl,spoof
wav2vec2bert,antes,-20.0408,-6.1109,pl,spoof
wav2vec2bert,antes,-9.1023,-10.8613,pl,spoof
wav2vec2bert,antes,-23.3192,1.0783,pl,spoof
wav2vec2bert,antes,10.1320,-30.6790,pl,spoof
wav2vec2bert,antes,-3.3152,-29.4457,pl,spoof
wav2vec2bert,antes,-23.6391,0.7293,pl,spoof
wav2vec2bert,antes,15.8831,13.3959,pl,spoof
wav2vec2bert,antes,-2.0015,-27.9840,pl,spoof
wav2vec2bert,antes,1.3279,-10.0545,pl,spoof
wav2vec2bert,antes,-8.5779,-5.8452,pl,spoof
wav2vec2bert,antes,-46.4693,-10.1574,pl,spoof
wav2vec2bert,antes,-0.8662,-24.9859,pl,spoof
wav2vec2bert,antes,-3.4457,-29.3972,pl,spoof
wav2vec2bert,antes,-7.0194,-22.2914,pl,spoof
wav2vec2bert,antes,-14.0631,19.2924,pl,spoof
wav2vec2bert,antes,-24.9227,-11.7906,pl,spoof
wav2vec2bert,antes,-19.6216,-16.0947,pl,spoof
wav2vec2bert,antes,-24.0335,2.1451,pl,spoof
wav2vec2bert,antes,-24.8237,3.3657,pl,spoof
wav2vec2bert,antes,37.7738,2.6117,pl,spoof
wav2vec2bert,antes,-31.6346,37.2551,pl,spoof
wav2vec2bert,antes,-7.8714,0.0427,pl,spoof
wav2vec2bert,antes,8.7856,-29.1950,pl,spoof
wav2vec2bert,antes,-21.1968,-3.0456,pl,spoof
wav2vec2bert,antes,-25.2997,-10.6228,pl,spoof
wav2vec2bert,antes,9.2552,-36.5189,pl,spoof
wav2vec2bert,antes,-19.2266,-9.0270,pl,spoof
wav2vec2bert,antes,-1.0983,-31.5495,pl,spoof
wav2vec2bert,antes,-16.7884,15.7198,pl,spoof
wav2vec2bert,antes,-17.5204,26.6552,pl,spoof
wav2vec2bert,antes,17.7243,11.5260,pl,spoof
wav2vec2bert,antes,27.8461,-13.8394,pl,spoof
wav2vec2bert,antes,-10.0300,-4.6696,pl,spoof
wav2vec2bert,antes,2.0101,-27.4048,pl,spoof
wav2vec2bert,antes,-23.4422,0.7977,pl,spoof
wav2vec2bert,antes,-2.0426,-27.2281,pl,spoof
wav2vec2bert,antes,-14.6405,18.9086,pl,spoof
wav2vec2bert,antes,-32.5850,36.6597,pl,spoof
wav2vec2bert,antes,-14.4676,-6.0867,pl,spoof
wav2vec2bert,antes,-20.4588,-2.7401,pl,spoof
wav2vec2bert,antes,-2.7510,-35.2133,pl,spoof
wav2vec2bert,antes,-11.4158,20.1688,pl,spoof
wav2vec2bert,antes,-9.6104,-5.4975,pl,spoof
wav2vec2bert,antes,2.0695,-27.2851,pl,spoof
wav2vec2bert,antes,-23.0813,2.1873,pl,spoof
wav2vec2bert,antes,-18.1595,-14.2358,pl,spoof
wav2vec2bert,antes,5.6291,16.3364,pl,spoof
wav2vec2bert,antes,-23.5275,2.2937,pl,spoof
wav2vec2bert,antes,23.4765,5.5520,pl,spoof
wav2vec2bert,antes,19.9776,-4.2805,pl,spoof
wav2vec2bert,antes,-1.9030,-33.0838,pl,spoof
wav2vec2bert,antes,-27.2616,8.7799,pl,spoof
wav2vec2bert,antes,-19.5276,-6.1967,pl,spoof
wav2vec2bert,antes,-33.3841,36.5734,pl,spoof
wav2vec2bert,antes,27.6445,4.0395,pl,spoof
wav2vec2bert,antes,-1.3910,-26.1673,pl,spoof
wav2vec2bert,antes,28.7019,5.6568,pl,spoof
wav2vec2bert,antes,-9.0649,-4.6841,pl,spoof
wav2vec2bert,antes,-16.2598,-0.0045,pl,spoof
wav2vec2bert,antes,-23.2683,-1.5062,pl,spoof
wav2vec2bert,antes,-17.7757,-15.8565,pl,spoof
wav2vec2bert,antes,6.3880,-29.2447,pl,spoof
wav2vec2bert,antes,-25.6281,-10.4262,pl,spoof
wav2vec2bert,antes,-24.5404,3.0719,pl,spoof
wav2vec2bert,antes,-9.6338,-6.3347,pl,spoof
wav2vec2bert,antes,-0.3359,-25.6163,pl,spoof
wav2vec2bert,antes,-7.8622,-19.9446,pl,spoof
wav2vec2bert,antes,1.0966,-34.6492,pl,spoof
wav2vec2bert,antes,1.2124,-34.5765,pl,spoof
wav2vec2bert,antes,20.3382,9.3878,pl,spoof
wav2vec2bert,antes,-19.9601,-12.9673,pl,spoof
wav2vec2bert,antes,1.2151,-34.5085,pl,spoof
wav2vec2bert,antes,-21.5693,-14.6053,pl,spoof
wav2vec2bert,antes,-25.1371,3.1634,pl,spoof
wav2vec2bert,antes,-45.6722,-13.0980,pl,spoof
wav2vec2bert,antes,-16.5943,15.6128,pl,spoof
wav2vec2bert,antes,-23.3364,2.3126,pl,spoof
wav2vec2bert,antes,-1.8938,18.0127,pl,spoof
wav2vec2bert,antes,-9.2203,-2.7322,pl,spoof
wav2vec2bert,antes,-6.7293,-0.2290,pl,spoof
wav2vec2bert,antes,20.8110,4.2863,pl,spoof
wav2vec2bert,antes,-0.5374,-32.0600,pl,spoof
wav2vec2bert,antes,-9.5530,-4.5993,pl,spoof
wav2vec2bert,antes,-5.2784,-0.5063,pl,spoof
wav2vec2bert,antes,-5.8198,-0.1939,pl,spoof
wav2vec2bert,antes,-24.3588,1.0802,pl,spoof
wav2vec2bert,antes,-29.6564,18.5834,pl,spoof
wav2vec2bert,antes,-27.0546,-16.2551,pl,spoof
wav2vec2bert,antes,3.1545,-28.3485,pl,spoof
wav2vec2bert,antes,2.2031,-11.5718,pl,spoof
wav2vec2bert,antes,-23.4525,-11.4339,pl,spoof
wav2vec2bert,antes,-26.0595,2.9953,pl,spoof
wav2vec2bert,antes,-17.0614,-3.1606,pl,spoof
wav2vec2bert,antes,-24.0620,30.0476,ru,bonafide
wav2vec2bert,antes,-23.2259,37.5850,ru,bonafide
wav2vec2bert,antes,-26.1387,34.4688,ru,bonafide
wav2vec2bert,antes,-22.8218,41.5051,ru,bonafide
wav2vec2bert,antes,-27.6717,2.3237,ru,bonafide
wav2vec2bert,antes,-18.0093,22.8630,ru,bonafide
wav2vec2bert,antes,-20.2328,37.0335,ru,bonafide
wav2vec2bert,antes,-17.3490,37.4879,ru,bonafide
wav2vec2bert,antes,-25.8763,36.1695,ru,bonafide
wav2vec2bert,antes,7.8401,-40.0833,ru,bonafide
wav2vec2bert,antes,-32.0597,3.7740,ru,bonafide
wav2vec2bert,antes,-18.3805,23.6556,ru,bonafide
wav2vec2bert,antes,-18.7484,36.1638,ru,bonafide
wav2vec2bert,antes,-18.9157,38.9378,ru,bonafide
wav2vec2bert,antes,-23.6145,36.4093,ru,bonafide
wav2vec2bert,antes,-18.8862,36.6135,ru,bonafide
wav2vec2bert,antes,-25.0327,38.1428,ru,bonafide
wav2vec2bert,antes,-22.3597,25.2298,ru,bonafide
wav2vec2bert,antes,2.0101,-20.5132,ru,bonafide
wav2vec2bert,antes,-12.7457,35.8568,ru,bonafide
wav2vec2bert,antes,-27.9741,35.0123,ru,bonafide
wav2vec2bert,antes,-23.9332,35.4837,ru,bonafide
wav2vec2bert,antes,4.3604,-18.1479,ru,bonafide
wav2vec2bert,antes,-24.3653,21.6022,ru,bonafide
wav2vec2bert,antes,-23.0587,38.7370,ru,bonafide
wav2vec2bert,antes,42.2342,-20.4935,ru,bonafide
wav2vec2bert,antes,5.9312,-20.0304,ru,bonafide
wav2vec2bert,antes,-15.2600,36.0133,ru,bonafide
wav2vec2bert,antes,-24.8482,32.0143,ru,bonafide
wav2vec2bert,antes,-24.8264,39.5946,ru,bonafide
wav2vec2bert,antes,-16.5869,34.2050,ru,bonafide
wav2vec2bert,antes,-19.8710,34.8866,ru,bonafide
wav2vec2bert,antes,3.8342,-14.5059,ru,bonafide
wav2vec2bert,antes,-45.5279,13.1767,ru,bonafide
wav2vec2bert,antes,4.1546,-20.1428,ru,bonafide
wav2vec2bert,antes,-22.3227,35.3640,ru,bonafide
wav2vec2bert,antes,-17.9784,22.2478,ru,bonafide
wav2vec2bert,antes,-12.4374,38.4377,ru,bonafide
wav2vec2bert,antes,-28.8281,38.6995,ru,bonafide
wav2vec2bert,antes,-35.2062,13.9711,ru,bonafide
wav2vec2bert,antes,0.4209,-15.2295,ru,bonafide
wav2vec2bert,antes,4.4648,-20.1516,ru,bonafide
wav2vec2bert,antes,-21.3371,33.1981,ru,bonafide
wav2vec2bert,antes,-2.2168,-9.9159,ru,bonafide
wav2vec2bert,antes,-45.1986,12.5532,ru,bonafide
wav2vec2bert,antes,-16.3987,34.6974,ru,bonafide
wav2vec2bert,antes,3.6412,-15.7540,ru,bonafide
wav2vec2bert,antes,35.8252,-15.6273,ru,bonafide
wav2vec2bert,antes,-16.6511,22.6902,ru,bonafide
wav2vec2bert,antes,-17.6643,23.6857,ru,bonafide
wav2vec2bert,antes,-17.9046,22.5888,ru,bonafide
wav2vec2bert,antes,-18.7510,23.2783,ru,bonafide
wav2vec2bert,antes,-21.9231,35.8365,ru,bonafide
wav2vec2bert,antes,2.8120,-16.2561,ru,bonafide
wav2vec2bert,antes,-19.4488,19.8074,ru,bonafide
wav2vec2bert,antes,-17.5309,20.7889,ru,bonafide
wav2vec2bert,antes,-20.6956,35.6147,ru,bonafide
wav2vec2bert,antes,1.6525,-16.6258,ru,bonafide
wav2vec2bert,antes,-25.3206,38.3086,ru,bonafide
wav2vec2bert,antes,-16.4336,22.2538,ru,bonafide
wav2vec2bert,antes,-34.0079,11.7685,ru,bonafide
wav2vec2bert,antes,-16.4299,30.2957,ru,bonafide
wav2vec2bert,antes,2.4363,-14.5162,ru,bonafide
wav2vec2bert,antes,-16.7600,25.1913,ru,bonafide
wav2vec2bert,antes,8.8999,-40.6166,ru,bonafide
wav2vec2bert,antes,-26.3112,39.7833,ru,bonafide
wav2vec2bert,antes,-22.7171,23.4421,ru,bonafide
wav2vec2bert,antes,-24.9257,38.9030,ru,bonafide
wav2vec2bert,antes,-17.3301,34.6442,ru,bonafide
wav2vec2bert,antes,6.1845,-18.0193,ru,bonafide
wav2vec2bert,antes,-22.5851,23.1369,ru,bonafide
wav2vec2bert,antes,-23.2555,32.7213,ru,bonafide
wav2vec2bert,antes,-26.2210,38.5544,ru,bonafide
wav2vec2bert,antes,7.5776,-39.9878,ru,bonafide
wav2vec2bert,antes,35.8409,-15.0211,ru,bonafide
wav2vec2bert,antes,3.5684,-14.6225,ru,bonafide
wav2vec2bert,antes,-15.1210,33.7691,ru,bonafide
wav2vec2bert,antes,-23.8718,33.3551,ru,bonafide
wav2vec2bert,antes,-19.2661,34.9910,ru,bonafide
wav2vec2bert,antes,-17.3618,26.4099,ru,bonafide
wav2vec2bert,antes,-15.7123,37.7298,ru,bonafide
wav2vec2bert,antes,-16.9743,36.4810,ru,bonafide
wav2vec2bert,antes,-35.1767,23.3281,ru,bonafide
wav2vec2bert,antes,-45.2792,12.5166,ru,bonafide
wav2vec2bert,antes,-22.7486,22.8793,ru,bonafide
wav2vec2bert,antes,5.2355,11.7066,ru,bonafide
wav2vec2bert,antes,-20.0456,20.9800,ru,bonafide
wav2vec2bert,antes,6.1552,-22.5908,ru,bonafide
wav2vec2bert,antes,-10.0109,-21.8105,ru,bonafide
wav2vec2bert,antes,-18.9160,21.5242,ru,bonafide
wav2vec2bert,antes,3.4683,-13.1009,ru,bonafide
wav2vec2bert,antes,3.0376,-17.2089,ru,bonafide
wav2vec2bert,antes,-20.4699,20.0222,ru,bonafide
wav2vec2bert,antes,1.0623,-17.6796,ru,bonafide
wav2vec2bert,antes,-19.2824,37.7278,ru,bonafide
wav2vec2bert,antes,2.1483,-16.9175,ru,bonafide
wav2vec2bert,antes,-19.7058,31.4447,ru,bonafide
wav2vec2bert,antes,-35.1189,14.0546,ru,bonafide
wav2vec2bert,antes,-5.7297,-5.7771,ru,bonafide
wav2vec2bert,antes,-0.1424,-15.6486,ru,bonafide
wav2vec2bert,antes,-16.9950,28.3257,ru,bonafide
wav2vec2bert,antes,0.5296,-16.2403,ru,bonafide
wav2vec2bert,antes,-12.3688,30.8085,ru,bonafide
wav2vec2bert,antes,-24.9836,-19.5600,ru,bonafide
wav2vec2bert,antes,-16.2549,41.1578,ru,bonafide
wav2vec2bert,antes,4.2177,-23.4032,ru,bonafide
wav2vec2bert,antes,-20.3387,35.1474,ru,bonafide
wav2vec2bert,antes,-23.3491,40.5550,ru,bonafide
wav2vec2bert,antes,-31.6340,7.2801,ru,bonafide
wav2vec2bert,antes,-24.3819,33.1323,ru,bonafide
wav2vec2bert,antes,6.5026,-22.8679,ru,bonafide
wav2vec2bert,antes,-22.6725,35.3008,ru,bonafide
wav2vec2bert,antes,-20.4313,22.0760,ru,bonafide
wav2vec2bert,antes,-14.5846,6.4281,ru,bonafide
wav2vec2bert,antes,-27.3438,34.2569,ru,bonafide
wav2vec2bert,antes,1.3819,-14.9900,ru,bonafide
wav2vec2bert,antes,-20.9751,25.2647,ru,bonafide
wav2vec2bert,antes,-20.3474,26.5755,ru,bonafide
wav2vec2bert,antes,2.6746,-15.8509,ru,bonafide
wav2vec2bert,antes,1.3888,-15.7147,ru,bonafide
wav2vec2bert,antes,-26.0335,36.0771,ru,bonafide
wav2vec2bert,antes,8.8213,10.3130,ru,bonafide
wav2vec2bert,antes,34.9004,2.4170,ru,bonafide
wav2vec2bert,antes,-21.4539,33.9212,ru,bonafide
wav2vec2bert,antes,4.1421,-17.8827,ru,bonafide
wav2vec2bert,antes,-23.6162,36.5461,ru,bonafide
wav2vec2bert,antes,-13.2425,34.7730,ru,bonafide
wav2vec2bert,antes,1.6880,-20.5624,ru,bonafide
wav2vec2bert,antes,5.8823,-20.1469,ru,bonafide
wav2vec2bert,antes,-16.7048,35.5632,ru,bonafide
wav2vec2bert,antes,-18.7425,41.1021,ru,bonafide
wav2vec2bert,antes,-17.3200,20.0873,ru,bonafide
wav2vec2bert,antes,-21.2952,23.1979,ru,bonafide
wav2vec2bert,antes,-11.8968,-21.1022,ru,bonafide
wav2vec2bert,antes,-23.8358,34.4938,ru,bonafide
wav2vec2bert,antes,-17.6346,20.9008,ru,bonafide
wav2vec2bert,antes,-19.3011,40.3922,ru,bonafide
wav2vec2bert,antes,1.3090,-16.0139,ru,bonafide
wav2vec2bert,antes,-22.7626,41.3982,ru,bonafide
wav2vec2bert,antes,-16.0709,41.7162,ru,bonafide
wav2vec2bert,antes,-19.9081,21.6246,ru,bonafide
wav2vec2bert,antes,-19.7461,20.8698,ru,bonafide
wav2vec2bert,antes,2.3777,-15.3717,ru,bonafide
wav2vec2bert,antes,-12.4755,37.5984,ru,bonafide
wav2vec2bert,antes,3.7513,-20.7167,ru,bonafide
wav2vec2bert,antes,-22.3933,21.8158,ru,bonafide
wav2vec2bert,antes,6.5979,-20.6890,ru,bonafide
wav2vec2bert,antes,0.2582,-18.0135,ru,bonafide
wav2vec2bert,antes,-45.6998,13.6294,ru,bonafide
wav2vec2bert,antes,-19.0448,39.4278,ru,bonafide
wav2vec2bert,antes,-22.7795,32.2804,ru,spoof
wav2vec2bert,antes,-20.3881,26.7082,ru,spoof
wav2vec2bert,antes,-24.9690,37.3088,ru,spoof
wav2vec2bert,antes,-21.4547,21.6680,ru,spoof
wav2vec2bert,antes,-13.0345,30.6563,ru,spoof
wav2vec2bert,antes,-23.3486,33.1414,ru,spoof
wav2vec2bert,antes,-23.7834,32.3818,ru,spoof
wav2vec2bert,antes,-40.3152,30.9434,ru,spoof
wav2vec2bert,antes,-25.8771,36.8604,ru,spoof
wav2vec2bert,antes,1.7949,-8.1646,ru,spoof
wav2vec2bert,antes,-7.9340,-7.6870,ru,spoof
wav2vec2bert,antes,3.6395,-17.0978,ru,spoof
wav2vec2bert,antes,-19.6267,33.7868,ru,spoof
wav2vec2bert,antes,-25.7076,35.3153,ru,spoof
wav2vec2bert,antes,5.4280,-16.5754,ru,spoof
wav2vec2bert,antes,4.3839,-15.7879,ru,spoof
wav2vec2bert,antes,27.0031,9.2138,ru,spoof
wav2vec2bert,antes,-40.2151,28.2367,ru,spoof
wav2vec2bert,antes,-23.3054,38.0591,ru,spoof
wav2vec2bert,antes,-41.1236,32.3813,ru,spoof
wav2vec2bert,antes,-41.4648,31.3389,ru,spoof
wav2vec2bert,antes,-15.4470,34.7126,ru,spoof
wav2vec2bert,antes,-18.9244,33.3554,ru,spoof
wav2vec2bert,antes,-11.9127,6.0390,ru,spoof
wav2vec2bert,antes,-28.6432,33.7620,ru,spoof
wav2vec2bert,antes,-10.8914,19.2338,ru,spoof
wav2vec2bert,antes,-16.7307,40.2552,ru,spoof
wav2vec2bert,antes,-23.2045,23.9926,ru,spoof
wav2vec2bert,antes,-41.1455,28.6472,ru,spoof
wav2vec2bert,antes,16.2470,21.9084,ru,spoof
wav2vec2bert,antes,-12.4867,34.4318,ru,spoof
wav2vec2bert,antes,-39.2909,30.2524,ru,spoof
wav2vec2bert,antes,-41.5916,32.3277,ru,spoof
wav2vec2bert,antes,-10.6887,35.0771,ru,spoof
wav2vec2bert,antes,-19.5398,23.7044,ru,spoof
wav2vec2bert,antes,-25.9595,30.2179,ru,spoof
wav2vec2bert,antes,4.5854,-14.5204,ru,spoof
wav2vec2bert,antes,-24.8980,34.7252,ru,spoof
wav2vec2bert,antes,24.8169,0.8524,ru,spoof
wav2vec2bert,antes,-14.8432,24.7471,ru,spoof
wav2vec2bert,antes,-41.1282,-7.1258,ru,spoof
wav2vec2bert,antes,13.5378,21.5267,ru,spoof
wav2vec2bert,antes,2.5985,-22.1942,ru,spoof
wav2vec2bert,antes,16.3522,-3.3561,ru,spoof
wav2vec2bert,antes,9.8706,14.5692,ru,spoof
wav2vec2bert,antes,20.0546,22.0868,ru,spoof
wav2vec2bert,antes,-0.2178,-11.4644,ru,spoof
wav2vec2bert,antes,-40.1658,28.5569,ru,spoof
wav2vec2bert,antes,-21.0434,32.6635,ru,spoof
wav2vec2bert,antes,-23.5571,31.7627,ru,spoof
wav2vec2bert,antes,-21.4766,23.8883,ru,spoof
wav2vec2bert,antes,-19.2298,24.6935,ru,spoof
wav2vec2bert,antes,15.1862,27.2213,ru,spoof
wav2vec2bert,antes,-22.1972,31.1473,ru,spoof
wav2vec2bert,antes,1.6570,-10.2739,ru,spoof
wav2vec2bert,antes,-17.2625,36.0213,ru,spoof
wav2vec2bert,antes,-4.6355,-0.7848,ru,spoof
wav2vec2bert,antes,12.4501,13.0506,ru,spoof
wav2vec2bert,antes,-19.3779,33.3058,ru,spoof
wav2vec2bert,antes,0.0357,-14.9004,ru,spoof
wav2vec2bert,antes,-17.5325,32.8560,ru,spoof
wav2vec2bert,antes,3.2230,-18.7641,ru,spoof
wav2vec2bert,antes,-40.7850,29.9743,ru,spoof
wav2vec2bert,antes,-13.8232,35.0605,ru,spoof
wav2vec2bert,antes,-29.8725,9.1684,ru,spoof
wav2vec2bert,antes,-20.9641,38.9162,ru,spoof
wav2vec2bert,antes,-41.0084,30.1544,ru,spoof
wav2vec2bert,antes,3.0189,-12.1327,ru,spoof
wav2vec2bert,antes,6.2916,-14.6893,ru,spoof
wav2vec2bert,antes,4.7485,-11.2599,ru,spoof
wav2vec2bert,antes,-27.5520,32.3792,ru,spoof
wav2vec2bert,antes,30.2407,4.2328,ru,spoof
wav2vec2bert,antes,-25.6974,33.8991,ru,spoof
wav2vec2bert,antes,-42.1240,27.4943,ru,spoof
wav2vec2bert,antes,-41.7383,30.3175,ru,spoof
wav2vec2bert,antes,-24.7698,23.5343,ru,spoof
wav2vec2bert,antes,-40.9514,29.6542,ru,spoof
wav2vec2bert,antes,-18.5226,33.6515,ru,spoof
wav2vec2bert,antes,-14.3028,24.4798,ru,spoof
wav2vec2bert,antes,-27.0030,40.2141,ru,spoof
wav2vec2bert,antes,-27.9157,33.5530,ru,spoof
wav2vec2bert,antes,-0.0762,-12.9483,ru,spoof
wav2vec2bert,antes,-10.6807,35.0491,ru,spoof
wav2vec2bert,antes,-15.7887,20.9409,ru,spoof
wav2vec2bert,antes,-15.6124,24.0351,ru,spoof
wav2vec2bert,antes,30.2286,14.1163,ru,spoof
wav2vec2bert,antes,30.6980,4.8174,ru,spoof
wav2vec2bert,antes,-18.3151,35.1110,ru,spoof
wav2vec2bert,antes,2.9914,-15.9902,ru,spoof
wav2vec2bert,antes,-14.5820,24.7997,ru,spoof
wav2vec2bert,antes,-14.9362,30.8231,ru,spoof
wav2vec2bert,antes,-14.7231,22.9076,ru,spoof
wav2vec2bert,antes,-12.9229,34.2155,ru,spoof
wav2vec2bert,antes,33.8053,19.7332,ru,spoof
wav2vec2bert,antes,-16.5115,23.8323,ru,spoof
wav2vec2bert,antes,-25.3188,40.0403,ru,spoof
wav2vec2bert,antes,1.5918,-12.1359,ru,spoof
wav2vec2bert,antes,-37.2727,14.4383,ru,spoof
wav2vec2bert,antes,-31.1572,31.4421,ru,spoof
wav2vec2bert,antes,-40.8068,30.5536,ru,spoof
wav2vec2bert,antes,-14.8348,30.8563,ru,spoof
wav2vec2bert,antes,29.6078,4.6248,ru,spoof
wav2vec2bert,antes,33.5784,1.3709,ru,spoof
wav2vec2bert,antes,-11.9720,34.1806,ru,spoof
wav2vec2bert,antes,3.4946,20.2483,ru,spoof
wav2vec2bert,antes,25.0555,0.5694,ru,spoof
wav2vec2bert,antes,-40.3107,27.7043,ru,spoof
wav2vec2bert,antes,-42.2103,30.1972,ru,spoof
wav2vec2bert,antes,-15.5023,37.8997,ru,spoof
wav2vec2bert,antes,-15.4423,21.2299,ru,spoof
wav2vec2bert,antes,-26.5662,36.5801,ru,spoof
wav2vec2bert,antes,-18.1750,31.2379,ru,spoof
wav2vec2bert,antes,-48.4940,-8.8994,ru,spoof
wav2vec2bert,antes,29.9246,5.1763,ru,spoof
wav2vec2bert,antes,0.4925,-12.2936,ru,spoof
wav2vec2bert,antes,-41.9056,31.2994,ru,spoof
wav2vec2bert,antes,-30.1403,28.1680,ru,spoof
wav2vec2bert,antes,10.6870,13.2674,ru,spoof
wav2vec2bert,antes,3.1535,-15.0180,ru,spoof
wav2vec2bert,antes,-40.8249,31.5130,ru,spoof
wav2vec2bert,antes,-7.5499,-13.8581,ru,spoof
wav2vec2bert,antes,2.3623,-18.0992,ru,spoof
wav2vec2bert,antes,5.0990,-20.9161,ru,spoof
wav2vec2bert,antes,-21.7702,36.6402,ru,spoof
wav2vec2bert,antes,-7.5811,-13.2149,ru,spoof
wav2vec2bert,antes,30.3246,5.2973,ru,spoof
wav2vec2bert,antes,-16.6798,32.5561,ru,spoof
wav2vec2bert,antes,30.5384,3.4598,ru,spoof
wav2vec2bert,antes,0.4608,-12.1826,ru,spoof
wav2vec2bert,antes,32.2193,-11.1018,ru,spoof
wav2vec2bert,antes,-21.9252,37.3099,ru,spoof
wav2vec2bert,antes,-28.4500,33.8720,ru,spoof
wav2vec2bert,antes,-18.0392,24.8488,ru,spoof
wav2vec2bert,antes,20.1356,21.7977,ru,spoof
wav2vec2bert,antes,13.0874,20.9047,ru,spoof
wav2vec2bert,antes,-18.3456,25.8271,ru,spoof
wav2vec2bert,antes,15.6581,26.7835,ru,spoof
wav2vec2bert,antes,5.1760,-15.4609,ru,spoof
wav2vec2bert,antes,-40.5503,30.4295,ru,spoof
wav2vec2bert,antes,38.7811,19.8974,ru,spoof
wav2vec2bert,antes,-36.2664,12.3251,ru,spoof
wav2vec2bert,antes,-30.9171,15.8501,ru,spoof
wav2vec2bert,antes,40.8957,-20.7476,ru,spoof
wav2vec2bert,antes,-32.8879,29.0201,ru,spoof
wav2vec2bert,antes,-21.6928,34.9769,ru,spoof
wav2vec2bert,antes,-42.1686,27.5013,ru,spoof
wav2vec2bert,antes,0.1598,-22.3392,ru,spoof
wav2vec2bert,antes,-20.9092,29.6826,ru,spoof
wav2vec2bert,antes,30.2109,4.4284,ru,spoof
wav2vec2bert,antes,-22.1056,30.8355,ru,spoof
wav2vec2bert,despues,15.5731,-27.9386,de,bonafide
wav2vec2bert,despues,15.1172,4.3577,de,bonafide
wav2vec2bert,despues,15.4918,-31.4565,de,bonafide
wav2vec2bert,despues,15.8745,-16.2027,de,bonafide
wav2vec2bert,despues,34.9236,-19.4164,de,bonafide
wav2vec2bert,despues,-8.5960,25.0998,de,bonafide
wav2vec2bert,despues,11.1483,-38.2064,de,bonafide
wav2vec2bert,despues,-0.3012,0.0724,de,bonafide
wav2vec2bert,despues,22.6385,-28.8537,de,bonafide
wav2vec2bert,despues,0.2687,0.2511,de,bonafide
wav2vec2bert,despues,16.1614,-23.8179,de,bonafide
wav2vec2bert,despues,16.4499,-17.3802,de,bonafide
wav2vec2bert,despues,22.2781,-28.1837,de,bonafide
wav2vec2bert,despues,14.8846,-8.3786,de,bonafide
wav2vec2bert,despues,24.9878,-12.7774,de,bonafide
wav2vec2bert,despues,17.7596,-18.3503,de,bonafide
wav2vec2bert,despues,-25.0740,-16.6037,de,bonafide
wav2vec2bert,despues,20.3961,-26.4481,de,bonafide
wav2vec2bert,despues,15.2422,-22.5411,de,bonafide
wav2vec2bert,despues,11.4747,-38.2891,de,bonafide
wav2vec2bert,despues,-3.4305,1.9065,de,bonafide
wav2vec2bert,despues,18.5237,-15.4834,de,bonafide
wav2vec2bert,despues,21.7355,-27.9871,de,bonafide
wav2vec2bert,despues,18.1554,-25.4729,de,bonafide
wav2vec2bert,despues,24.1030,-25.3953,de,bonafide
wav2vec2bert,despues,-21.8136,3.3258,de,bonafide
wav2vec2bert,despues,20.7453,-25.9112,de,bonafide
wav2vec2bert,despues,34.7928,-10.6178,de,bonafide
wav2vec2bert,despues,16.2490,-25.3533,de,bonafide
wav2vec2bert,despues,3.0807,4.4857,de,bonafide
wav2vec2bert,despues,15.9677,-15.9457,de,bonafide
wav2vec2bert,despues,6.8802,-17.5093,de,bonafide
wav2vec2bert,despues,20.6617,-10.1142,de,bonafide
wav2vec2bert,despues,17.4460,-16.9598,de,bonafide
wav2vec2bert,despues,15.8806,-28.1186,de,bonafide
wav2vec2bert,despues,24.6838,-29.2657,de,bonafide
wav2vec2bert,despues,-18.1017,-11.1977,de,bonafide
wav2vec2bert,despues,-14.5042,-13.5630,de,bonafide
wav2vec2bert,despues,13.1667,-28.1878,de,bonafide
wav2vec2bert,despues,5.6788,-15.7466,de,bonafide
wav2vec2bert,despues,14.5005,5.0221,de,bonafide
wav2vec2bert,despues,2.9244,-6.1460,de,bonafide
wav2vec2bert,despues,-18.8484,-17.5347,de,bonafide
wav2vec2bert,despues,33.0050,-28.9574,de,bonafide
wav2vec2bert,despues,18.6182,-25.4956,de,bonafide
wav2vec2bert,despues,8.7665,21.8318,de,bonafide
wav2vec2bert,despues,28.9491,-2.0166,de,bonafide
wav2vec2bert,despues,-26.7931,-13.8319,de,bonafide
wav2vec2bert,despues,17.3438,-0.6775,de,bonafide
wav2vec2bert,despues,12.0045,1.0028,de,bonafide
wav2vec2bert,despues,8.4709,6.0121,de,bonafide
wav2vec2bert,despues,36.5331,-24.2254,de,bonafide
wav2vec2bert,despues,-18.1151,-18.1951,de,bonafide
wav2vec2bert,despues,17.5248,-14.8086,de,bonafide
wav2vec2bert,despues,15.4392,-24.4609,de,bonafide
wav2vec2bert,despues,2.1390,4.7389,de,bonafide
wav2vec2bert,despues,28.4986,12.2652,de,bonafide
wav2vec2bert,despues,16.4184,0.0758,de,bonafide
wav2vec2bert,despues,-24.7757,-16.6329,de,bonafide
wav2vec2bert,despues,7.1317,-17.8533,de,bonafide
wav2vec2bert,despues,15.2888,-27.0850,de,bonafide
wav2vec2bert,despues,19.7574,-17.3720,de,bonafide
wav2vec2bert,despues,-32.8699,-9.7436,de,bonafide
wav2vec2bert,despues,-18.7359,-17.7852,de,bonafide
wav2vec2bert,despues,20.5095,10.5804,de,bonafide
wav2vec2bert,despues,6.3918,-16.8374,de,bonafide
wav2vec2bert,despues,21.5117,-26.1759,de,bonafide
wav2vec2bert,despues,14.6441,-16.6672,de,bonafide
wav2vec2bert,despues,20.4025,-11.4952,de,bonafide
wav2vec2bert,despues,15.8908,-31.1249,de,bonafide
wav2vec2bert,despues,22.3782,-6.9468,de,bonafide
wav2vec2bert,despues,7.4720,-18.2139,de,bonafide
wav2vec2bert,despues,11.7362,0.9807,de,bonafide
wav2vec2bert,despues,-33.6910,-11.5766,de,bonafide
wav2vec2bert,despues,0.2155,-0.1155,de,bonafide
wav2vec2bert,despues,-13.3490,32.8301,de,bonafide
wav2vec2bert,despues,2.7249,4.6414,de,bonafide
wav2vec2bert,despues,13.2592,1.6024,de,bonafide
wav2vec2bert,despues,21.8097,-6.2683,de,bonafide
wav2vec2bert,despues,-18.8840,-11.5099,de,bonafide
wav2vec2bert,despues,13.7465,-22.3234,de,bonafide
wav2vec2bert,despues,14.9429,-30.2985,de,bonafide
wav2vec2bert,despues,19.4284,-16.0276,de,bonafide
wav2vec2bert,despues,16.4992,-20.5106,de,bonafide
wav2vec2bert,despues,17.6281,-29.1226,de,bonafide
wav2vec2bert,despues,0.9101,4.0620,de,bonafide
wav2vec2bert,despues,16.9157,-28.4506,de,bonafide
wav2vec2bert,despues,-22.2106,5.1197,de,bonafide
wav2vec2bert,despues,-35.8563,-11.0781,de,bonafide
wav2vec2bert,despues,12.2682,-19.7233,de,bonafide
wav2vec2bert,despues,19.9461,-26.5528,de,bonafide
wav2vec2bert,despues,13.8711,-23.7699,de,bonafide
wav2vec2bert,despues,38.9627,16.3586,de,bonafide
wav2vec2bert,despues,12.8354,1.5241,de,bonafide
wav2vec2bert,despues,-16.6447,-11.5720,de,bonafide
wav2vec2bert,despues,15.9901,-15.9555,de,bonafide
wav2vec2bert,despues,5.2999,-18.8473,de,bonafide
wav2vec2bert,despues,16.0995,-21.9146,de,bonafide
wav2vec2bert,despues,17.2097,-0.8345,de,bonafide
wav2vec2bert,despues,-18.1875,-11.1492,de,bonafide
wav2vec2bert,despues,19.7451,-25.8587,de,bonafide
wav2vec2bert,despues,17.0659,-28.3013,de,bonafide
wav2vec2bert,despues,13.6469,0.0720,de,bonafide
wav2vec2bert,despues,16.0904,-23.5643,de,bonafide
wav2vec2bert,despues,12.6427,-19.6902,de,bonafide
wav2vec2bert,despues,-34.5587,-11.8583,de,bonafide
wav2vec2bert,despues,17.2724,-24.9116,de,bonafide
wav2vec2bert,despues,18.9740,-17.0827,de,bonafide
wav2vec2bert,despues,35.8244,-17.7117,de,bonafide
wav2vec2bert,despues,19.0105,-17.0663,de,bonafide
wav2vec2bert,despues,18.9998,-31.2369,de,bonafide
wav2vec2bert,despues,-2.9106,2.5519,de,bonafide
wav2vec2bert,despues,-23.9412,-10.3545,de,bonafide
wav2vec2bert,despues,14.7442,1.5317,de,bonafide
wav2vec2bert,despues,17.3505,-18.0180,de,bonafide
wav2vec2bert,despues,-39.3967,-7.0327,de,bonafide
wav2vec2bert,despues,5.7157,-15.7517,de,bonafide
wav2vec2bert,despues,-17.8216,-12.4441,de,bonafide
wav2vec2bert,despues,17.0854,-17.3654,de,bonafide
wav2vec2bert,despues,-32.3948,-13.1265,de,bonafide
wav2vec2bert,despues,-17.2722,-12.2482,de,bonafide
wav2vec2bert,despues,14.3847,-26.7354,de,bonafide
wav2vec2bert,despues,14.4176,-20.8967,de,bonafide
wav2vec2bert,despues,-24.6595,-6.6745,de,bonafide
wav2vec2bert,despues,13.8597,-23.4396,de,bonafide
wav2vec2bert,despues,-32.1231,-10.6698,de,bonafide
wav2vec2bert,despues,-21.5790,-10.5885,de,bonafide
wav2vec2bert,despues,19.7796,-27.6565,de,bonafide
wav2vec2bert,despues,16.8565,-25.8287,de,bonafide
wav2vec2bert,despues,2.4104,5.5828,de,bonafide
wav2vec2bert,despues,-21.7802,-9.2396,de,bonafide
wav2vec2bert,despues,12.5338,-18.6471,de,bonafide
wav2vec2bert,despues,-34.6704,-12.3174,de,bonafide
wav2vec2bert,despues,20.0668,-26.5780,de,bonafide
wav2vec2bert,despues,-35.7152,-6.6261,de,bonafide
wav2vec2bert,despues,16.3869,-6.7630,de,bonafide
wav2vec2bert,despues,15.3872,-0.8192,de,bonafide
wav2vec2bert,despues,12.8445,-25.6079,de,bonafide
wav2vec2bert,despues,-35.7769,-10.9571,de,bonafide
wav2vec2bert,despues,15.4193,-25.4834,de,bonafide
wav2vec2bert,despues,-18.7356,-17.7407,de,bonafide
wav2vec2bert,despues,17.1535,-17.5436,de,bonafide
wav2vec2bert,despues,46.0782,3.4178,de,bonafide
wav2vec2bert,despues,39.8410,-19.8213,de,bonafide
wav2vec2bert,despues,34.4772,-8.0846,de,bonafide
wav2vec2bert,despues,-35.9220,4.8050,de,bonafide
wav2vec2bert,despues,15.5125,-32.3061,de,bonafide
wav2vec2bert,despues,16.4758,-0.7828,de,bonafide
wav2vec2bert,despues,-14.2621,-15.1513,de,bonafide
wav2vec2bert,despues,10.3937,-19.6519,de,bonafide
wav2vec2bert,despues,-0.8778,2.1012,de,spoof
wav2vec2bert,despues,33.2267,-3.5734,de,spoof
wav2vec2bert,despues,21.7523,-29.5123,de,spoof
wav2vec2bert,despues,-21.5420,-6.9910,de,spoof
wav2vec2bert,despues,-6.5483,-25.3538,de,spoof
wav2vec2bert,despues,24.9690,-2.5994,de,spoof
wav2vec2bert,despues,14.7806,-32.5005,de,spoof
wav2vec2bert,despues,16.4732,-0.6293,de,spoof
wav2vec2bert,despues,-34.8503,15.0439,de,spoof
wav2vec2bert,despues,17.0581,3.1371,de,spoof
wav2vec2bert,despues,10.5893,-31.9943,de,spoof
wav2vec2bert,despues,35.1015,-7.2898,de,spoof
wav2vec2bert,despues,13.2471,-21.8404,de,spoof
wav2vec2bert,despues,12.1915,-21.9149,de,spoof
wav2vec2bert,despues,22.7856,2.2336,de,spoof
wav2vec2bert,despues,-20.6502,-9.6696,de,spoof
wav2vec2bert,despues,-21.1600,-8.9007,de,spoof
wav2vec2bert,despues,-20.1485,-7.4387,de,spoof
wav2vec2bert,despues,-18.6101,-7.6272,de,spoof
wav2vec2bert,despues,-35.0561,-12.9800,de,spoof
wav2vec2bert,despues,12.9025,-24.9257,de,spoof
wav2vec2bert,despues,25.0106,4.9580,de,spoof
wav2vec2bert,despues,-20.0497,-14.3167,de,spoof
wav2vec2bert,despues,18.0796,-23.5794,de,spoof
wav2vec2bert,despues,-0.5285,9.7685,de,spoof
wav2vec2bert,despues,-0.7227,2.0546,de,spoof
wav2vec2bert,despues,14.3015,-28.8175,de,spoof
wav2vec2bert,despues,21.5902,18.9314,de,spoof
wav2vec2bert,despues,21.9418,-26.8045,de,spoof
wav2vec2bert,despues,16.3999,-6.6852,de,spoof
wav2vec2bert,despues,-10.4248,-1.2295,de,spoof
wav2vec2bert,despues,-27.0548,-13.9590,de,spoof
wav2vec2bert,despues,24.2390,0.6615,de,spoof
wav2vec2bert,despues,12.6353,-19.3128,de,spoof
wav2vec2bert,despues,17.0917,3.1265,de,spoof
wav2vec2bert,despues,-9.8394,4.1218,de,spoof
wav2vec2bert,despues,-20.2980,-12.7866,de,spoof
wav2vec2bert,despues,28.1301,0.7322,de,spoof
wav2vec2bert,despues,13.4581,-23.5263,de,spoof
wav2vec2bert,despues,17.7968,-22.4525,de,spoof
wav2vec2bert,despues,32.6060,22.4830,de,spoof
wav2vec2bert,despues,12.1594,-21.5892,de,spoof
wav2vec2bert,despues,5.4614,15.8540,de,spoof
wav2vec2bert,despues,28.9357,-2.0260,de,spoof
wav2vec2bert,despues,12.7064,18.1759,de,spoof
wav2vec2bert,despues,-24.3100,-8.9992,de,spoof
wav2vec2bert,despues,22.9588,2.1783,de,spoof
wav2vec2bert,despues,-32.5765,0.0994,de,spoof
wav2vec2bert,despues,-19.8455,-8.6987,de,spoof
wav2vec2bert,despues,-8.7019,-9.7601,de,spoof
wav2vec2bert,despues,5.2530,-22.3087,de,spoof
wav2vec2bert,despues,-20.4135,-10.6568,de,spoof
wav2vec2bert,despues,8.8484,-21.4846,de,spoof
wav2vec2bert,despues,-20.3580,-7.3371,de,spoof
wav2vec2bert,despues,-27.9141,-6.0915,de,spoof
wav2vec2bert,despues,27.8070,5.9375,de,spoof
wav2vec2bert,despues,-27.7470,-2.4994,de,spoof
wav2vec2bert,despues,-25.3780,-8.4879,de,spoof
wav2vec2bert,despues,-22.6373,-14.4316,de,spoof
wav2vec2bert,despues,-18.3208,6.4963,de,spoof
wav2vec2bert,despues,24.4303,-3.6711,de,spoof
wav2vec2bert,despues,-19.5130,-28.3914,de,spoof
wav2vec2bert,despues,31.3083,-16.9656,de,spoof
wav2vec2bert,despues,12.6310,-1.8527,de,spoof
wav2vec2bert,despues,-22.0235,-4.1285,de,spoof
wav2vec2bert,despues,31.0233,10.4330,de,spoof
wav2vec2bert,despues,-13.2478,6.8065,de,spoof
wav2vec2bert,despues,-27.7841,-2.4741,de,spoof
wav2vec2bert,despues,46.1984,2.8640,de,spoof
wav2vec2bert,despues,25.2548,-1.1282,de,spoof
wav2vec2bert,despues,-20.8501,-8.4741,de,spoof
wav2vec2bert,despues,-39.3798,-14.4234,de,spoof
wav2vec2bert,despues,18.7894,-23.4775,de,spoof
wav2vec2bert,despues,-6.7928,-12.4838,de,spoof
wav2vec2bert,despues,-22.8466,-7.7795,de,spoof
wav2vec2bert,despues,12.2013,-23.6592,de,spoof
wav2vec2bert,despues,-20.3611,-11.7175,de,spoof
wav2vec2bert,despues,-10.5154,-0.7298,de,spoof
wav2vec2bert,despues,18.4759,-25.8958,de,spoof
wav2vec2bert,despues,-19.2423,1.9329,de,spoof
wav2vec2bert,despues,3.1655,20.7514,de,spoof
wav2vec2bert,despues,16.5056,-23.7551,de,spoof
wav2vec2bert,despues,26.6277,-3.7613,de,spoof
wav2vec2bert,despues,13.3365,-20.1576,de,spoof
wav2vec2bert,despues,31.7886,16.4688,de,spoof
wav2vec2bert,despues,10.1850,-21.7549,de,spoof
wav2vec2bert,despues,31.3626,22.8357,de,spoof
wav2vec2bert,despues,-12.5633,-0.5576,de,spoof
wav2vec2bert,despues,-33.6546,-12.5703,de,spoof
wav2vec2bert,despues,-7.4249,-5.8652,de,spoof
wav2vec2bert,despues,18.2442,-21.4432,de,spoof
wav2vec2bert,despues,-26.5103,-5.6410,de,spoof
wav2vec2bert,despues,-20.3025,-13.0350,de,spoof
wav2vec2bert,despues,38.3305,-11.8451,de,spoof
wav2vec2bert,despues,17.9108,-1.4728,de,spoof
wav2vec2bert,despues,-15.4168,-12.8480,de,spoof
wav2vec2bert,despues,-22.3043,-3.3415,de,spoof
wav2vec2bert,despues,22.3768,-12.4017,de,spoof
wav2vec2bert,despues,7.7650,-14.4238,de,spoof
wav2vec2bert,despues,-28.2391,-5.1210,de,spoof
wav2vec2bert,despues,19.0036,11.6130,de,spoof
wav2vec2bert,despues,23.0865,14.5142,de,spoof
wav2vec2bert,despues,1.5305,-3.0414,de,spoof
wav2vec2bert,despues,-10.6529,4.7969,de,spoof
wav2vec2bert,despues,15.2008,-31.1549,de,spoof
wav2vec2bert,despues,-21.3087,-9.2811,de,spoof
wav2vec2bert,despues,10.2851,-21.8229,de,spoof
wav2vec2bert,despues,27.4090,0.5408,de,spoof
wav2vec2bert,despues,15.0112,-14.2406,de,spoof
wav2vec2bert,despues,10.4622,-22.7582,de,spoof
wav2vec2bert,despues,-13.8158,6.1374,de,spoof
wav2vec2bert,despues,-27.7482,-2.5205,de,spoof
wav2vec2bert,despues,17.7941,-22.4378,de,spoof
wav2vec2bert,despues,21.6924,-27.8431,de,spoof
wav2vec2bert,despues,-18.3381,1.9120,de,spoof
wav2vec2bert,despues,27.1497,5.9659,de,spoof
wav2vec2bert,despues,13.6951,0.0381,de,spoof
wav2vec2bert,despues,-24.6772,-2.8269,de,spoof
wav2vec2bert,despues,-22.2390,-3.3753,de,spoof
wav2vec2bert,despues,-14.0169,15.9418,de,spoof
wav2vec2bert,despues,-20.9964,-9.2485,de,spoof
wav2vec2bert,despues,-19.5702,-5.3231,de,spoof
wav2vec2bert,despues,28.6978,5.7759,de,spoof
wav2vec2bert,despues,-26.9729,-5.6655,de,spoof
wav2vec2bert,despues,16.7992,-20.5459,de,spoof
wav2vec2bert,despues,19.2488,9.5319,de,spoof
wav2vec2bert,despues,23.3708,-12.7437,de,spoof
wav2vec2bert,despues,20.2035,-11.5178,de,spoof
wav2vec2bert,despues,-19.4474,-3.7404,de,spoof
wav2vec2bert,despues,17.2895,-14.7848,de,spoof
wav2vec2bert,despues,14.8561,-32.5217,de,spoof
wav2vec2bert,despues,15.8033,-13.9335,de,spoof
wav2vec2bert,despues,28.8504,0.8867,de,spoof
wav2vec2bert,despues,38.8468,-11.4694,de,spoof
wav2vec2bert,despues,-28.3776,-1.6992,de,spoof
wav2vec2bert,despues,9.5250,-17.7303,de,spoof
wav2vec2bert,despues,23.7881,-3.0153,de,spoof
wav2vec2bert,despues,-7.9693,-16.2756,de,spoof
wav2vec2bert,despues,3.1285,6.4582,de,spoof
wav2vec2bert,despues,18.7686,-23.3686,de,spoof
wav2vec2bert,despues,-12.4127,-17.2292,de,spoof
wav2vec2bert,despues,-34.7129,-11.8278,de,spoof
wav2vec2bert,despues,-19.0433,1.6566,de,spoof
wav2vec2bert,despues,-10.1573,0.0490,de,spoof
wav2vec2bert,despues,19.3260,-2.3385,de,spoof
wav2vec2bert,despues,-25.9178,-16.9365,de,spoof
wav2vec2bert,despues,12.2138,-21.1590,de,spoof
wav2vec2bert,despues,-17.6899,-10.1349,de,spoof
wav2vec2bert,despues,19.6411,-2.1857,de,spoof
wav2vec2bert,despues,-21.9174,-4.2899,de,spoof
wav2vec2bert,despues,41.0718,-5.8802,en,bonafide
wav2vec2bert,despues,17.1660,-9.9433,en,bonafide
wav2vec2bert,despues,15.9870,-11.2386,en,bonafide
wav2vec2bert,despues,32.8851,-8.2704,en,bonafide
wav2vec2bert,despues,-0.3460,-2.6683,en,bonafide
wav2vec2bert,despues,47.0982,5.1887,en,bonafide
wav2vec2bert,despues,40.9551,-8.0133,en,bonafide
wav2vec2bert,despues,21.5230,-14.4555,en,bonafide
wav2vec2bert,despues,19.4972,27.3242,en,bonafide
wav2vec2bert,despues,-19.3753,-1.4499,en,bonafide
wav2vec2bert,despues,39.9877,-6.0955,en,bonafide
wav2vec2bert,despues,43.1346,-8.5014,en,bonafide
wav2vec2bert,despues,43.2819,-8.4806,en,bonafide
wav2vec2bert,despues,17.1268,-12.8042,en,bonafide
wav2vec2bert,despues,16.6632,-8.8360,en,bonafide
wav2vec2bert,despues,-18.0556,-14.5909,en,bonafide
wav2vec2bert,despues,43.0676,2.9421,en,bonafide
wav2vec2bert,despues,15.9915,-10.2420,en,bonafide
wav2vec2bert,despues,40.5246,7.2643,en,bonafide
wav2vec2bert,despues,21.7367,-14.1678,en,bonafide
wav2vec2bert,despues,-17.1205,36.8626,en,bonafide
wav2vec2bert,despues,15.7909,-12.0706,en,bonafide
wav2vec2bert,despues,15.9767,6.7620,en,bonafide
wav2vec2bert,despues,17.4420,-7.9592,en,bonafide
wav2vec2bert,despues,-10.1313,-7.7529,en,bonafide
wav2vec2bert,despues,38.7300,14.7038,en,bonafide
wav2vec2bert,despues,-14.5297,-18.3687,en,bonafide
wav2vec2bert,despues,10.0318,-19.6516,en,bonafide
wav2vec2bert,despues,-15.2458,1.4192,en,bonafide
wav2vec2bert,despues,15.9148,-10.3156,en,bonafide
wav2vec2bert,despues,20.4563,7.4384,en,bonafide
wav2vec2bert,despues,44.1947,3.8811,en,bonafide
wav2vec2bert,despues,-15.4668,-18.8023,en,bonafide
wav2vec2bert,despues,-14.0560,-17.4594,en,bonafide
wav2vec2bert,despues,30.3329,4.0634,en,bonafide
wav2vec2bert,despues,-16.5417,-14.3698,en,bonafide
wav2vec2bert,despues,40.2094,-10.5044,en,bonafide
wav2vec2bert,despues,15.7630,10.7669,en,bonafide
wav2vec2bert,despues,38.9352,-15.0313,en,bonafide
wav2vec2bert,despues,35.1941,12.9611,en,bonafide
wav2vec2bert,despues,40.9690,-5.5271,en,bonafide
wav2vec2bert,despues,-10.5842,-13.5345,en,bonafide
wav2vec2bert,despues,-23.1384,-12.2487,en,bonafide
wav2vec2bert,despues,8.3383,-0.9340,en,bonafide
wav2vec2bert,despues,43.1153,-4.5745,en,bonafide
wav2vec2bert,despues,7.4708,6.4742,en,bonafide
wav2vec2bert,despues,-16.8937,-13.5825,en,bonafide
wav2vec2bert,despues,39.3785,-14.0516,en,bonafide
wav2vec2bert,despues,16.4241,-9.3296,en,bonafide
wav2vec2bert,despues,29.6516,3.2754,en,bonafide
wav2vec2bert,despues,-33.7072,15.2736,en,bonafide
wav2vec2bert,despues,40.6623,-6.6061,en,bonafide
wav2vec2bert,despues,40.7683,-6.6094,en,bonafide
wav2vec2bert,despues,40.5219,11.9594,en,bonafide
wav2vec2bert,despues,-42.0883,-11.9652,en,bonafide
wav2vec2bert,despues,15.8674,-12.6789,en,bonafide
wav2vec2bert,despues,1.3587,2.1422,en,bonafide
wav2vec2bert,despues,33.4046,-11.9476,en,bonafide
wav2vec2bert,despues,23.1153,10.0995,en,bonafide
wav2vec2bert,despues,-28.4730,12.3752,en,bonafide
wav2vec2bert,despues,16.1419,6.6955,en,bonafide
wav2vec2bert,despues,-16.4413,-13.4573,en,bonafide
wav2vec2bert,despues,37.6353,-14.6791,en,bonafide
wav2vec2bert,despues,42.5915,0.4338,en,bonafide
wav2vec2bert,despues,7.9840,-27.4789,en,bonafide
wav2vec2bert,despues,48.1518,5.1423,en,bonafide
wav2vec2bert,despues,38.0742,1.8527,en,bonafide
wav2vec2bert,despues,13.1762,-31.1008,en,bonafide
wav2vec2bert,despues,-16.0355,-16.0422,en,bonafide
wav2vec2bert,despues,17.6179,-12.9488,en,bonafide
wav2vec2bert,despues,40.7044,-7.8355,en,bonafide
wav2vec2bert,despues,10.5042,29.6643,en,bonafide
wav2vec2bert,despues,-16.8847,14.7860,en,bonafide
wav2vec2bert,despues,43.8432,7.8111,en,bonafide
wav2vec2bert,despues,37.7822,-15.2844,en,bonafide
wav2vec2bert,despues,18.9199,1.4662,en,bonafide
wav2vec2bert,despues,23.1753,-17.9678,en,bonafide
wav2vec2bert,despues,39.9270,-6.2687,en,bonafide
wav2vec2bert,despues,41.7489,3.5421,en,bonafide
wav2vec2bert,despues,34.0139,-4.1608,en,bonafide
wav2vec2bert,despues,17.3210,-7.9680,en,bonafide
wav2vec2bert,despues,-13.2177,-9.6533,en,bonafide
wav2vec2bert,despues,8.5144,9.4705,en,bonafide
wav2vec2bert,despues,41.1657,-19.7180,en,bonafide
wav2vec2bert,despues,7.5953,6.1129,en,bonafide
wav2vec2bert,despues,18.3248,-8.6655,en,bonafide
wav2vec2bert,despues,44.1976,-7.1332,en,bonafide
wav2vec2bert,despues,39.7576,-6.8385,en,bonafide
wav2vec2bert,despues,40.4726,-9.0489,en,bonafide
wav2vec2bert,despues,-11.0856,33.9979,en,bonafide
wav2vec2bert,despues,15.9885,10.3604,en,bonafide
wav2vec2bert,despues,45.5072,4.1071,en,bonafide
wav2vec2bert,despues,-11.6547,-15.2996,en,bonafide
wav2vec2bert,despues,38.4295,-15.8266,en,bonafide
wav2vec2bert,despues,30.1695,-3.3084,en,bonafide
wav2vec2bert,despues,33.8824,-9.4429,en,bonafide
wav2vec2bert,despues,-16.3390,-15.6199,en,bonafide
wav2vec2bert,despues,34.2420,16.6451,en,bonafide
wav2vec2bert,despues,39.0510,-7.5039,en,bonafide
wav2vec2bert,despues,32.7092,-5.9708,en,bonafide
wav2vec2bert,despues,44.0443,-4.7262,en,bonafide
wav2vec2bert,despues,33.7057,-14.4727,en,bonafide
wav2vec2bert,despues,36.6252,11.9910,en,bonafide
wav2vec2bert,despues,39.7193,-7.8925,en,bonafide
wav2vec2bert,despues,30.1512,-19.9132,en,bonafide
wav2vec2bert,despues,25.2107,3.8690,en,bonafide
wav2vec2bert,despues,-13.2167,-9.6794,en,bonafide
wav2vec2bert,despues,43.1736,-3.9076,en,bonafide
wav2vec2bert,despues,40.4780,-7.3805,en,bonafide
wav2vec2bert,despues,33.8780,-7.8008,en,bonafide
wav2vec2bert,despues,9.9361,27.5972,en,bonafide
wav2vec2bert,despues,44.2481,6.0250,en,bonafide
wav2vec2bert,despues,40.1894,-7.1853,en,bonafide
wav2vec2bert,despues,37.4692,13.5806,en,bonafide
wav2vec2bert,despues,43.3889,-8.3563,en,bonafide
wav2vec2bert,despues,34.4844,-11.0553,en,bonafide
wav2vec2bert,despues,37.9016,16.1545,en,bonafide
wav2vec2bert,despues,37.6162,11.4192,en,bonafide
wav2vec2bert,despues,37.1517,-14.1792,en,bonafide
wav2vec2bert,despues,33.8383,-11.6972,en,bonafide
wav2vec2bert,despues,-15.8671,-16.2458,en,bonafide
wav2vec2bert,despues,39.7619,-12.1500,en,bonafide
wav2vec2bert,despues,34.0426,-9.8653,en,bonafide
wav2vec2bert,despues,-16.6471,-15.4788,en,bonafide
wav2vec2bert,despues,47.5810,6.1860,en,bonafide
wav2vec2bert,despues,34.3779,-10.5732,en,bonafide
wav2vec2bert,despues,6.9675,6.2308,en,bonafide
wav2vec2bert,despues,23.2704,-19.0969,en,bonafide
wav2vec2bert,despues,-18.6471,-12.6475,en,bonafide
wav2vec2bert,despues,-17.3234,-14.1564,en,bonafide
wav2vec2bert,despues,43.0667,-8.7683,en,bonafide
wav2vec2bert,despues,-28.4996,12.2690,en,bonafide
wav2vec2bert,despues,38.4787,-13.7474,en,bonafide
wav2vec2bert,despues,-8.3576,-12.4338,en,bonafide
wav2vec2bert,despues,40.9382,-7.0970,en,bonafide
wav2vec2bert,despues,10.0585,27.5008,en,bonafide
wav2vec2bert,despues,33.9895,15.4513,en,bonafide
wav2vec2bert,despues,12.6576,-30.6002,en,bonafide
wav2vec2bert,despues,36.6737,5.0839,en,bonafide
wav2vec2bert,despues,36.2839,3.2614,en,bonafide
wav2vec2bert,despues,35.0320,10.4456,en,bonafide
wav2vec2bert,despues,-40.1649,14.1611,en,bonafide
wav2vec2bert,despues,34.7909,-12.7948,en,bonafide
wav2vec2bert,despues,-41.4612,17.5762,en,bonafide
wav2vec2bert,despues,35.0179,3.4452,en,bonafide
wav2vec2bert,despues,34.3753,-12.3257,en,bonafide
wav2vec2bert,despues,33.0139,22.1472,en,bonafide
wav2vec2bert,despues,10.4929,28.5782,en,bonafide
wav2vec2bert,despues,-17.0805,-14.5916,en,bonafide
wav2vec2bert,despues,-17.6250,14.4516,en,bonafide
wav2vec2bert,despues,33.3430,3.9205,en,spoof
wav2vec2bert,despues,-29.0205,10.0889,en,spoof
wav2vec2bert,despues,32.6990,9.9910,en,spoof
wav2vec2bert,despues,41.0606,-4.2259,en,spoof
wav2vec2bert,despues,19.1904,8.4225,en,spoof
wav2vec2bert,despues,36.1378,6.8977,en,spoof
wav2vec2bert,despues,34.1069,-22.2128,en,spoof
wav2vec2bert,despues,-29.2005,11.8800,en,spoof
wav2vec2bert,despues,39.6658,-4.4322,en,spoof
wav2vec2bert,despues,45.6526,4.6144,en,spoof
wav2vec2bert,despues,36.9400,9.1745,en,spoof
wav2vec2bert,despues,38.5645,11.2353,en,spoof
wav2vec2bert,despues,41.8499,9.0934,en,spoof
wav2vec2bert,despues,-17.1856,3.7702,en,spoof
wav2vec2bert,despues,35.2281,9.4801,en,spoof
wav2vec2bert,despues,41.2798,5.7789,en,spoof
wav2vec2bert,despues,-13.1897,1.5926,en,spoof
wav2vec2bert,despues,31.3182,6.8477,en,spoof
wav2vec2bert,despues,32.7483,-8.2525,en,spoof
wav2vec2bert,despues,-28.6790,-12.1750,en,spoof
wav2vec2bert,despues,33.6309,3.0010,en,spoof
wav2vec2bert,despues,39.3189,-3.6184,en,spoof
wav2vec2bert,despues,42.8921,1.6395,en,spoof
wav2vec2bert,despues,37.8869,9.4143,en,spoof
wav2vec2bert,despues,-11.2208,-13.5413,en,spoof
wav2vec2bert,despues,37.8260,9.6427,en,spoof
wav2vec2bert,despues,-12.6316,0.7335,en,spoof
wav2vec2bert,despues,14.7536,9.1088,en,spoof
wav2vec2bert,despues,37.8214,2.7851,en,spoof
wav2vec2bert,despues,36.5501,9.6907,en,spoof
wav2vec2bert,despues,31.5415,5.2345,en,spoof
wav2vec2bert,despues,43.2720,10.0746,en,spoof
wav2vec2bert,despues,30.5410,4.8239,en,spoof
wav2vec2bert,despues,-31.3599,12.1862,en,spoof
wav2vec2bert,despues,37.4911,14.5653,en,spoof
wav2vec2bert,despues,-11.2295,0.2614,en,spoof
wav2vec2bert,despues,37.2482,11.0968,en,spoof
wav2vec2bert,despues,36.5501,12.5937,en,spoof
wav2vec2bert,despues,36.0997,6.6319,en,spoof
wav2vec2bert,despues,28.5046,8.6643,en,spoof
wav2vec2bert,despues,34.9781,10.8903,en,spoof
wav2vec2bert,despues,41.3958,5.5630,en,spoof
wav2vec2bert,despues,-11.2664,-2.3574,en,spoof
wav2vec2bert,despues,-15.8001,4.5978,en,spoof
wav2vec2bert,despues,17.1895,-7.0898,en,spoof
wav2vec2bert,despues,44.5444,6.3579,en,spoof
wav2vec2bert,despues,41.3395,4.8380,en,spoof
wav2vec2bert,despues,38.8471,7.6240,en,spoof
wav2vec2bert,despues,-11.4531,35.5083,en,spoof
wav2vec2bert,despues,-11.2406,-0.7163,en,spoof
wav2vec2bert,despues,20.1207,-3.5760,en,spoof
wav2vec2bert,despues,-7.2200,6.0308,en,spoof
wav2vec2bert,despues,29.7945,22.1825,en,spoof
wav2vec2bert,despues,17.9601,18.7150,en,spoof
wav2vec2bert,despues,-11.7760,-10.9970,en,spoof
wav2vec2bert,despues,43.1436,10.4675,en,spoof
wav2vec2bert,despues,33.6425,3.9310,en,spoof
wav2vec2bert,despues,39.4353,5.4520,en,spoof
wav2vec2bert,despues,39.5377,12.8996,en,spoof
wav2vec2bert,despues,33.8908,5.5759,en,spoof
wav2vec2bert,despues,39.7379,10.6449,en,spoof
wav2vec2bert,despues,40.3048,8.5977,en,spoof
wav2vec2bert,despues,-17.2389,5.8902,en,spoof
wav2vec2bert,despues,-12.9953,3.0880,en,spoof
wav2vec2bert,despues,-6.3696,-9.6911,en,spoof
wav2vec2bert,despues,-9.2669,0.5705,en,spoof
wav2vec2bert,despues,33.8357,9.4137,en,spoof
wav2vec2bert,despues,40.0067,-5.3901,en,spoof
wav2vec2bert,despues,26.7637,-4.6826,en,spoof
wav2vec2bert,despues,26.2178,3.3628,en,spoof
wav2vec2bert,despues,34.9306,6.8133,en,spoof
wav2vec2bert,despues,35.9675,11.9870,en,spoof
wav2vec2bert,despues,-13.3849,0.9677,en,spoof
wav2vec2bert,despues,37.8545,2.7709,en,spoof
wav2vec2bert,despues,10.8145,-32.2978,en,spoof
wav2vec2bert,despues,-14.4743,-11.6000,en,spoof
wav2vec2bert,despues,36.2482,6.6026,en,spoof
wav2vec2bert,despues,34.5202,0.4821,en,spoof
wav2vec2bert,despues,-5.4340,-2.8497,en,spoof
wav2vec2bert,despues,33.9316,4.4583,en,spoof
wav2vec2bert,despues,-10.4149,0.5732,en,spoof
wav2vec2bert,despues,40.0739,14.7117,en,spoof
wav2vec2bert,despues,-16.0474,6.3484,en,spoof
wav2vec2bert,despues,-33.5050,-3.9680,en,spoof
wav2vec2bert,despues,44.5369,8.5674,en,spoof
wav2vec2bert,despues,35.1562,0.3763,en,spoof
wav2vec2bert,despues,-12.8804,2.8461,en,spoof
wav2vec2bert,despues,34.1721,15.9034,en,spoof
wav2vec2bert,despues,38.9871,10.1601,en,spoof
wav2vec2bert,despues,33.7957,8.8113,en,spoof
wav2vec2bert,despues,-14.1825,-2.3806,en,spoof
wav2vec2bert,despues,38.1981,12.9550,en,spoof
wav2vec2bert,despues,30.4360,1.0005,en,spoof
wav2vec2bert,despues,33.6908,3.9202,en,spoof
wav2vec2bert,despues,42.7789,2.8822,en,spoof
wav2vec2bert,despues,27.2112,9.9538,en,spoof
wav2vec2bert,despues,29.8124,5.7976,en,spoof
wav2vec2bert,despues,-8.6009,0.8579,en,spoof
wav2vec2bert,despues,42.8841,8.9483,en,spoof
wav2vec2bert,despues,-25.6083,-1.9321,en,spoof
wav2vec2bert,despues,40.3726,2.6097,en,spoof
wav2vec2bert,despues,36.5755,13.6749,en,spoof
wav2vec2bert,despues,-29.0038,18.8141,en,spoof
wav2vec2bert,despues,-11.3487,-13.7565,en,spoof
wav2vec2bert,despues,42.8505,1.0455,en,spoof
wav2vec2bert,despues,42.7594,5.9164,en,spoof
wav2vec2bert,despues,38.3082,6.1072,en,spoof
wav2vec2bert,despues,37.3854,5.4214,en,spoof
wav2vec2bert,despues,-14.5490,1.1338,en,spoof
wav2vec2bert,despues,-26.6254,11.8237,en,spoof
wav2vec2bert,despues,-18.7923,-4.3680,en,spoof
wav2vec2bert,despues,37.1422,12.5391,en,spoof
wav2vec2bert,despues,39.0087,10.0268,en,spoof
wav2vec2bert,despues,2.5050,31.9011,en,spoof
wav2vec2bert,despues,-16.2230,5.9799,en,spoof
wav2vec2bert,despues,33.4529,15.5314,en,spoof
wav2vec2bert,despues,39.6711,11.6109,en,spoof
wav2vec2bert,despues,43.5423,3.6289,en,spoof
wav2vec2bert,despues,-10.2366,-13.8429,en,spoof
wav2vec2bert,despues,28.1402,12.0291,en,spoof
wav2vec2bert,despues,-11.7746,-10.9323,en,spoof
wav2vec2bert,despues,39.3236,-12.5506,en,spoof
wav2vec2bert,despues,-12.7049,-12.5395,en,spoof
wav2vec2bert,despues,36.1755,8.1774,en,spoof
wav2vec2bert,despues,38.4831,0.9058,en,spoof
wav2vec2bert,despues,31.5526,3.4795,en,spoof
wav2vec2bert,despues,9.5216,27.3970,en,spoof
wav2vec2bert,despues,18.1283,7.4545,en,spoof
wav2vec2bert,despues,36.0198,15.0841,en,spoof
wav2vec2bert,despues,-14.1330,29.3950,en,spoof
wav2vec2bert,despues,37.0681,6.2114,en,spoof
wav2vec2bert,despues,33.4679,10.4892,en,spoof
wav2vec2bert,despues,-22.0556,9.9075,en,spoof
wav2vec2bert,despues,37.2144,13.9600,en,spoof
wav2vec2bert,despues,33.1928,-6.4683,en,spoof
wav2vec2bert,despues,-23.4178,6.7593,en,spoof
wav2vec2bert,despues,44.4457,6.0285,en,spoof
wav2vec2bert,despues,43.7914,3.6604,en,spoof
wav2vec2bert,despues,19.8894,9.9377,en,spoof
wav2vec2bert,despues,-11.4770,-12.1101,en,spoof
wav2vec2bert,despues,-10.2435,3.1991,en,spoof
wav2vec2bert,despues,34.4727,14.6547,en,spoof
wav2vec2bert,despues,-26.5250,12.4897,en,spoof
wav2vec2bert,despues,39.5569,13.0544,en,spoof
wav2vec2bert,despues,39.8629,1.9405,en,spoof
wav2vec2bert,despues,39.5084,2.6154,en,spoof
wav2vec2bert,despues,-23.9199,12.1609,en,spoof
wav2vec2bert,despues,31.3306,6.6461,en,spoof
wav2vec2bert,despues,-11.5356,1.1565,en,spoof
wav2vec2bert,despues,47.3615,3.8812,en,spoof
wav2vec2bert,despues,-29.8326,32.2793,es,bonafide
wav2vec2bert,despues,-23.3675,31.1842,es,bonafide
wav2vec2bert,despues,-21.9083,18.3114,es,bonafide
wav2vec2bert,despues,38.8770,-17.1579,es,bonafide
wav2vec2bert,despues,-24.7317,27.7982,es,bonafide
wav2vec2bert,despues,-20.7329,32.2752,es,bonafide
wav2vec2bert,despues,-30.7171,26.7000,es,bonafide
wav2vec2bert,despues,-15.3046,18.4898,es,bonafide
wav2vec2bert,despues,-24.8504,25.6185,es,bonafide
wav2vec2bert,despues,-29.7922,27.9418,es,bonafide
wav2vec2bert,despues,-43.6715,-11.4075,es,bonafide
wav2vec2bert,despues,-27.1830,32.4515,es,bonafide
wav2vec2bert,despues,42.3437,-17.2728,es,bonafide
wav2vec2bert,despues,27.6873,-18.7185,es,bonafide
wav2vec2bert,despues,-24.4163,27.2296,es,bonafide
wav2vec2bert,despues,11.1135,14.5046,es,bonafide
wav2vec2bert,despues,-21.1590,28.1576,es,bonafide
wav2vec2bert,despues,-16.7219,31.6286,es,bonafide
wav2vec2bert,despues,22.0470,-25.4015,es,bonafide
wav2vec2bert,despues,-27.8160,31.2640,es,bonafide
wav2vec2bert,despues,-25.1779,29.4241,es,bonafide
wav2vec2bert,despues,34.7909,-16.4740,es,bonafide
wav2vec2bert,despues,22.0129,-25.1807,es,bonafide
wav2vec2bert,despues,-30.6852,27.3342,es,bonafide
wav2vec2bert,despues,-24.6042,31.2283,es,bonafide
wav2vec2bert,despues,-20.6513,33.7521,es,bonafide
wav2vec2bert,despues,-43.5163,-9.2924,es,bonafide
wav2vec2bert,despues,-22.9355,30.0577,es,bonafide
wav2vec2bert,despues,-20.8817,31.5387,es,bonafide
wav2vec2bert,despues,42.1548,-16.9212,es,bonafide
wav2vec2bert,despues,-9.9338,-6.9427,es,bonafide
wav2vec2bert,despues,12.9233,21.0429,es,bonafide
wav2vec2bert,despues,-24.4176,28.2377,es,bonafide
wav2vec2bert,despues,-23.4364,32.8552,es,bonafide
wav2vec2bert,despues,-19.6674,31.6921,es,bonafide
wav2vec2bert,despues,-25.6152,25.4340,es,bonafide
wav2vec2bert,despues,-24.6341,24.5443,es,bonafide
wav2vec2bert,despues,-16.6214,18.1872,es,bonafide
wav2vec2bert,despues,-14.1866,20.3428,es,bonafide
wav2vec2bert,despues,-21.6304,33.5619,es,bonafide
wav2vec2bert,despues,-33.9620,-7.7799,es,bonafide
wav2vec2bert,despues,-33.9060,20.4276,es,bonafide
wav2vec2bert,despues,-25.1375,26.5875,es,bonafide
wav2vec2bert,despues,14.9787,-24.9985,es,bonafide
wav2vec2bert,despues,24.7875,12.1407,es,bonafide
wav2vec2bert,despues,-22.9607,27.7532,es,bonafide
wav2vec2bert,despues,-27.3047,31.4736,es,bonafide
wav2vec2bert,despues,7.2773,8.3002,es,bonafide
wav2vec2bert,despues,33.5243,-19.0681,es,bonafide
wav2vec2bert,despues,-25.6120,25.2148,es,bonafide
wav2vec2bert,despues,22.7436,24.5986,es,bonafide
wav2vec2bert,despues,-19.4558,29.6841,es,bonafide
wav2vec2bert,despues,15.1127,-18.5865,es,bonafide
wav2vec2bert,despues,-18.4809,33.8936,es,bonafide
wav2vec2bert,despues,-23.0829,30.2289,es,bonafide
wav2vec2bert,despues,-19.5327,32.7899,es,bonafide
wav2vec2bert,despues,-24.7251,26.4209,es,bonafide
wav2vec2bert,despues,18.0463,-33.2390,es,bonafide
wav2vec2bert,despues,-33.0544,-9.6122,es,bonafide
wav2vec2bert,despues,-15.5482,21.8601,es,bonafide
wav2vec2bert,despues,29.6448,-10.2369,es,bonafide
wav2vec2bert,despues,-15.9228,20.2289,es,bonafide
wav2vec2bert,despues,-17.9142,32.2437,es,bonafide
wav2vec2bert,despues,21.3767,5.2957,es,bonafide
wav2vec2bert,despues,-31.7998,11.4067,es,bonafide
wav2vec2bert,despues,-26.8851,31.6565,es,bonafide
wav2vec2bert,despues,-30.2445,28.4393,es,bonafide
wav2vec2bert,despues,-15.9357,17.9763,es,bonafide
wav2vec2bert,despues,-20.6157,35.6681,es,bonafide
wav2vec2bert,despues,26.9807,-17.9325,es,bonafide
wav2vec2bert,despues,19.7085,-21.1747,es,bonafide
wav2vec2bert,despues,-22.8575,28.8897,es,bonafide
wav2vec2bert,despues,-17.6193,32.3360,es,bonafide
wav2vec2bert,despues,-23.0957,32.2155,es,bonafide
wav2vec2bert,despues,-13.9061,-17.1423,es,bonafide
wav2vec2bert,despues,-27.1771,23.7230,es,bonafide
wav2vec2bert,despues,42.3732,-17.4247,es,bonafide
wav2vec2bert,despues,-18.0326,34.7187,es,bonafide
wav2vec2bert,despues,-21.3359,28.3634,es,bonafide
wav2vec2bert,despues,-21.8106,33.8169,es,bonafide
wav2vec2bert,despues,-12.8291,41.7629,es,bonafide
wav2vec2bert,despues,-20.1125,31.7221,es,bonafide
wav2vec2bert,despues,-29.4112,28.8415,es,bonafide
wav2vec2bert,despues,19.6584,-21.2981,es,bonafide
wav2vec2bert,despues,28.5223,-18.4772,es,bonafide
wav2vec2bert,despues,-29.8286,28.2442,es,bonafide
wav2vec2bert,despues,-26.9054,26.8047,es,bonafide
wav2vec2bert,despues,-25.3055,32.1457,es,bonafide
wav2vec2bert,despues,-23.3026,29.5049,es,bonafide
wav2vec2bert,despues,-21.7295,30.4464,es,bonafide
wav2vec2bert,despues,-18.4916,32.3345,es,bonafide
wav2vec2bert,despues,-32.9345,19.9315,es,bonafide
wav2vec2bert,despues,-16.4476,18.3071,es,bonafide
wav2vec2bert,despues,-33.6644,20.1224,es,bonafide
wav2vec2bert,despues,-14.3634,22.4461,es,bonafide
wav2vec2bert,despues,-24.7761,30.2495,es,bonafide
wav2vec2bert,despues,15.0785,-18.5257,es,bonafide
wav2vec2bert,despues,-21.3090,26.4028,es,bonafide
wav2vec2bert,despues,21.5740,-9.4161,es,bonafide
wav2vec2bert,despues,-17.5374,18.9986,es,bonafide
wav2vec2bert,despues,-30.3509,27.8181,es,bonafide
wav2vec2bert,despues,-27.2358,21.2667,es,bonafide
wav2vec2bert,despues,-42.3013,-10.0675,es,bonafide
wav2vec2bert,despues,-46.8779,0.8274,es,bonafide
wav2vec2bert,despues,22.3651,-24.5363,es,bonafide
wav2vec2bert,despues,40.6702,-19.4164,es,bonafide
wav2vec2bert,despues,-19.9510,18.1558,es,bonafide
wav2vec2bert,despues,-24.1564,28.6060,es,bonafide
wav2vec2bert,despues,-19.8689,19.5186,es,bonafide
wav2vec2bert,despues,-35.7404,-7.7923,es,bonafide
wav2vec2bert,despues,-16.4002,16.7753,es,bonafide
wav2vec2bert,despues,-14.3154,18.1319,es,bonafide
wav2vec2bert,despues,-20.6475,29.1248,es,bonafide
wav2vec2bert,despues,-24.4819,26.1361,es,bonafide
wav2vec2bert,despues,21.9081,-18.9115,es,bonafide
wav2vec2bert,despues,-24.0463,30.9038,es,bonafide
wav2vec2bert,despues,20.7095,4.1643,es,bonafide
wav2vec2bert,despues,-16.5512,-5.8603,es,bonafide
wav2vec2bert,despues,-22.4732,31.5541,es,bonafide
wav2vec2bert,despues,19.1689,-21.4091,es,bonafide
wav2vec2bert,despues,-14.2336,22.1436,es,bonafide
wav2vec2bert,despues,-27.6868,32.9793,es,bonafide
wav2vec2bert,despues,42.7979,-17.2938,es,bonafide
wav2vec2bert,despues,-24.5464,30.1497,es,bonafide
wav2vec2bert,despues,-31.8667,27.6729,es,bonafide
wav2vec2bert,despues,4.7487,-9.7628,es,bonafide
wav2vec2bert,despues,-41.6318,-9.1628,es,bonafide
wav2vec2bert,despues,-28.5139,30.8503,es,bonafide
wav2vec2bert,despues,-19.3641,31.1759,es,bonafide
wav2vec2bert,despues,-21.6350,35.2909,es,bonafide
wav2vec2bert,despues,-16.6051,21.1753,es,bonafide
wav2vec2bert,despues,22.2734,16.7263,es,bonafide
wav2vec2bert,despues,-24.8133,32.1423,es,bonafide
wav2vec2bert,despues,-25.6329,24.2533,es,bonafide
wav2vec2bert,despues,-14.2792,-2.4149,es,bonafide
wav2vec2bert,despues,-24.7306,28.3021,es,bonafide
wav2vec2bert,despues,-34.7662,17.7207,es,bonafide
wav2vec2bert,despues,-23.4011,31.5358,es,bonafide
wav2vec2bert,despues,-23.9882,26.9165,es,bonafide
wav2vec2bert,despues,-25.5895,28.4711,es,bonafide
wav2vec2bert,despues,-21.6181,37.8387,es,bonafide
wav2vec2bert,despues,-16.4101,18.6385,es,bonafide
wav2vec2bert,despues,-18.3458,34.3687,es,bonafide
wav2vec2bert,despues,17.9259,-33.2572,es,bonafide
wav2vec2bert,despues,-24.9525,34.3496,es,bonafide
wav2vec2bert,despues,24.7514,-12.6277,es,bonafide
wav2vec2bert,despues,-13.6557,-12.6812,es,bonafide
wav2vec2bert,despues,-21.6201,18.2438,es,bonafide
wav2vec2bert,despues,-23.9292,29.6714,es,bonafide
wav2vec2bert,despues,-30.1867,23.4917,es,bonafide
wav2vec2bert,despues,-32.6854,18.0340,es,spoof
wav2vec2bert,despues,-28.1891,25.5662,es,spoof
wav2vec2bert,despues,2.8857,26.9136,es,spoof
wav2vec2bert,despues,-23.5774,27.3413,es,spoof
wav2vec2bert,despues,24.7979,9.5686,es,spoof
wav2vec2bert,despues,41.0118,10.1675,es,spoof
wav2vec2bert,despues,-17.4401,29.6655,es,spoof
wav2vec2bert,despues,20.9027,3.3525,es,spoof
wav2vec2bert,despues,-28.2759,24.8098,es,spoof
wav2vec2bert,despues,13.9931,9.5895,es,spoof
wav2vec2bert,despues,-37.2811,13.9172,es,spoof
wav2vec2bert,despues,-32.4754,12.3693,es,spoof
wav2vec2bert,despues,-19.7754,18.2090,es,spoof
wav2vec2bert,despues,-11.9135,7.8700,es,spoof
wav2vec2bert,despues,24.9676,7.3307,es,spoof
wav2vec2bert,despues,-14.8459,22.9244,es,spoof
wav2vec2bert,despues,42.4120,-16.7300,es,spoof
wav2vec2bert,despues,-8.9411,-21.2686,es,spoof
wav2vec2bert,despues,-18.5392,-0.4873,es,spoof
wav2vec2bert,despues,26.3408,15.9705,es,spoof
wav2vec2bert,despues,26.7540,4.3476,es,spoof
wav2vec2bert,despues,-19.9280,14.3932,es,spoof
wav2vec2bert,despues,-1.4007,6.7017,es,spoof
wav2vec2bert,despues,-17.0095,29.0719,es,spoof
wav2vec2bert,despues,18.7399,-6.6301,es,spoof
wav2vec2bert,despues,19.9993,2.4354,es,spoof
wav2vec2bert,despues,27.2985,-0.8522,es,spoof
wav2vec2bert,despues,16.4557,9.1925,es,spoof
wav2vec2bert,despues,26.3596,-2.0843,es,spoof
wav2vec2bert,despues,36.7616,15.5063,es,spoof
wav2vec2bert,despues,-27.5466,22.9166,es,spoof
wav2vec2bert,despues,5.6509,-0.4177,es,spoof
wav2vec2bert,despues,-23.6998,24.5778,es,spoof
wav2vec2bert,despues,-24.3465,22.4821,es,spoof
wav2vec2bert,despues,-12.2993,8.8115,es,spoof
wav2vec2bert,despues,-30.2323,21.6069,es,spoof
wav2vec2bert,despues,-23.4919,22.7508,es,spoof
wav2vec2bert,despues,12.3451,16.5485,es,spoof
wav2vec2bert,despues,27.3375,-18.5298,es,spoof
wav2vec2bert,despues,-4.4467,1.3567,es,spoof
wav2vec2bert,despues,21.3569,9.4058,es,spoof
wav2vec2bert,despues,12.9013,20.6637,es,spoof
wav2vec2bert,despues,-25.9686,28.0291,es,spoof
wav2vec2bert,despues,32.8412,16.0258,es,spoof
wav2vec2bert,despues,1.8537,5.9615,es,spoof
wav2vec2bert,despues,-15.9727,20.0457,es,spoof
wav2vec2bert,despues,-21.4949,23.0100,es,spoof
wav2vec2bert,despues,-17.2486,17.8971,es,spoof
wav2vec2bert,despues,-32.6766,24.8199,es,spoof
wav2vec2bert,despues,37.0145,-21.6847,es,spoof
wav2vec2bert,despues,-18.6791,15.0223,es,spoof
wav2vec2bert,despues,-15.9066,21.3638,es,spoof
wav2vec2bert,despues,19.3500,5.0553,es,spoof
wav2vec2bert,despues,25.3105,14.7699,es,spoof
wav2vec2bert,despues,-26.4620,25.0509,es,spoof
wav2vec2bert,despues,22.6282,14.7329,es,spoof
wav2vec2bert,despues,-26.4202,29.1028,es,spoof
wav2vec2bert,despues,-37.2729,13.3243,es,spoof
wav2vec2bert,despues,-24.6229,21.9644,es,spoof
wav2vec2bert,despues,15.2619,4.2750,es,spoof
wav2vec2bert,despues,-23.0068,13.8437,es,spoof
wav2vec2bert,despues,-32.0249,18.8700,es,spoof
wav2vec2bert,despues,22.6980,16.1714,es,spoof
wav2vec2bert,despues,-26.5846,23.9986,es,spoof
wav2vec2bert,despues,-32.1347,7.8536,es,spoof
wav2vec2bert,despues,16.8974,14.9469,es,spoof
wav2vec2bert,despues,-25.7625,23.9999,es,spoof
wav2vec2bert,despues,-27.2563,25.9578,es,spoof
wav2vec2bert,despues,-34.3882,3.9505,es,spoof
wav2vec2bert,despues,-25.5684,27.6399,es,spoof
wav2vec2bert,despues,26.6238,10.2383,es,spoof
wav2vec2bert,despues,32.0934,23.7629,es,spoof
wav2vec2bert,despues,-28.8139,25.4965,es,spoof
wav2vec2bert,despues,23.3372,6.2610,es,spoof
wav2vec2bert,despues,-23.4961,24.3553,es,spoof
wav2vec2bert,despues,-12.3342,8.7529,es,spoof
wav2vec2bert,despues,-22.6773,1.0373,es,spoof
wav2vec2bert,despues,-25.6178,22.7620,es,spoof
wav2vec2bert,despues,-24.2628,23.4287,es,spoof
wav2vec2bert,despues,-27.3419,27.8917,es,spoof
wav2vec2bert,despues,-24.9485,23.2507,es,spoof
wav2vec2bert,despues,-23.0593,21.7275,es,spoof
wav2vec2bert,despues,-15.8575,8.8373,es,spoof
wav2vec2bert,despues,4.7782,-24.0263,es,spoof
wav2vec2bert,despues,22.5877,-2.6404,es,spoof
wav2vec2bert,despues,16.1685,24.3911,es,spoof
wav2vec2bert,despues,32.2585,-4.3747,es,spoof
wav2vec2bert,despues,20.3492,3.4502,es,spoof
wav2vec2bert,despues,-16.1261,32.6254,es,spoof
wav2vec2bert,despues,31.7607,-1.3222,es,spoof
wav2vec2bert,despues,-19.8001,24.5197,es,spoof
wav2vec2bert,despues,19.6790,3.3629,es,spoof
wav2vec2bert,despues,-31.7059,12.0422,es,spoof
wav2vec2bert,despues,16.6579,-2.0397,es,spoof
wav2vec2bert,despues,-11.4849,7.0605,es,spoof
wav2vec2bert,despues,26.8129,-4.6869,es,spoof
wav2vec2bert,despues,17.5945,4.5218,es,spoof
wav2vec2bert,despues,-16.3479,14.7329,es,spoof
wav2vec2bert,despues,-18.0873,32.2905,es,spoof
wav2vec2bert,despues,-24.1029,-2.8477,es,spoof
wav2vec2bert,despues,-22.9478,14.3758,es,spoof
wav2vec2bert,despues,-14.4123,20.9866,es,spoof
wav2vec2bert,despues,34.1961,-14.5905,es,spoof
wav2vec2bert,despues,-26.4824,27.2882,es,spoof
wav2vec2bert,despues,19.7725,1.7057,es,spoof
wav2vec2bert,despues,25.6564,13.7695,es,spoof
wav2vec2bert,despues,26.7182,18.9138,es,spoof
wav2vec2bert,despues,16.4802,9.5981,es,spoof
wav2vec2bert,despues,-34.1374,14.1283,es,spoof
wav2vec2bert,despues,-27.9761,22.9809,es,spoof
wav2vec2bert,despues,14.6964,-13.3511,es,spoof
wav2vec2bert,despues,27.4596,8.9005,es,spoof
wav2vec2bert,despues,29.8814,-5.8008,es,spoof
wav2vec2bert,despues,31.4848,23.7453,es,spoof
wav2vec2bert,despues,-26.0488,22.3628,es,spoof
wav2vec2bert,despues,25.8464,13.5478,es,spoof
wav2vec2bert,despues,-28.1500,20.0010,es,spoof
wav2vec2bert,despues,-24.3902,26.7597,es,spoof
wav2vec2bert,despues,-14.6043,23.2017,es,spoof
wav2vec2bert,despues,21.3676,10.6941,es,spoof
wav2vec2bert,despues,1.6661,10.8281,es,spoof
wav2vec2bert,despues,24.4760,14.3380,es,spoof
wav2vec2bert,despues,-27.9930,16.7214,es,spoof
wav2vec2bert,despues,38.9295,8.6329,es,spoof
wav2vec2bert,despues,-14.5605,23.4558,es,spoof
wav2vec2bert,despues,28.6894,7.5849,es,spoof
wav2vec2bert,despues,-15.9633,21.9640,es,spoof
wav2vec2bert,despues,-22.6624,0.5919,es,spoof
wav2vec2bert,despues,9.1398,17.0319,es,spoof
wav2vec2bert,despues,-18.7664,15.3305,es,spoof
wav2vec2bert,despues,-16.1734,-4.1142,es,spoof
wav2vec2bert,despues,-28.4171,24.5795,es,spoof
wav2vec2bert,despues,-34.7437,8.9581,es,spoof
wav2vec2bert,despues,-21.6785,14.9239,es,spoof
wav2vec2bert,despues,-18.4449,6.6994,es,spoof
wav2vec2bert,despues,25.2678,11.0805,es,spoof
wav2vec2bert,despues,-20.6774,14.9644,es,spoof
wav2vec2bert,despues,-26.7661,22.0735,es,spoof
wav2vec2bert,despues,17.3732,11.3779,es,spoof
wav2vec2bert,despues,27.7112,22.2683,es,spoof
wav2vec2bert,despues,31.6124,-5.9325,es,spoof
wav2vec2bert,despues,-23.0020,25.9139,es,spoof
wav2vec2bert,despues,23.2191,-2.9695,es,spoof
wav2vec2bert,despues,-20.7848,14.6358,es,spoof
wav2vec2bert,despues,31.7134,-5.9484,es,spoof
wav2vec2bert,despues,33.2540,16.9296,es,spoof
wav2vec2bert,despues,19.7150,9.8445,es,spoof
wav2vec2bert,despues,-21.5748,37.6666,es,spoof
wav2vec2bert,despues,-17.5731,-3.5437,es,spoof
wav2vec2bert,despues,19.3179,5.0608,es,spoof
wav2vec2bert,despues,29.0140,-24.8753,fr,bonafide
wav2vec2bert,despues,28.0985,-26.9848,fr,bonafide
wav2vec2bert,despues,11.3713,-7.1091,fr,bonafide
wav2vec2bert,despues,-28.3493,-10.0793,fr,bonafide
wav2vec2bert,despues,41.9625,-23.1201,fr,bonafide
wav2vec2bert,despues,35.9514,-26.0389,fr,bonafide
wav2vec2bert,despues,13.7835,-13.0680,fr,bonafide
wav2vec2bert,despues,9.9944,-14.3088,fr,bonafide
wav2vec2bert,despues,11.8162,-14.8350,fr,bonafide
wav2vec2bert,despues,13.1246,-10.6728,fr,bonafide
wav2vec2bert,despues,29.4763,-24.9931,fr,bonafide
wav2vec2bert,despues,-27.2399,-9.5043,fr,bonafide
wav2vec2bert,despues,31.1752,-29.1599,fr,bonafide
wav2vec2bert,despues,-12.0352,-24.6206,fr,bonafide
wav2vec2bert,despues,-19.8802,-23.7544,fr,bonafide
wav2vec2bert,despues,11.2967,-19.0251,fr,bonafide
wav2vec2bert,despues,38.8024,-23.6424,fr,bonafide
wav2vec2bert,despues,28.7901,-26.3248,fr,bonafide
wav2vec2bert,despues,10.1192,-6.1759,fr,bonafide
wav2vec2bert,despues,27.8797,-24.6037,fr,bonafide
wav2vec2bert,despues,-24.2934,-12.3691,fr,bonafide
wav2vec2bert,despues,34.1094,-26.3685,fr,bonafide
wav2vec2bert,despues,25.8412,-13.1438,fr,bonafide
wav2vec2bert,despues,-27.2765,-3.5901,fr,bonafide
wav2vec2bert,despues,33.9167,-24.4385,fr,bonafide
wav2vec2bert,despues,-20.3085,-24.7661,fr,bonafide
wav2vec2bert,despues,34.0729,-28.4454,fr,bonafide
wav2vec2bert,despues,-27.5711,-18.6852,fr,bonafide
wav2vec2bert,despues,-27.0120,-9.3871,fr,bonafide
wav2vec2bert,despues,-33.5822,-9.7836,fr,bonafide
wav2vec2bert,despues,-19.7850,-22.4762,fr,bonafide
wav2vec2bert,despues,11.7841,-12.6007,fr,bonafide
wav2vec2bert,despues,34.9452,-24.9039,fr,bonafide
wav2vec2bert,despues,33.8478,-28.3801,fr,bonafide
wav2vec2bert,despues,5.6104,-8.5116,fr,bonafide
wav2vec2bert,despues,12.8855,-14.1651,fr,bonafide
wav2vec2bert,despues,4.2371,-3.7852,fr,bonafide
wav2vec2bert,despues,38.6708,-23.6250,fr,bonafide
wav2vec2bert,despues,5.2841,12.5564,fr,bonafide
wav2vec2bert,despues,28.4134,-25.5959,fr,bonafide
wav2vec2bert,despues,10.5797,-16.3693,fr,bonafide
wav2vec2bert,despues,27.8126,-27.3157,fr,bonafide
wav2vec2bert,despues,8.5219,22.1806,fr,bonafide
wav2vec2bert,despues,12.8829,-10.8929,fr,bonafide
wav2vec2bert,despues,31.4294,-26.4184,fr,bonafide
wav2vec2bert,despues,9.8436,-5.4783,fr,bonafide
wav2vec2bert,despues,-27.4517,-19.1866,fr,bonafide
wav2vec2bert,despues,13.0817,-13.7776,fr,bonafide
wav2vec2bert,despues,31.7484,-25.1631,fr,bonafide
wav2vec2bert,despues,-20.4154,-23.8948,fr,bonafide
wav2vec2bert,despues,30.4901,-26.0298,fr,bonafide
wav2vec2bert,despues,28.4039,-8.0534,fr,bonafide
wav2vec2bert,despues,36.2179,-26.1979,fr,bonafide
wav2vec2bert,despues,2.1433,-3.1030,fr,bonafide
wav2vec2bert,despues,11.5708,-16.1427,fr,bonafide
wav2vec2bert,despues,1.3642,-1.0487,fr,bonafide
wav2vec2bert,despues,30.4408,-25.1305,fr,bonafide
wav2vec2bert,despues,-20.1980,-24.0371,fr,bonafide
wav2vec2bert,despues,4.5237,10.2775,fr,bonafide
wav2vec2bert,despues,8.8796,20.0112,fr,bonafide
wav2vec2bert,despues,9.0650,-15.3459,fr,bonafide
wav2vec2bert,despues,-19.4443,-21.0865,fr,bonafide
wav2vec2bert,despues,-19.8751,-27.8532,fr,bonafide
wav2vec2bert,despues,30.3857,-25.8764,fr,bonafide
wav2vec2bert,despues,10.5652,-15.5328,fr,bonafide
wav2vec2bert,despues,-27.1357,-19.7418,fr,bonafide
wav2vec2bert,despues,5.5757,-8.6368,fr,bonafide
wav2vec2bert,despues,32.9056,-22.4685,fr,bonafide
wav2vec2bert,despues,14.0788,-12.0433,fr,bonafide
wav2vec2bert,despues,29.7466,-22.6660,fr,bonafide
wav2vec2bert,despues,33.5067,-24.5854,fr,bonafide
wav2vec2bert,despues,37.7720,-1.2855,fr,bonafide
wav2vec2bert,despues,12.8892,-6.5349,fr,bonafide
wav2vec2bert,despues,25.9816,-27.6532,fr,bonafide
wav2vec2bert,despues,31.2554,-26.8380,fr,bonafide
wav2vec2bert,despues,4.3021,14.6975,fr,bonafide
wav2vec2bert,despues,-27.6119,-18.4011,fr,bonafide
wav2vec2bert,despues,-19.7591,-22.5162,fr,bonafide
wav2vec2bert,despues,34.0764,-24.8795,fr,bonafide
wav2vec2bert,despues,32.3061,-23.1308,fr,bonafide
wav2vec2bert,despues,29.7379,-23.6743,fr,bonafide
wav2vec2bert,despues,13.1781,-14.3837,fr,bonafide
wav2vec2bert,despues,-27.4761,-9.0871,fr,bonafide
wav2vec2bert,despues,12.8717,-8.0739,fr,bonafide
wav2vec2bert,despues,11.5544,-15.8114,fr,bonafide
wav2vec2bert,despues,-28.1493,-19.1697,fr,bonafide
wav2vec2bert,despues,23.5636,-7.0566,fr,bonafide
wav2vec2bert,despues,-25.2201,-9.7772,fr,bonafide
wav2vec2bert,despues,-19.1568,-23.2157,fr,bonafide
wav2vec2bert,despues,29.8647,-23.9322,fr,bonafide
wav2vec2bert,despues,38.8965,-24.7114,fr,bonafide
wav2vec2bert,despues,31.2191,-24.9169,fr,bonafide
wav2vec2bert,despues,-25.5958,-10.6083,fr,bonafide
wav2vec2bert,despues,12.2266,-14.0994,fr,bonafide
wav2vec2bert,despues,-20.2302,-26.8255,fr,bonafide
wav2vec2bert,despues,18.9157,-9.2038,fr,bonafide
wav2vec2bert,despues,-20.7838,-22.4476,fr,bonafide
wav2vec2bert,despues,-0.2633,-0.9593,fr,bonafide
wav2vec2bert,despues,-21.5841,-24.1081,fr,bonafide
wav2vec2bert,despues,0.9913,-36.0429,fr,bonafide
wav2vec2bert,despues,-22.7688,-21.9749,fr,bonafide
wav2vec2bert,despues,8.9164,-14.8261,fr,bonafide
wav2vec2bert,despues,-19.4410,-21.9743,fr,bonafide
wav2vec2bert,despues,34.6489,-23.9316,fr,bonafide
wav2vec2bert,despues,-27.1640,-10.7581,fr,bonafide
wav2vec2bert,despues,-22.3739,-23.1107,fr,bonafide
wav2vec2bert,despues,32.3825,-25.6662,fr,bonafide
wav2vec2bert,despues,34.9518,-28.6782,fr,bonafide
wav2vec2bert,despues,-30.4042,-10.9028,fr,bonafide
wav2vec2bert,despues,-17.8527,-24.5969,fr,bonafide
wav2vec2bert,despues,12.4829,-10.7285,fr,bonafide
wav2vec2bert,despues,8.7494,-25.9108,fr,bonafide
wav2vec2bert,despues,-25.0041,-10.0977,fr,bonafide
wav2vec2bert,despues,29.9377,-24.8820,fr,bonafide
wav2vec2bert,despues,13.3634,-16.7094,fr,bonafide
wav2vec2bert,despues,-19.2053,-24.9576,fr,bonafide
wav2vec2bert,despues,-21.9626,-21.2172,fr,bonafide
wav2vec2bert,despues,10.0289,-15.0688,fr,bonafide
wav2vec2bert,despues,30.0753,-24.0810,fr,bonafide
wav2vec2bert,despues,13.1551,-11.8419,fr,bonafide
wav2vec2bert,despues,-24.8153,-25.4343,fr,bonafide
wav2vec2bert,despues,6.3713,-5.6376,fr,bonafide
wav2vec2bert,despues,33.7122,-27.4866,fr,bonafide
wav2vec2bert,despues,36.0139,-22.2189,fr,bonafide
wav2vec2bert,despues,-24.0294,-12.2297,fr,bonafide
wav2vec2bert,despues,39.1439,-25.7730,fr,bonafide
wav2vec2bert,despues,11.5454,-13.3942,fr,bonafide
wav2vec2bert,despues,32.2832,-23.3324,fr,bonafide
wav2vec2bert,despues,-25.1751,-12.5351,fr,bonafide
wav2vec2bert,despues,-20.0331,-24.3763,fr,bonafide
wav2vec2bert,despues,32.8764,-22.2430,fr,bonafide
wav2vec2bert,despues,8.3245,-9.8241,fr,bonafide
wav2vec2bert,despues,-31.5024,-13.6704,fr,bonafide
wav2vec2bert,despues,23.7592,-7.0979,fr,bonafide
wav2vec2bert,despues,-21.3721,-22.6482,fr,bonafide
wav2vec2bert,despues,28.5312,-29.1729,fr,bonafide
wav2vec2bert,despues,-26.9577,-19.5840,fr,bonafide
wav2vec2bert,despues,22.6922,-23.0366,fr,bonafide
wav2vec2bert,despues,32.8047,-21.2689,fr,bonafide
wav2vec2bert,despues,9.1655,-14.6773,fr,bonafide
wav2vec2bert,despues,2.3721,-2.9883,fr,bonafide
wav2vec2bert,despues,-19.6229,-21.7033,fr,bonafide
wav2vec2bert,despues,-2.3033,-7.7801,fr,bonafide
wav2vec2bert,despues,28.0421,-12.5334,fr,bonafide
wav2vec2bert,despues,4.9855,9.9948,fr,bonafide
wav2vec2bert,despues,11.8351,-13.1244,fr,bonafide
wav2vec2bert,despues,-18.0125,-22.7929,fr,bonafide
wav2vec2bert,despues,-31.2443,-7.4231,fr,bonafide
wav2vec2bert,despues,-28.0777,-18.4125,fr,bonafide
wav2vec2bert,despues,11.9379,-14.5059,fr,bonafide
wav2vec2bert,despues,8.7559,-3.7671,fr,spoof
wav2vec2bert,despues,11.1810,-0.4206,fr,spoof
wav2vec2bert,despues,-29.7732,-17.7946,fr,spoof
wav2vec2bert,despues,11.4276,-9.3482,fr,spoof
wav2vec2bert,despues,-35.9843,2.1966,fr,spoof
wav2vec2bert,despues,17.6395,-4.4418,fr,spoof
wav2vec2bert,despues,8.4932,-7.5931,fr,spoof
wav2vec2bert,despues,24.9914,-2.2927,fr,spoof
wav2vec2bert,despues,-34.9744,1.4278,fr,spoof
wav2vec2bert,despues,37.4362,-5.9234,fr,spoof
wav2vec2bert,despues,14.7180,-7.4838,fr,spoof
wav2vec2bert,despues,14.3856,-2.7464,fr,spoof
wav2vec2bert,despues,-28.3775,-8.0940,fr,spoof
wav2vec2bert,despues,-18.6422,-25.5843,fr,spoof
wav2vec2bert,despues,-12.1905,6.0110,fr,spoof
wav2vec2bert,despues,10.8230,-10.7836,fr,spoof
wav2vec2bert,despues,14.5319,13.9419,fr,spoof
wav2vec2bert,despues,6.4788,-2.8022,fr,spoof
wav2vec2bert,despues,-18.8522,-8.9348,fr,spoof
wav2vec2bert,despues,24.9401,1.8429,fr,spoof
wav2vec2bert,despues,13.2727,-4.7803,fr,spoof
wav2vec2bert,despues,-22.0808,-26.6398,fr,spoof
wav2vec2bert,despues,-19.7314,0.5784,fr,spoof
wav2vec2bert,despues,11.7795,-7.7441,fr,spoof
wav2vec2bert,despues,-27.5163,-8.3764,fr,spoof
wav2vec2bert,despues,5.2095,-4.4172,fr,spoof
wav2vec2bert,despues,15.2946,-5.6880,fr,spoof
wav2vec2bert,despues,21.2081,12.4629,fr,spoof
wav2vec2bert,despues,-27.6082,-9.2559,fr,spoof
wav2vec2bert,despues,-30.2326,-1.9156,fr,spoof
wav2vec2bert,despues,-34.3261,17.4546,fr,spoof
wav2vec2bert,despues,-22.6640,-25.8971,fr,spoof
wav2vec2bert,despues,12.9189,-5.6765,fr,spoof
wav2vec2bert,despues,-25.4901,-4.3159,fr,spoof
wav2vec2bert,despues,11.7508,-6.2442,fr,spoof
wav2vec2bert,despues,24.4757,-5.0800,fr,spoof
wav2vec2bert,despues,37.6782,8.1434,fr,spoof
wav2vec2bert,despues,27.3083,-26.3086,fr,spoof
wav2vec2bert,despues,9.9237,-6.3173,fr,spoof
wav2vec2bert,despues,-29.9760,-2.4205,fr,spoof
wav2vec2bert,despues,-22.1351,-25.8148,fr,spoof
wav2vec2bert,despues,26.4687,3.0458,fr,spoof
wav2vec2bert,despues,14.0420,-2.9980,fr,spoof
wav2vec2bert,despues,0.7235,10.5292,fr,spoof
wav2vec2bert,despues,-10.4414,35.9155,fr,spoof
wav2vec2bert,despues,-14.3818,-18.7823,fr,spoof
wav2vec2bert,despues,9.7710,-6.7236,fr,spoof
wav2vec2bert,despues,15.0167,-4.8661,fr,spoof
wav2vec2bert,despues,-22.1024,-17.5130,fr,spoof
wav2vec2bert,despues,-21.3543,7.7775,fr,spoof
wav2vec2bert,despues,-34.2117,6.0440,fr,spoof
wav2vec2bert,despues,31.7477,23.4143,fr,spoof
wav2vec2bert,despues,14.1747,-5.1242,fr,spoof
wav2vec2bert,despues,-13.8370,29.2018,fr,spoof
wav2vec2bert,despues,-9.2024,11.7197,fr,spoof
wav2vec2bert,despues,23.8777,17.2909,fr,spoof
wav2vec2bert,despues,-23.4681,-24.9295,fr,spoof
wav2vec2bert,despues,-29.7068,-5.8811,fr,spoof
wav2vec2bert,despues,40.9455,-14.6708,fr,spoof
wav2vec2bert,despues,26.4731,2.9431,fr,spoof
wav2vec2bert,despues,-21.2787,-6.5598,fr,spoof
wav2vec2bert,despues,17.4549,-4.5245,fr,spoof
wav2vec2bert,despues,7.6297,-12.3881,fr,spoof
wav2vec2bert,despues,8.9072,-7.1319,fr,spoof
wav2vec2bert,despues,-12.1614,5.5633,fr,spoof
wav2vec2bert,despues,15.2246,-5.5475,fr,spoof
wav2vec2bert,despues,20.2503,-3.5600,fr,spoof
wav2vec2bert,despues,24.9413,1.9429,fr,spoof
wav2vec2bert,despues,10.3238,-8.2084,fr,spoof
wav2vec2bert,despues,7.1961,-4.0651,fr,spoof
wav2vec2bert,despues,7.4421,-4.8846,fr,spoof
wav2vec2bert,despues,17.4441,-4.5605,fr,spoof
wav2vec2bert,despues,-24.9003,18.7794,fr,spoof
wav2vec2bert,despues,15.0315,6.7818,fr,spoof
wav2vec2bert,despues,11.6371,-3.5452,fr,spoof
wav2vec2bert,despues,10.5984,-10.5127,fr,spoof
wav2vec2bert,despues,-26.4830,18.3934,fr,spoof
wav2vec2bert,despues,14.2207,-2.8786,fr,spoof
wav2vec2bert,despues,-7.1030,-16.6837,fr,spoof
wav2vec2bert,despues,25.5143,-3.8978,fr,spoof
wav2vec2bert,despues,-29.7693,15.5053,fr,spoof
wav2vec2bert,despues,-29.6084,-14.7729,fr,spoof
wav2vec2bert,despues,-30.0724,-4.1573,fr,spoof
wav2vec2bert,despues,-17.4488,-9.7273,fr,spoof
wav2vec2bert,despues,11.1307,-11.6110,fr,spoof
wav2vec2bert,despues,-25.5308,-3.9433,fr,spoof
wav2vec2bert,despues,12.7519,12.1843,fr,spoof
wav2vec2bert,despues,9.3645,-11.8187,fr,spoof
wav2vec2bert,despues,12.2943,-4.9202,fr,spoof
wav2vec2bert,despues,-13.9557,-0.0158,fr,spoof
wav2vec2bert,despues,8.1021,-7.7009,fr,spoof
wav2vec2bert,despues,14.8114,19.0846,fr,spoof
wav2vec2bert,despues,9.9754,-13.3299,fr,spoof
wav2vec2bert,despues,7.1393,-21.1844,fr,spoof
wav2vec2bert,despues,-4.1773,-2.4584,fr,spoof
wav2vec2bert,despues,28.3028,-29.9037,fr,spoof
wav2vec2bert,despues,12.7553,-5.2940,fr,spoof
wav2vec2bert,despues,15.3489,23.6012,fr,spoof
wav2vec2bert,despues,-21.2114,-24.6245,fr,spoof
wav2vec2bert,despues,-10.7507,-4.6853,fr,spoof
wav2vec2bert,despues,3.5392,-24.0279,fr,spoof
wav2vec2bert,despues,21.6776,7.0157,fr,spoof
wav2vec2bert,despues,-20.7055,-23.3551,fr,spoof
wav2vec2bert,despues,-11.9670,13.8873,fr,spoof
wav2vec2bert,despues,-20.2969,-21.1086,fr,spoof
wav2vec2bert,despues,-29.8184,-5.5143,fr,spoof
wav2vec2bert,despues,7.0511,-4.2556,fr,spoof
wav2vec2bert,despues,-38.6269,12.4243,fr,spoof
wav2vec2bert,despues,7.7429,-2.9737,fr,spoof
wav2vec2bert,despues,1.2667,6.3013,fr,spoof
wav2vec2bert,despues,11.1771,-7.4280,fr,spoof
wav2vec2bert,despues,-28.7494,-8.9527,fr,spoof
wav2vec2bert,despues,-25.4219,-4.1742,fr,spoof
wav2vec2bert,despues,7.3840,-12.4611,fr,spoof
wav2vec2bert,despues,13.8945,-5.7796,fr,spoof
wav2vec2bert,despues,-37.4556,-8.8052,fr,spoof
wav2vec2bert,despues,28.3689,20.0635,fr,spoof
wav2vec2bert,despues,-23.1159,-22.8341,fr,spoof
wav2vec2bert,despues,11.6969,-3.6371,fr,spoof
wav2vec2bert,despues,11.2809,-5.2101,fr,spoof
wav2vec2bert,despues,-27.7545,-8.4828,fr,spoof
wav2vec2bert,despues,23.2160,6.1484,fr,spoof
wav2vec2bert,despues,-9.6531,-19.1119,fr,spoof
wav2vec2bert,despues,7.2133,-2.9075,fr,spoof
wav2vec2bert,despues,26.4101,18.5005,fr,spoof
wav2vec2bert,despues,37.4794,-5.8604,fr,spoof
wav2vec2bert,despues,23.6155,16.4286,fr,spoof
wav2vec2bert,despues,-29.3386,-6.2973,fr,spoof
wav2vec2bert,despues,26.1413,16.4214,fr,spoof
wav2vec2bert,despues,35.7081,-23.5343,fr,spoof
wav2vec2bert,despues,-22.0424,-16.8810,fr,spoof
wav2vec2bert,despues,14.0964,-6.0411,fr,spoof
wav2vec2bert,despues,-13.9652,-24.2653,fr,spoof
wav2vec2bert,despues,-30.6258,10.0233,fr,spoof
wav2vec2bert,despues,-14.5396,3.7827,fr,spoof
wav2vec2bert,despues,-10.2614,4.0771,fr,spoof
wav2vec2bert,despues,-0.2969,4.3650,fr,spoof
wav2vec2bert,despues,-28.3764,-8.9749,fr,spoof
wav2vec2bert,despues,-22.6964,-19.0583,fr,spoof
wav2vec2bert,despues,8.1976,-1.8911,fr,spoof
wav2vec2bert,despues,-25.6532,-9.5343,fr,spoof
wav2vec2bert,despues,-23.7230,-25.2411,fr,spoof
wav2vec2bert,despues,31.8558,-1.1580,fr,spoof
wav2vec2bert,despues,11.0156,27.8702,fr,spoof
wav2vec2bert,despues,4.3632,15.9076,fr,spoof
wav2vec2bert,despues,-23.7380,-25.1684,fr,spoof
wav2vec2bert,despues,22.9850,8.6064,fr,spoof
wav2vec2bert,despues,8.0923,-9.4808,fr,spoof
wav2vec2bert,despues,7.6651,-21.0234,fr,spoof
wav2vec2bert,despues,-30.3969,-8.0466,fr,spoof
wav2vec2bert,despues,-30.7227,29.0881,it,bonafide
wav2vec2bert,despues,38.4625,-16.3162,it,bonafide
wav2vec2bert,despues,16.0127,-32.5164,it,bonafide
wav2vec2bert,despues,6.2252,3.0422,it,bonafide
wav2vec2bert,despues,41.5040,-20.8762,it,bonafide
wav2vec2bert,despues,11.4398,18.5872,it,bonafide
wav2vec2bert,despues,-18.8105,-1.8670,it,bonafide
wav2vec2bert,despues,32.8064,-13.2876,it,bonafide
wav2vec2bert,despues,-14.2532,34.1525,it,bonafide
wav2vec2bert,despues,10.9804,19.2207,it,bonafide
wav2vec2bert,despues,21.1758,0.0036,it,bonafide
wav2vec2bert,despues,28.5962,-9.9019,it,bonafide
wav2vec2bert,despues,-14.2619,34.2028,it,bonafide
wav2vec2bert,despues,23.8534,-16.4317,it,bonafide
wav2vec2bert,despues,-36.5006,-7.1742,it,bonafide
wav2vec2bert,despues,10.6284,12.4683,it,bonafide
wav2vec2bert,despues,-25.4571,7.9119,it,bonafide
wav2vec2bert,despues,13.1889,8.5606,it,bonafide
wav2vec2bert,despues,23.6574,-18.2587,it,bonafide
wav2vec2bert,despues,13.4222,8.4264,it,bonafide
wav2vec2bert,despues,-40.1040,-10.2064,it,bonafide
wav2vec2bert,despues,21.3255,-10.5349,it,bonafide
wav2vec2bert,despues,31.0320,-11.6344,it,bonafide
wav2vec2bert,despues,22.1754,-17.6282,it,bonafide
wav2vec2bert,despues,29.6827,-21.7789,it,bonafide
wav2vec2bert,despues,-31.4692,-3.9858,it,bonafide
wav2vec2bert,despues,4.6945,1.9408,it,bonafide
wav2vec2bert,despues,36.5914,-14.6767,it,bonafide
wav2vec2bert,despues,40.4097,-14.0860,it,bonafide
wav2vec2bert,despues,6.6515,8.8748,it,bonafide
wav2vec2bert,despues,26.4471,-22.6406,it,bonafide
wav2vec2bert,despues,30.3828,-14.0759,it,bonafide
wav2vec2bert,despues,28.7628,-17.4720,it,bonafide
wav2vec2bert,despues,26.1225,0.3256,it,bonafide
wav2vec2bert,despues,20.7226,0.0896,it,bonafide
wav2vec2bert,despues,-17.3724,-3.6450,it,bonafide
wav2vec2bert,despues,40.5675,-18.6861,it,bonafide
wav2vec2bert,despues,34.2141,-13.3354,it,bonafide
wav2vec2bert,despues,-16.6084,-1.2420,it,bonafide
wav2vec2bert,despues,16.9828,2.2444,it,bonafide
wav2vec2bert,despues,32.4378,-15.9526,it,bonafide
wav2vec2bert,despues,33.3306,-17.0756,it,bonafide
wav2vec2bert,despues,-17.7739,-5.4975,it,bonafide
wav2vec2bert,despues,24.1408,-17.3749,it,bonafide
wav2vec2bert,despues,41.4629,-21.0631,it,bonafide
wav2vec2bert,despues,28.7378,16.4730,it,bonafide
wav2vec2bert,despues,-18.6521,-1.9951,it,bonafide
wav2vec2bert,despues,-13.4627,-6.0011,it,bonafide
wav2vec2bert,despues,9.9163,8.9913,it,bonafide
wav2vec2bert,despues,-31.4916,-3.9396,it,bonafide
wav2vec2bert,despues,26.4580,-8.8374,it,bonafide
wav2vec2bert,despues,22.2059,-11.1980,it,bonafide
wav2vec2bert,despues,-15.0313,-5.7842,it,bonafide
wav2vec2bert,despues,9.8898,13.0880,it,bonafide
wav2vec2bert,despues,-14.2125,36.8565,it,bonafide
wav2vec2bert,despues,-34.4868,4.7738,it,bonafide
wav2vec2bert,despues,-40.5302,-9.6194,it,bonafide
wav2vec2bert,despues,30.7922,-11.2931,it,bonafide
wav2vec2bert,despues,20.9846,-23.4466,it,bonafide
wav2vec2bert,despues,29.1316,-16.2888,it,bonafide
wav2vec2bert,despues,25.0569,-12.4103,it,bonafide
wav2vec2bert,despues,28.8788,-10.2237,it,bonafide
wav2vec2bert,despues,26.5921,-21.0931,it,bonafide
wav2vec2bert,despues,25.9726,-7.9651,it,bonafide
wav2vec2bert,despues,21.5852,-15.1604,it,bonafide
wav2vec2bert,despues,22.1395,-10.7879,it,bonafide
wav2vec2bert,despues,9.1650,3.9430,it,bonafide
wav2vec2bert,despues,37.8822,-8.3655,it,bonafide
wav2vec2bert,despues,24.4719,-19.7181,it,bonafide
wav2vec2bert,despues,33.1148,-12.9791,it,bonafide
wav2vec2bert,despues,22.0402,-0.3955,it,bonafide
wav2vec2bert,despues,14.1668,17.7649,it,bonafide
wav2vec2bert,despues,26.5617,-15.3156,it,bonafide
wav2vec2bert,despues,35.7427,-17.3985,it,bonafide
wav2vec2bert,despues,26.1322,-21.0955,it,bonafide
wav2vec2bert,despues,-18.0709,0.2804,it,bonafide
wav2vec2bert,despues,-14.6009,-0.1592,it,bonafide
wav2vec2bert,despues,-13.1346,-7.2248,it,bonafide
wav2vec2bert,despues,-38.6319,-6.9772,it,bonafide
wav2vec2bert,despues,32.3032,-15.0867,it,bonafide
wav2vec2bert,despues,24.4334,-17.2453,it,bonafide
wav2vec2bert,despues,24.0691,-16.4317,it,bonafide
wav2vec2bert,despues,26.2983,-7.1822,it,bonafide
wav2vec2bert,despues,8.5267,-0.0848,it,bonafide
wav2vec2bert,despues,-41.3465,-10.6555,it,bonafide
wav2vec2bert,despues,7.0060,4.1522,it,bonafide
wav2vec2bert,despues,11.2664,5.6815,it,bonafide
wav2vec2bert,despues,1.6495,-1.3779,it,bonafide
wav2vec2bert,despues,27.7262,-21.4262,it,bonafide
wav2vec2bert,despues,31.3745,-12.2794,it,bonafide
wav2vec2bert,despues,8.2972,8.7793,it,bonafide
wav2vec2bert,despues,32.2658,-9.7998,it,bonafide
wav2vec2bert,despues,9.7884,8.4073,it,bonafide
wav2vec2bert,despues,4.8388,8.8231,it,bonafide
wav2vec2bert,despues,27.9455,-10.2857,it,bonafide
wav2vec2bert,despues,13.4251,19.4443,it,bonafide
wav2vec2bert,despues,-44.0781,-11.2880,it,bonafide
wav2vec2bert,despues,4.9076,8.9677,it,bonafide
wav2vec2bert,despues,-27.4224,6.5606,it,bonafide
wav2vec2bert,despues,19.9653,-14.7679,it,bonafide
wav2vec2bert,despues,4.5488,0.0640,it,bonafide
wav2vec2bert,despues,10.9108,12.3751,it,bonafide
wav2vec2bert,despues,-30.9570,-1.6009,it,bonafide
wav2vec2bert,despues,25.3142,-11.5442,it,bonafide
wav2vec2bert,despues,-15.9643,34.1112,it,bonafide
wav2vec2bert,despues,13.5516,-16.7567,it,bonafide
wav2vec2bert,despues,26.0347,-9.3050,it,bonafide
wav2vec2bert,despues,-36.2259,-6.8066,it,bonafide
wav2vec2bert,despues,5.5223,11.6900,it,bonafide
wav2vec2bert,despues,28.4439,-17.2400,it,bonafide
wav2vec2bert,despues,26.0694,-20.5618,it,bonafide
wav2vec2bert,despues,-31.4351,14.1315,it,bonafide
wav2vec2bert,despues,26.8200,-17.4426,it,bonafide
wav2vec2bert,despues,30.9849,-14.1224,it,bonafide
wav2vec2bert,despues,25.1774,-19.6345,it,bonafide
wav2vec2bert,despues,25.6120,-19.1186,it,bonafide
wav2vec2bert,despues,24.4858,-9.2868,it,bonafide
wav2vec2bert,despues,26.6882,-8.8969,it,bonafide
wav2vec2bert,despues,-10.1458,-20.4875,it,bonafide
wav2vec2bert,despues,34.1817,-16.0323,it,bonafide
wav2vec2bert,despues,8.3396,13.5450,it,bonafide
wav2vec2bert,despues,30.0878,-14.1471,it,bonafide
wav2vec2bert,despues,5.5382,7.6856,it,bonafide
wav2vec2bert,despues,25.3739,-11.9295,it,bonafide
wav2vec2bert,despues,27.6155,-11.4576,it,bonafide
wav2vec2bert,despues,5.4573,-0.0425,it,bonafide
wav2vec2bert,despues,39.5127,-12.6854,it,bonafide
wav2vec2bert,despues,6.7194,9.4425,it,bonafide
wav2vec2bert,despues,37.8062,-16.5148,it,bonafide
wav2vec2bert,despues,35.6800,-17.0298,it,bonafide
wav2vec2bert,despues,26.2677,-23.1083,it,bonafide
wav2vec2bert,despues,8.9904,3.8406,it,bonafide
wav2vec2bert,despues,1.6622,8.6552,it,bonafide
wav2vec2bert,despues,-34.2837,3.6176,it,bonafide
wav2vec2bert,despues,-9.8406,-20.6050,it,bonafide
wav2vec2bert,despues,-39.9112,6.2590,it,bonafide
wav2vec2bert,despues,10.0552,11.8328,it,bonafide
wav2vec2bert,despues,21.0257,-14.4178,it,bonafide
wav2vec2bert,despues,22.5484,-10.9482,it,bonafide
wav2vec2bert,despues,32.5662,-15.2267,it,bonafide
wav2vec2bert,despues,23.8533,-16.2196,it,bonafide
wav2vec2bert,despues,10.1570,-2.1220,it,bonafide
wav2vec2bert,despues,20.5389,-0.1465,it,bonafide
wav2vec2bert,despues,25.5195,-9.3895,it,bonafide
wav2vec2bert,despues,-44.2954,-11.2266,it,bonafide
wav2vec2bert,despues,-36.6307,8.9448,it,bonafide
wav2vec2bert,despues,8.3658,8.9026,it,bonafide
wav2vec2bert,despues,0.1173,4.1324,it,bonafide
wav2vec2bert,despues,21.8976,0.1792,it,bonafide
wav2vec2bert,despues,24.1831,-19.4911,it,bonafide
wav2vec2bert,despues,-23.6962,16.5010,it,spoof
wav2vec2bert,despues,-26.7872,11.5992,it,spoof
wav2vec2bert,despues,-37.4300,12.5445,it,spoof
wav2vec2bert,despues,-43.2131,11.1549,it,spoof
wav2vec2bert,despues,4.2812,2.5869,it,spoof
wav2vec2bert,despues,-19.8859,22.9853,it,spoof
wav2vec2bert,despues,19.4858,15.9437,it,spoof
wav2vec2bert,despues,12.0853,12.7219,it,spoof
wav2vec2bert,despues,-25.9806,16.8410,it,spoof
wav2vec2bert,despues,4.9835,4.6006,it,spoof
wav2vec2bert,despues,-26.3614,15.0575,it,spoof
wav2vec2bert,despues,-37.1421,-19.2656,it,spoof
wav2vec2bert,despues,-38.7402,6.3525,it,spoof
wav2vec2bert,despues,-8.7101,-8.2253,it,spoof
wav2vec2bert,despues,37.1867,-11.0693,it,spoof
wav2vec2bert,despues,11.0588,4.1613,it,spoof
wav2vec2bert,despues,-37.7218,-15.9985,it,spoof
wav2vec2bert,despues,23.5802,-1.7360,it,spoof
wav2vec2bert,despues,24.0711,7.8220,it,spoof
wav2vec2bert,despues,2.9983,0.8508,it,spoof
wav2vec2bert,despues,-19.5172,23.1717,it,spoof
wav2vec2bert,despues,-22.4144,9.4541,it,spoof
wav2vec2bert,despues,-37.8563,-16.5594,it,spoof
wav2vec2bert,despues,-4.8006,3.2986,it,spoof
wav2vec2bert,despues,20.7325,17.8832,it,spoof
wav2vec2bert,despues,24.1040,10.4185,it,spoof
wav2vec2bert,despues,-16.9826,30.2463,it,spoof
wav2vec2bert,despues,22.3787,-3.8946,it,spoof
wav2vec2bert,despues,2.1533,-3.6882,it,spoof
wav2vec2bert,despues,-25.6932,16.7986,it,spoof
wav2vec2bert,despues,10.6399,7.0886,it,spoof
wav2vec2bert,despues,-36.8275,7.4280,it,spoof
wav2vec2bert,despues,-6.9232,5.6527,it,spoof
wav2vec2bert,despues,13.1018,18.0668,it,spoof
wav2vec2bert,despues,13.1158,4.6465,it,spoof
wav2vec2bert,despues,-18.0581,-0.3463,it,spoof
wav2vec2bert,despues,-2.7975,2.7574,it,spoof
wav2vec2bert,despues,2.4220,1.1754,it,spoof
wav2vec2bert,despues,22.1588,10.9711,it,spoof
wav2vec2bert,despues,-24.2066,10.4975,it,spoof
wav2vec2bert,despues,-33.5710,11.2058,it,spoof
wav2vec2bert,despues,10.1774,-1.3291,it,spoof
wav2vec2bert,despues,23.6151,4.4539,it,spoof
wav2vec2bert,despues,-37.5933,-15.6521,it,spoof
wav2vec2bert,despues,-34.2057,-18.5334,it,spoof
wav2vec2bert,despues,23.7684,10.4352,it,spoof
wav2vec2bert,despues,17.9634,8.7038,it,spoof
wav2vec2bert,despues,-20.7435,20.3322,it,spoof
wav2vec2bert,despues,-37.7766,-8.8698,it,spoof
wav2vec2bert,despues,25.8688,14.8017,it,spoof
wav2vec2bert,despues,-5.5450,3.1423,it,spoof
wav2vec2bert,despues,7.9059,2.2919,it,spoof
wav2vec2bert,despues,-26.0367,16.8073,it,spoof
wav2vec2bert,despues,32.7209,23.2354,it,spoof
wav2vec2bert,despues,18.4989,8.1185,it,spoof
wav2vec2bert,despues,19.1755,21.3706,it,spoof
wav2vec2bert,despues,-31.8363,7.3022,it,spoof
wav2vec2bert,despues,10.2058,-1.8646,it,spoof
wav2vec2bert,despues,27.8564,8.1733,it,spoof
wav2vec2bert,despues,1.9233,26.1834,it,spoof
wav2vec2bert,despues,-36.6064,9.9970,it,spoof
wav2vec2bert,despues,3.4963,-20.4806,it,spoof
wav2vec2bert,despues,27.4124,11.9569,it,spoof
wav2vec2bert,despues,3.5383,0.0960,it,spoof
wav2vec2bert,despues,37.5505,-11.4161,it,spoof
wav2vec2bert,despues,-4.4181,3.6941,it,spoof
wav2vec2bert,despues,40.6834,-13.9270,it,spoof
wav2vec2bert,despues,0.2276,-4.0821,it,spoof
wav2vec2bert,despues,-22.5557,10.6219,it,spoof
wav2vec2bert,despues,-37.1637,-20.6383,it,spoof
wav2vec2bert,despues,4.0265,-0.5248,it,spoof
wav2vec2bert,despues,-22.6494,0.5503,it,spoof
wav2vec2bert,despues,11.1479,6.6523,it,spoof
wav2vec2bert,despues,-21.4970,20.6674,it,spoof
wav2vec2bert,despues,23.4564,9.7642,it,spoof
wav2vec2bert,despues,30.8915,15.6369,it,spoof
wav2vec2bert,despues,4.2516,8.3036,it,spoof
wav2vec2bert,despues,3.7316,8.0677,it,spoof
wav2vec2bert,despues,14.4246,-7.1022,it,spoof
wav2vec2bert,despues,19.5504,7.0434,it,spoof
wav2vec2bert,despues,17.8555,15.7905,it,spoof
wav2vec2bert,despues,-33.8984,12.0882,it,spoof
wav2vec2bert,despues,13.3962,2.4307,it,spoof
wav2vec2bert,despues,1.5424,1.7733,it,spoof
wav2vec2bert,despues,23.4969,11.6631,it,spoof
wav2vec2bert,despues,-15.2395,30.8559,it,spoof
wav2vec2bert,despues,-15.8793,34.4885,it,spoof
wav2vec2bert,despues,-14.0392,34.0874,it,spoof
wav2vec2bert,despues,-2.7317,4.2385,it,spoof
wav2vec2bert,despues,-6.4538,8.8951,it,spoof
wav2vec2bert,despues,-28.5817,19.5502,it,spoof
wav2vec2bert,despues,21.5594,-5.9862,it,spoof
wav2vec2bert,despues,-25.1494,16.4609,it,spoof
wav2vec2bert,despues,-36.2460,-19.8284,it,spoof
wav2vec2bert,despues,-36.5430,-20.0393,it,spoof
wav2vec2bert,despues,-35.6911,-19.7138,it,spoof
wav2vec2bert,despues,4.8104,-2.4027,it,spoof
wav2vec2bert,despues,20.4280,14.8263,it,spoof
wav2vec2bert,despues,-39.2324,-14.7951,it,spoof
wav2vec2bert,despues,28.0399,0.8408,it,spoof
wav2vec2bert,despues,5.2542,4.0760,it,spoof
wav2vec2bert,despues,31.8670,-4.4256,it,spoof
wav2vec2bert,despues,18.9462,16.4452,it,spoof
wav2vec2bert,despues,-37.3369,12.4945,it,spoof
wav2vec2bert,despues,19.8949,0.3995,it,spoof
wav2vec2bert,despues,2.1176,11.2439,it,spoof
wav2vec2bert,despues,9.6122,7.3815,it,spoof
wav2vec2bert,despues,19.0997,16.5988,it,spoof
wav2vec2bert,despues,18.7307,16.9787,it,spoof
wav2vec2bert,despues,21.6977,8.2363,it,spoof
wav2vec2bert,despues,19.0046,14.1827,it,spoof
wav2vec2bert,despues,-29.9011,14.3702,it,spoof
wav2vec2bert,despues,-40.0343,-14.8676,it,spoof
wav2vec2bert,despues,30.0433,9.6467,it,spoof
wav2vec2bert,despues,-39.9065,-11.2576,it,spoof
wav2vec2bert,despues,-33.5452,-21.7845,it,spoof
wav2vec2bert,despues,-20.9406,22.3572,it,spoof
wav2vec2bert,despues,-0.0434,9.9746,it,spoof
wav2vec2bert,despues,10.6582,7.0406,it,spoof
wav2vec2bert,despues,-24.3386,16.2224,it,spoof
wav2vec2bert,despues,-39.1919,12.1794,it,spoof
wav2vec2bert,despues,17.3490,13.2541,it,spoof
wav2vec2bert,despues,23.1435,15.9161,it,spoof
wav2vec2bert,despues,-6.6296,-16.9836,it,spoof
wav2vec2bert,despues,21.1121,12.0902,it,spoof
wav2vec2bert,despues,7.8586,2.3502,it,spoof
wav2vec2bert,despues,26.4164,10.9846,it,spoof
wav2vec2bert,despues,-29.8177,14.6822,it,spoof
wav2vec2bert,despues,-26.6434,16.0938,it,spoof
wav2vec2bert,despues,21.4974,8.8581,it,spoof
wav2vec2bert,despues,-36.1112,-21.2905,it,spoof
wav2vec2bert,despues,1.7063,10.1675,it,spoof
wav2vec2bert,despues,-37.1765,10.2991,it,spoof
wav2vec2bert,despues,-31.1067,-7.5160,it,spoof
wav2vec2bert,despues,-37.1737,-21.4304,it,spoof
wav2vec2bert,despues,32.6844,14.9761,it,spoof
wav2vec2bert,despues,-36.1748,-21.4645,it,spoof
wav2vec2bert,despues,22.4474,12.8583,it,spoof
wav2vec2bert,despues,5.7601,1.8438,it,spoof
wav2vec2bert,despues,19.2720,-0.2180,it,spoof
wav2vec2bert,despues,-14.8649,10.3242,it,spoof
wav2vec2bert,despues,13.2894,10.0186,it,spoof
wav2vec2bert,despues,-17.8029,-5.0981,it,spoof
wav2vec2bert,despues,23.9433,10.5447,it,spoof
wav2vec2bert,despues,-32.4813,17.8127,it,spoof
wav2vec2bert,despues,28.7853,-9.2760,it,spoof
wav2vec2bert,despues,-14.0884,29.3269,it,spoof
wav2vec2bert,despues,-8.5152,9.5540,it,spoof
wav2vec2bert,despues,20.5442,18.4961,it,spoof
wav2vec2bert,despues,-23.3019,-7.5117,it,spoof
wav2vec2bert,despues,-2.6416,15.1605,pl,bonafide
wav2vec2bert,despues,-4.7875,18.3503,pl,bonafide
wav2vec2bert,despues,-7.5156,16.9851,pl,bonafide
wav2vec2bert,despues,4.2691,-27.1743,pl,bonafide
wav2vec2bert,despues,-5.2443,24.4664,pl,bonafide
wav2vec2bert,despues,5.1789,-30.5277,pl,bonafide
wav2vec2bert,despues,2.9486,-27.8896,pl,bonafide
wav2vec2bert,despues,0.9200,18.9805,pl,bonafide
wav2vec2bert,despues,-4.9853,19.6633,pl,bonafide
wav2vec2bert,despues,-3.1443,20.9064,pl,bonafide
wav2vec2bert,despues,-1.6241,14.5771,pl,bonafide
wav2vec2bert,despues,-6.4465,18.3214,pl,bonafide
wav2vec2bert,despues,-4.0987,21.3480,pl,bonafide
wav2vec2bert,despues,1.1586,-26.1565,pl,bonafide
wav2vec2bert,despues,-9.1917,21.7082,pl,bonafide
wav2vec2bert,despues,0.8912,-27.5999,pl,bonafide
wav2vec2bert,despues,-8.7366,26.3805,pl,bonafide
wav2vec2bert,despues,-3.6297,25.6135,pl,bonafide
wav2vec2bert,despues,-8.9854,22.9115,pl,bonafide
wav2vec2bert,despues,-9.2406,20.0169,pl,bonafide
wav2vec2bert,despues,39.9497,23.5389,pl,bonafide
wav2vec2bert,despues,6.7477,-26.1214,pl,bonafide
wav2vec2bert,despues,1.8225,-33.9020,pl,bonafide
wav2vec2bert,despues,-6.1344,17.6607,pl,bonafide
wav2vec2bert,despues,7.6717,-30.1428,pl,bonafide
wav2vec2bert,despues,-0.1568,16.5889,pl,bonafide
wav2vec2bert,despues,-3.3777,23.1637,pl,bonafide
wav2vec2bert,despues,39.9581,23.5384,pl,bonafide
wav2vec2bert,despues,6.3827,-29.1351,pl,bonafide
wav2vec2bert,despues,6.7717,-30.1612,pl,bonafide
wav2vec2bert,despues,-1.9926,15.9860,pl,bonafide
wav2vec2bert,despues,3.4519,-29.2034,pl,bonafide
wav2vec2bert,despues,-5.2046,16.0805,pl,bonafide
wav2vec2bert,despues,-7.4255,26.8180,pl,bonafide
wav2vec2bert,despues,-3.9731,20.1976,pl,bonafide
wav2vec2bert,despues,1.9087,-31.6233,pl,bonafide
wav2vec2bert,despues,0.9079,18.6810,pl,bonafide
wav2vec2bert,despues,-7.4461,25.0469,pl,bonafide
wav2vec2bert,despues,6.9445,-28.1636,pl,bonafide
wav2vec2bert,despues,-5.6227,21.7146,pl,bonafide
wav2vec2bert,despues,-6.6009,20.6558,pl,bonafide
wav2vec2bert,despues,1.4907,-32.6115,pl,bonafide
wav2vec2bert,despues,-10.8744,32.7323,pl,bonafide
wav2vec2bert,despues,5.8124,-31.3859,pl,bonafide
wav2vec2bert,despues,-3.0150,24.6235,pl,bonafide
wav2vec2bert,despues,7.3183,-30.0975,pl,bonafide
wav2vec2bert,despues,-0.2882,-27.9984,pl,bonafide
wav2vec2bert,despues,-0.2134,22.3796,pl,bonafide
wav2vec2bert,despues,-3.1928,16.5729,pl,bonafide
wav2vec2bert,despues,6.0383,-30.4334,pl,bonafide
wav2vec2bert,despues,1.5950,-26.8235,pl,bonafide
wav2vec2bert,despues,6.3278,-30.3425,pl,bonafide
wav2vec2bert,despues,2.0752,-27.5451,pl,bonafide
wav2vec2bert,despues,-6.2158,18.9965,pl,bonafide
wav2vec2bert,despues,4.0551,-28.5619,pl,bonafide
wav2vec2bert,despues,5.8103,-28.9531,pl,bonafide
wav2vec2bert,despues,-4.5965,18.9671,pl,bonafide
wav2vec2bert,despues,-1.6093,24.3873,pl,bonafide
wav2vec2bert,despues,-2.7384,16.8810,pl,bonafide
wav2vec2bert,despues,-5.8751,17.1676,pl,bonafide
wav2vec2bert,despues,-3.9302,19.4590,pl,bonafide
wav2vec2bert,despues,-9.4296,16.3817,pl,bonafide
wav2vec2bert,despues,-5.1783,24.1362,pl,bonafide
wav2vec2bert,despues,-2.0852,17.7734,pl,bonafide
wav2vec2bert,despues,5.0595,-26.6569,pl,bonafide
wav2vec2bert,despues,1.1044,-32.0847,pl,bonafide
wav2vec2bert,despues,0.6920,-33.0321,pl,bonafide
wav2vec2bert,despues,-1.3848,-5.9311,pl,bonafide
wav2vec2bert,despues,3.0260,-30.9765,pl,bonafide
wav2vec2bert,despues,-0.3558,-32.3273,pl,bonafide
wav2vec2bert,despues,-9.0500,20.2008,pl,bonafide
wav2vec2bert,despues,-3.1177,24.7645,pl,bonafide
wav2vec2bert,despues,-4.4694,17.3104,pl,bonafide
wav2vec2bert,despues,-3.6517,22.1191,pl,bonafide
wav2vec2bert,despues,-5.0179,15.9493,pl,bonafide
wav2vec2bert,despues,-10.0618,24.0510,pl,bonafide
wav2vec2bert,despues,2.1041,-26.6932,pl,bonafide
wav2vec2bert,despues,0.2412,20.5965,pl,bonafide
wav2vec2bert,despues,-6.2944,15.7071,pl,bonafide
wav2vec2bert,despues,3.4293,-29.9969,pl,bonafide
wav2vec2bert,despues,-4.1990,15.4925,pl,bonafide
wav2vec2bert,despues,-8.1364,23.2506,pl,bonafide
wav2vec2bert,despues,-2.3432,16.3768,pl,bonafide
wav2vec2bert,despues,19.4193,13.0133,pl,bonafide
wav2vec2bert,despues,4.6722,-31.2953,pl,bonafide
wav2vec2bert,despues,3.3241,-26.9805,pl,bonafide
wav2vec2bert,despues,-3.9348,18.0075,pl,bonafide
wav2vec2bert,despues,-3.6845,13.5311,pl,bonafide
wav2vec2bert,despues,-3.5590,20.4726,pl,bonafide
wav2vec2bert,despues,1.0766,22.9459,pl,bonafide
wav2vec2bert,despues,2.6559,-29.1913,pl,bonafide
wav2vec2bert,despues,5.4080,-27.6265,pl,bonafide
wav2vec2bert,despues,-2.9792,21.2760,pl,bonafide
wav2vec2bert,despues,-2.7647,-1.3762,pl,bonafide
wav2vec2bert,despues,5.5043,-30.0002,pl,bonafide
wav2vec2bert,despues,-8.9558,22.4484,pl,bonafide
wav2vec2bert,despues,-2.1691,14.9354,pl,bonafide
wav2vec2bert,despues,-2.2220,25.6166,pl,bonafide
wav2vec2bert,despues,1.6843,-30.4632,pl,bonafide
wav2vec2bert,despues,-4.3507,18.6139,pl,bonafide
wav2vec2bert,despues,-1.9917,20.2485,pl,bonafide
wav2vec2bert,despues,-0.0418,-32.7368,pl,bonafide
wav2vec2bert,despues,-2.5246,15.7044,pl,bonafide
wav2vec2bert,despues,-1.2545,18.4034,pl,bonafide
wav2vec2bert,despues,-3.2191,24.5614,pl,bonafide
wav2vec2bert,despues,7.3377,-30.9935,pl,bonafide
wav2vec2bert,despues,-7.3303,19.6697,pl,bonafide
wav2vec2bert,despues,-2.8825,18.5336,pl,bonafide
wav2vec2bert,despues,-4.1292,14.1991,pl,bonafide
wav2vec2bert,despues,8.6342,-30.7492,pl,bonafide
wav2vec2bert,despues,1.3114,-27.0933,pl,bonafide
wav2vec2bert,despues,-1.5801,-5.3238,pl,bonafide
wav2vec2bert,despues,37.6238,-24.6415,pl,bonafide
wav2vec2bert,despues,-3.8775,19.1803,pl,bonafide
wav2vec2bert,despues,-5.3164,15.8488,pl,bonafide
wav2vec2bert,despues,1.8653,-28.1425,pl,bonafide
wav2vec2bert,despues,-7.8649,19.9339,pl,bonafide
wav2vec2bert,despues,-10.3169,33.2875,pl,bonafide
wav2vec2bert,despues,-0.9193,-24.7555,pl,bonafide
wav2vec2bert,despues,-9.8335,17.0074,pl,bonafide
wav2vec2bert,despues,-6.0761,24.3312,pl,bonafide
wav2vec2bert,despues,4.6280,-29.0031,pl,bonafide
wav2vec2bert,despues,7.9323,-29.3325,pl,bonafide
wav2vec2bert,despues,-6.7120,16.3108,pl,bonafide
wav2vec2bert,despues,2.4660,-27.3644,pl,bonafide
wav2vec2bert,despues,-0.8392,24.3662,pl,bonafide
wav2vec2bert,despues,1.7393,-31.3655,pl,bonafide
wav2vec2bert,despues,4.6864,-33.2363,pl,bonafide
wav2vec2bert,despues,-0.6732,-4.8702,pl,bonafide
wav2vec2bert,despues,-2.2447,19.7206,pl,bonafide
wav2vec2bert,despues,4.7888,-27.9357,pl,bonafide
wav2vec2bert,despues,-3.1173,18.2028,pl,bonafide
wav2vec2bert,despues,-5.1377,25.1395,pl,bonafide
wav2vec2bert,despues,-0.5584,20.1064,pl,bonafide
wav2vec2bert,despues,-10.2570,22.1222,pl,bonafide
wav2vec2bert,despues,-8.2412,18.5000,pl,bonafide
wav2vec2bert,despues,-6.7141,17.2401,pl,bonafide
wav2vec2bert,despues,4.4928,-30.0800,pl,bonafide
wav2vec2bert,despues,6.0651,-28.7730,pl,bonafide
wav2vec2bert,despues,15.2161,-37.7323,pl,bonafide
wav2vec2bert,despues,-4.0719,22.1320,pl,bonafide
wav2vec2bert,despues,-3.7930,18.3885,pl,bonafide
wav2vec2bert,despues,6.3938,-27.2983,pl,bonafide
wav2vec2bert,despues,-0.6479,-4.2144,pl,bonafide
wav2vec2bert,despues,-9.8192,17.2077,pl,bonafide
wav2vec2bert,despues,-5.5391,20.4145,pl,bonafide
wav2vec2bert,despues,-8.0826,15.6702,pl,bonafide
wav2vec2bert,despues,-2.9192,13.6169,pl,bonafide
wav2vec2bert,despues,-7.7578,25.7492,pl,bonafide
wav2vec2bert,despues,0.1437,-25.4575,pl,bonafide
wav2vec2bert,despues,-6.0345,14.0670,pl,spoof
wav2vec2bert,despues,-5.6485,-4.5915,pl,spoof
wav2vec2bert,despues,11.1793,25.0711,pl,spoof
wav2vec2bert,despues,1.8423,20.0319,pl,spoof
wav2vec2bert,despues,-20.4489,2.2730,pl,spoof
wav2vec2bert,despues,-6.8665,11.9789,pl,spoof
wav2vec2bert,despues,-47.1302,4.6718,pl,spoof
wav2vec2bert,despues,-23.9895,6.9064,pl,spoof
wav2vec2bert,despues,1.0262,-27.4606,pl,spoof
wav2vec2bert,despues,-24.4202,-0.8038,pl,spoof
wav2vec2bert,despues,-23.9102,9.0929,pl,spoof
wav2vec2bert,despues,3.3605,-24.7553,pl,spoof
wav2vec2bert,despues,2.7760,-28.2148,pl,spoof
wav2vec2bert,despues,-8.2681,12.8913,pl,spoof
wav2vec2bert,despues,2.2671,-29.5459,pl,spoof
wav2vec2bert,despues,27.3580,6.9466,pl,spoof
wav2vec2bert,despues,18.4303,-11.5146,pl,spoof
wav2vec2bert,despues,-2.8970,20.1349,pl,spoof
wav2vec2bert,despues,10.8104,-26.1094,pl,spoof
wav2vec2bert,despues,-1.4607,16.9658,pl,spoof
wav2vec2bert,despues,-3.2740,-5.8544,pl,spoof
wav2vec2bert,despues,-5.1001,-3.7130,pl,spoof
wav2vec2bert,despues,-23.1260,9.8628,pl,spoof
wav2vec2bert,despues,-6.3711,14.0015,pl,spoof
wav2vec2bert,despues,-4.6074,-3.4588,pl,spoof
wav2vec2bert,despues,-2.4801,-26.4869,pl,spoof
wav2vec2bert,despues,-5.8349,1.9113,pl,spoof
wav2vec2bert,despues,3.8630,-32.2584,pl,spoof
wav2vec2bert,despues,-7.0590,13.9540,pl,spoof
wav2vec2bert,despues,-20.0142,11.5158,pl,spoof
wav2vec2bert,despues,-0.0055,-26.8629,pl,spoof
wav2vec2bert,despues,24.0982,0.1026,pl,spoof
wav2vec2bert,despues,8.7303,-29.2228,pl,spoof
wav2vec2bert,despues,6.1630,-25.0829,pl,spoof
wav2vec2bert,despues,-4.1893,7.0575,pl,spoof
wav2vec2bert,despues,0.2778,-5.4071,pl,spoof
wav2vec2bert,despues,0.9464,22.0967,pl,spoof
wav2vec2bert,despues,3.1896,-31.2648,pl,spoof
wav2vec2bert,despues,-44.4135,11.4165,pl,spoof
wav2vec2bert,despues,-5.7454,-24.7419,pl,spoof
wav2vec2bert,despues,-4.5838,11.8198,pl,spoof
wav2vec2bert,despues,-44.4810,10.1481,pl,spoof
wav2vec2bert,despues,-21.4812,8.1876,pl,spoof
wav2vec2bert,despues,0.9866,-23.8649,pl,spoof
wav2vec2bert,despues,-1.5386,-32.3893,pl,spoof
wav2vec2bert,despues,22.2743,10.8963,pl,spoof
wav2vec2bert,despues,-4.3993,-3.1126,pl,spoof
wav2vec2bert,despues,-5.2493,12.0895,pl,spoof
wav2vec2bert,despues,0.9998,-28.6207,pl,spoof
wav2vec2bert,despues,-25.0114,18.8717,pl,spoof
wav2vec2bert,despues,0.8370,-23.6481,pl,spoof
wav2vec2bert,despues,-15.8612,-10.4942,pl,spoof
wav2vec2bert,despues,1.7125,20.9080,pl,spoof
wav2vec2bert,despues,-3.5843,10.3731,pl,spoof
wav2vec2bert,despues,6.9363,-32.6595,pl,spoof
wav2vec2bert,despues,-22.3393,1.5863,pl,spoof
wav2vec2bert,despues,-29.7462,-2.8395,pl,spoof
wav2vec2bert,despues,-0.9490,14.1543,pl,spoof
wav2vec2bert,despues,-9.1233,-9.7190,pl,spoof
wav2vec2bert,despues,-18.2089,10.5620,pl,spoof
wav2vec2bert,despues,10.8870,-29.6674,pl,spoof
wav2vec2bert,despues,-1.6037,-28.7974,pl,spoof
wav2vec2bert,despues,-18.0205,10.8533,pl,spoof
wav2vec2bert,despues,17.9951,18.0114,pl,spoof
wav2vec2bert,despues,-0.5143,-26.8857,pl,spoof
wav2vec2bert,despues,-2.9092,-10.3011,pl,spoof
wav2vec2bert,despues,-5.1324,-3.6868,pl,spoof
wav2vec2bert,despues,-11.9890,35.2531,pl,spoof
wav2vec2bert,despues,0.7741,-23.8439,pl,spoof
wav2vec2bert,despues,-1.6726,-28.8384,pl,spoof
wav2vec2bert,despues,-1.1550,-5.4686,pl,spoof
wav2vec2bert,despues,-21.5715,-0.8777,pl,spoof
wav2vec2bert,despues,-4.8513,22.8656,pl,spoof
wav2vec2bert,despues,3.6981,-6.2534,pl,spoof
wav2vec2bert,despues,-19.4082,10.6596,pl,spoof
wav2vec2bert,despues,-20.8563,10.5657,pl,spoof
wav2vec2bert,despues,35.3689,-1.6656,pl,spoof
wav2vec2bert,despues,-44.5788,10.3841,pl,spoof
wav2vec2bert,despues,-15.6186,-7.6411,pl,spoof
wav2vec2bert,despues,11.9605,-28.0690,pl,spoof
wav2vec2bert,despues,-5.8698,12.1467,pl,spoof
wav2vec2bert,despues,-5.5220,22.4904,pl,spoof
wav2vec2bert,despues,5.7973,-36.6322,pl,spoof
wav2vec2bert,despues,-7.8873,13.7895,pl,spoof
wav2vec2bert,despues,0.4035,-30.1411,pl,spoof
wav2vec2bert,despues,-23.8843,-1.5032,pl,spoof
wav2vec2bert,despues,-30.2497,0.5857,pl,spoof
wav2vec2bert,despues,19.3380,15.9349,pl,spoof
wav2vec2bert,despues,6.3750,-33.7212,pl,spoof
wav2vec2bert,despues,-5.4585,-5.2487,pl,spoof
wav2vec2bert,despues,3.2923,-25.7736,pl,spoof
wav2vec2bert,despues,-18.0025,10.6905,pl,spoof
wav2vec2bert,despues,-0.5879,-26.0623,pl,spoof
wav2vec2bert,despues,-22.2814,-0.7791,pl,spoof
wav2vec2bert,despues,-44.4691,11.3742,pl,spoof
wav2vec2bert,despues,-10.0030,12.1523,pl,spoof
wav2vec2bert,despues,-5.0651,11.9797,pl,spoof
wav2vec2bert,despues,-1.1800,-33.4634,pl,spoof
wav2vec2bert,despues,-17.5301,1.9867,pl,spoof
wav2vec2bert,despues,-6.1403,-3.9428,pl,spoof
wav2vec2bert,despues,2.9842,-25.6739,pl,spoof
wav2vec2bert,despues,-19.0384,9.9234,pl,spoof
wav2vec2bert,despues,-8.1346,18.3773,pl,spoof
wav2vec2bert,despues,10.6733,25.6038,pl,spoof
wav2vec2bert,despues,-19.2954,10.1784,pl,spoof
wav2vec2bert,despues,24.3191,5.8991,pl,spoof
wav2vec2bert,despues,8.1596,-33.3911,pl,spoof
wav2vec2bert,despues,-0.3409,-31.6183,pl,spoof
wav2vec2bert,despues,-36.0134,-14.7167,pl,spoof
wav2vec2bert,despues,-0.4314,14.3194,pl,spoof
wav2vec2bert,despues,-44.6928,12.0012,pl,spoof
wav2vec2bert,despues,25.9109,18.2590,pl,spoof
wav2vec2bert,despues,0.8603,-25.1597,pl,spoof
wav2vec2bert,despues,25.1840,20.7317,pl,spoof
wav2vec2bert,despues,-5.8553,-4.5282,pl,spoof
wav2vec2bert,despues,-16.1490,-8.5135,pl,spoof
wav2vec2bert,despues,-16.6333,12.2262,pl,spoof
wav2vec2bert,despues,-11.2635,18.5283,pl,spoof
wav2vec2bert,despues,6.0075,-32.4799,pl,spoof
wav2vec2bert,despues,-5.9683,22.8124,pl,spoof
wav2vec2bert,despues,-20.4320,10.5443,pl,spoof
wav2vec2bert,despues,-6.0498,-3.1980,pl,spoof
wav2vec2bert,despues,1.3120,-24.0760,pl,spoof
wav2vec2bert,despues,-1.1931,-3.6533,pl,spoof
wav2vec2bert,despues,2.7316,-33.0119,pl,spoof
wav2vec2bert,despues,2.8458,-32.9418,pl,spoof
wav2vec2bert,despues,15.4308,12.4154,pl,spoof
wav2vec2bert,despues,-5.4157,19.5733,pl,spoof
wav2vec2bert,despues,2.8652,-32.9200,pl,spoof
wav2vec2bert,despues,-2.4166,19.6701,pl,spoof
wav2vec2bert,despues,-20.8311,10.9157,pl,spoof
wav2vec2bert,despues,-9.5975,33.3408,pl,spoof
wav2vec2bert,despues,-23.5872,-1.5918,pl,spoof
wav2vec2bert,despues,-19.1970,10.0189,pl,spoof
wav2vec2bert,despues,-11.3339,-1.9901,pl,spoof
wav2vec2bert,despues,-7.1983,-5.6018,pl,spoof
wav2vec2bert,despues,-4.0939,7.0787,pl,spoof
wav2vec2bert,despues,30.1247,9.6982,pl,spoof
wav2vec2bert,despues,0.8833,-30.6641,pl,spoof
wav2vec2bert,despues,-5.6480,-4.9609,pl,spoof
wav2vec2bert,despues,15.0336,12.2787,pl,spoof
wav2vec2bert,despues,-3.5899,6.8109,pl,spoof
wav2vec2bert,despues,-18.6131,11.3715,pl,spoof
wav2vec2bert,despues,-31.2409,9.4461,pl,spoof
wav2vec2bert,despues,-11.3858,20.4964,pl,spoof
wav2vec2bert,despues,4.1590,-27.0758,pl,spoof
wav2vec2bert,despues,-1.1314,-11.1296,pl,spoof
wav2vec2bert,despues,-1.8234,21.4759,pl,spoof
wav2vec2bert,despues,-21.2174,11.7545,pl,spoof
wav2vec2bert,despues,1.5721,20.5518,pl,spoof
wav2vec2bert,despues,-36.5314,2.3238,ru,bonafide
wav2vec2bert,despues,-43.3430,2.7068,ru,bonafide
wav2vec2bert,despues,-40.5330,5.6310,ru,bonafide
wav2vec2bert,despues,-46.8318,2.2657,ru,bonafide
wav2vec2bert,despues,-20.5791,13.3730,ru,bonafide
wav2vec2bert,despues,-26.7702,3.2464,ru,bonafide
wav2vec2bert,despues,-42.2071,0.7317,ru,bonafide
wav2vec2bert,despues,-40.3440,-1.8307,ru,bonafide
wav2vec2bert,despues,-42.2520,6.1041,ru,bonafide
wav2vec2bert,despues,9.5971,-37.4688,ru,bonafide
wav2vec2bert,despues,-15.7671,-4.1084,ru,bonafide
wav2vec2bert,despues,-27.6329,3.3230,ru,bonafide
wav2vec2bert,despues,-42.6316,-1.7027,ru,bonafide
wav2vec2bert,despues,-44.0100,-0.8336,ru,bonafide
wav2vec2bert,despues,-42.3959,2.6441,ru,bonafide
wav2vec2bert,despues,-43.0471,-1.5034,ru,bonafide
wav2vec2bert,despues,-43.6105,4.8631,ru,bonafide
wav2vec2bert,despues,-31.7247,5.1989,ru,bonafide
wav2vec2bert,despues,-1.5016,-19.3345,ru,bonafide
wav2vec2bert,despues,-42.8797,-4.2452,ru,bonafide
wav2vec2bert,despues,-41.6942,7.9213,ru,bonafide
wav2vec2bert,despues,-41.8409,2.3871,ru,bonafide
wav2vec2bert,despues,-0.5053,-17.6696,ru,bonafide
wav2vec2bert,despues,-27.5288,7.7958,ru,bonafide
wav2vec2bert,despues,-44.2417,2.9095,ru,bonafide
wav2vec2bert,despues,37.2215,-20.5647,ru,bonafide
wav2vec2bert,despues,3.1512,-16.3271,ru,bonafide
wav2vec2bert,despues,-39.2491,-4.1502,ru,bonafide
wav2vec2bert,despues,-38.3763,2.5180,ru,bonafide
wav2vec2bert,despues,-44.9479,4.5547,ru,bonafide
wav2vec2bert,despues,-39.2065,-2.7951,ru,bonafide
wav2vec2bert,despues,-41.7475,-1.9770,ru,bonafide
wav2vec2bert,despues,-0.8939,-16.3537,ru,bonafide
wav2vec2bert,despues,-47.4119,18.2085,ru,bonafide
wav2vec2bert,despues,1.7691,-18.0472,ru,bonafide
wav2vec2bert,despues,-40.9958,3.9072,ru,bonafide
wav2vec2bert,despues,-23.4713,4.1211,ru,bonafide
wav2vec2bert,despues,-45.0188,-3.8505,ru,bonafide
wav2vec2bert,despues,-44.2044,7.9466,ru,bonafide
wav2vec2bert,despues,-26.7871,9.3730,ru,bonafide
wav2vec2bert,despues,1.1935,-13.1548,ru,bonafide
wav2vec2bert,despues,2.1654,-17.9092,ru,bonafide
wav2vec2bert,despues,-40.1672,0.2966,ru,bonafide
wav2vec2bert,despues,0.5740,-7.6374,ru,bonafide
wav2vec2bert,despues,-46.9803,18.0138,ru,bonafide
wav2vec2bert,despues,-39.5143,-2.8465,ru,bonafide
wav2vec2bert,despues,-1.0944,-15.1862,ru,bonafide
wav2vec2bert,despues,32.2670,-18.0329,ru,bonafide
wav2vec2bert,despues,-26.2825,2.0906,ru,bonafide
wav2vec2bert,despues,-27.0971,2.5943,ru,bonafide
wav2vec2bert,despues,-26.5250,3.2646,ru,bonafide
wav2vec2bert,despues,-27.4826,3.5414,ru,bonafide
wav2vec2bert,despues,-41.3688,3.6594,ru,bonafide
wav2vec2bert,despues,-0.0507,-15.0340,ru,bonafide
wav2vec2bert,despues,-25.3539,5.8885,ru,bonafide
wav2vec2bert,despues,-25.2870,3.6419,ru,bonafide
wav2vec2bert,despues,-41.4572,0.3777,ru,bonafide
wav2vec2bert,despues,0.6196,-14.5594,ru,bonafide
wav2vec2bert,despues,-43.7659,5.1013,ru,bonafide
wav2vec2bert,despues,-25.8593,1.9990,ru,bonafide
wav2vec2bert,despues,-38.6782,-11.3188,ru,bonafide
wav2vec2bert,despues,-44.5243,-6.7986,ru,bonafide
wav2vec2bert,despues,-1.2065,-14.2081,ru,bonafide
wav2vec2bert,despues,-27.0750,1.5297,ru,bonafide
wav2vec2bert,despues,10.2858,-38.3461,ru,bonafide
wav2vec2bert,despues,-45.3528,5.7863,ru,bonafide
wav2vec2bert,despues,-29.8960,5.8659,ru,bonafide
wav2vec2bert,despues,-44.2846,4.7747,ru,bonafide
wav2vec2bert,despues,-40.1231,-1.2450,ru,bonafide
wav2vec2bert,despues,3.2479,-13.8301,ru,bonafide
wav2vec2bert,despues,-29.6118,6.1825,ru,bonafide
wav2vec2bert,despues,-39.4075,1.9388,ru,bonafide
wav2vec2bert,despues,-44.0688,5.9280,ru,bonafide
wav2vec2bert,despues,9.6382,-37.1179,ru,bonafide
wav2vec2bert,despues,32.5210,-17.4688,ru,bonafide
wav2vec2bert,despues,-0.8125,-16.2582,ru,bonafide
wav2vec2bert,despues,-40.2491,-3.8970,ru,bonafide
wav2vec2bert,despues,-40.2192,2.1739,ru,bonafide
wav2vec2bert,despues,-41.2688,-1.0848,ru,bonafide
wav2vec2bert,despues,-30.0917,0.7971,ru,bonafide
wav2vec2bert,despues,-37.7768,-3.9252,ru,bonafide
wav2vec2bert,despues,-40.1185,-2.1375,ru,bonafide
wav2vec2bert,despues,-34.2602,13.6644,ru,bonafide
wav2vec2bert,despues,-46.8727,17.9316,ru,bonafide
wav2vec2bert,despues,-29.5841,6.8253,ru,bonafide
wav2vec2bert,despues,-6.4211,-0.1785,ru,bonafide
wav2vec2bert,despues,-26.5403,5.8026,ru,bonafide
wav2vec2bert,despues,2.5454,-19.6687,ru,bonafide
wav2vec2bert,despues,-1.3502,-8.2691,ru,bonafide
wav2vec2bert,despues,-26.4405,4.4511,ru,bonafide
wav2vec2bert,despues,-1.8672,-13.1142,ru,bonafide
wav2vec2bert,despues,0.3847,-15.7392,ru,bonafide
wav2vec2bert,despues,-26.0771,6.4690,ru,bonafide
wav2vec2bert,despues,-2.4231,-14.7696,ru,bonafide
wav2vec2bert,despues,-42.9315,-0.1648,ru,bonafide
wav2vec2bert,despues,1.4727,-14.9695,ru,bonafide
wav2vec2bert,despues,-41.3559,-8.6182,ru,bonafide
wav2vec2bert,despues,-26.8541,9.2751,ru,bonafide
wav2vec2bert,despues,-3.3247,-1.5369,ru,bonafide
wav2vec2bert,despues,1.7555,-13.0028,ru,bonafide
wav2vec2bert,despues,-32.4583,-0.9847,ru,bonafide
wav2vec2bert,despues,1.7695,-13.7500,ru,bonafide
wav2vec2bert,despues,-34.5528,-4.8558,ru,bonafide
wav2vec2bert,despues,-10.5892,23.4968,ru,bonafide
wav2vec2bert,despues,-20.0488,4.5729,ru,bonafide
wav2vec2bert,despues,0.2249,-19.0610,ru,bonafide
wav2vec2bert,despues,-41.4594,-0.5309,ru,bonafide
wav2vec2bert,despues,-45.8725,2.7705,ru,bonafide
wav2vec2bert,despues,-22.4726,4.9691,ru,bonafide
wav2vec2bert,despues,-40.1122,2.3581,ru,bonafide
wav2vec2bert,despues,2.8321,-20.0019,ru,bonafide
wav2vec2bert,despues,-41.0343,4.2494,ru,bonafide
wav2vec2bert,despues,-27.6234,5.4303,ru,bonafide
wav2vec2bert,despues,-17.1807,-3.2790,ru,bonafide
wav2vec2bert,despues,-40.8068,7.5478,ru,bonafide
wav2vec2bert,despues,0.2754,-13.3097,ru,bonafide
wav2vec2bert,despues,-31.2068,4.6626,ru,bonafide
wav2vec2bert,despues,-32.4532,3.6402,ru,bonafide
wav2vec2bert,despues,-0.6260,-14.6762,ru,bonafide
wav2vec2bert,despues,0.4826,-13.8388,ru,bonafide
wav2vec2bert,despues,-41.8671,5.9979,ru,bonafide
wav2vec2bert,despues,7.7071,13.6713,ru,bonafide
wav2vec2bert,despues,33.5351,-0.4820,ru,bonafide
wav2vec2bert,despues,-40.4916,0.8752,ru,bonafide
wav2vec2bert,despues,-0.5147,-17.3552,ru,bonafide
wav2vec2bert,despues,-42.4632,2.8921,ru,bonafide
wav2vec2bert,despues,-41.8916,-3.9653,ru,bonafide
wav2vec2bert,despues,-1.8193,-19.5256,ru,bonafide
wav2vec2bert,despues,3.3089,-16.6221,ru,bonafide
wav2vec2bert,despues,-38.7079,-2.4961,ru,bonafide
wav2vec2bert,despues,-0.3858,34.5321,ru,bonafide
wav2vec2bert,despues,-24.7243,3.9813,ru,bonafide
wav2vec2bert,despues,-28.8045,6.3900,ru,bonafide
wav2vec2bert,despues,-12.9582,-5.8894,ru,bonafide
wav2vec2bert,despues,-41.6000,1.7361,ru,bonafide
wav2vec2bert,despues,-25.4532,3.6704,ru,bonafide
wav2vec2bert,despues,-45.4294,-0.5292,ru,bonafide
wav2vec2bert,despues,0.7660,-13.9985,ru,bonafide
wav2vec2bert,despues,-46.6948,2.1990,ru,bonafide
wav2vec2bert,despues,-1.5431,33.5766,ru,bonafide
wav2vec2bert,despues,-27.1569,5.1597,ru,bonafide
wav2vec2bert,despues,-26.3271,5.5521,ru,bonafide
wav2vec2bert,despues,-0.1547,-14.7513,ru,bonafide
wav2vec2bert,despues,-44.2578,-4.0827,ru,bonafide
wav2vec2bert,despues,1.5364,-18.6371,ru,bonafide
wav2vec2bert,despues,-28.6666,6.1028,ru,bonafide
wav2vec2bert,despues,3.7912,-16.3261,ru,bonafide
wav2vec2bert,despues,-3.2930,-14.2364,ru,bonafide
wav2vec2bert,despues,-47.8160,18.3846,ru,bonafide
wav2vec2bert,despues,-44.6582,-0.8520,ru,bonafide
wav2vec2bert,despues,-39.4225,1.5865,ru,spoof
wav2vec2bert,despues,-32.3131,3.8097,ru,spoof
wav2vec2bert,despues,-42.8618,4.8743,ru,spoof
wav2vec2bert,despues,-27.9668,5.6005,ru,spoof
wav2vec2bert,despues,-34.0834,-4.5757,ru,spoof
wav2vec2bert,despues,-39.3050,2.7373,ru,spoof
wav2vec2bert,despues,-39.0444,2.0222,ru,spoof
wav2vec2bert,despues,-40.8602,21.4682,ru,spoof
wav2vec2bert,despues,-41.9630,5.3796,ru,spoof
wav2vec2bert,despues,6.0299,1.7409,ru,spoof
wav2vec2bert,despues,-3.7254,-4.0322,ru,spoof
wav2vec2bert,despues,0.2840,-16.2799,ru,spoof
wav2vec2bert,despues,-38.8327,-0.1462,ru,spoof
wav2vec2bert,despues,-42.2208,6.6770,ru,spoof
wav2vec2bert,despues,-2.4497,-17.5446,ru,spoof
wav2vec2bert,despues,-1.4826,-15.6502,ru,spoof
wav2vec2bert,despues,27.3911,6.7487,ru,spoof
wav2vec2bert,despues,-39.8892,19.4538,ru,spoof
wav2vec2bert,despues,-43.6685,3.1370,ru,spoof
wav2vec2bert,despues,-41.2038,22.8346,ru,spoof
wav2vec2bert,despues,-41.7735,21.9549,ru,spoof
wav2vec2bert,despues,-40.6581,-3.1607,ru,spoof
wav2vec2bert,despues,-37.9411,-0.1208,ru,spoof
wav2vec2bert,despues,-11.4995,5.0551,ru,spoof
wav2vec2bert,despues,-40.8618,8.8021,ru,spoof
wav2vec2bert,despues,-17.6674,3.0114,ru,spoof
wav2vec2bert,despues,-36.8286,-0.4049,ru,spoof
wav2vec2bert,despues,-30.5847,5.3892,ru,spoof
wav2vec2bert,despues,-40.0050,20.3699,ru,spoof
wav2vec2bert,despues,37.6652,-1.1126,ru,spoof
wav2vec2bert,despues,-41.7979,-4.7113,ru,spoof
wav2vec2bert,despues,-41.5393,19.3853,ru,spoof
wav2vec2bert,despues,-41.6095,22.9167,ru,spoof
wav2vec2bert,despues,-10.3775,30.6405,ru,spoof
wav2vec2bert,despues,-28.6047,3.0957,ru,spoof
wav2vec2bert,despues,-34.9325,-1.8126,ru,spoof
wav2vec2bert,despues,-1.8886,-16.1752,ru,spoof
wav2vec2bert,despues,-40.4827,4.7851,ru,spoof
wav2vec2bert,despues,27.8436,2.6602,ru,spoof
wav2vec2bert,despues,-30.2482,3.6341,ru,spoof
wav2vec2bert,despues,-42.8936,-8.8975,ru,spoof
wav2vec2bert,despues,14.0929,22.8776,ru,spoof
wav2vec2bert,despues,-0.7730,-20.5962,ru,spoof
wav2vec2bert,despues,2.8438,-8.8933,ru,spoof
wav2vec2bert,despues,9.2930,16.8799,ru,spoof
wav2vec2bert,despues,18.6375,21.7991,ru,spoof
wav2vec2bert,despues,-0.8744,-9.3441,ru,spoof
wav2vec2bert,despues,-40.1756,19.5196,ru,spoof
wav2vec2bert,despues,-39.8083,0.2370,ru,spoof
wav2vec2bert,despues,-38.3788,2.0317,ru,spoof
wav2vec2bert,despues,-29.2423,7.8108,ru,spoof
wav2vec2bert,despues,-28.9652,2.6722,ru,spoof
wav2vec2bert,despues,-8.2887,37.4082,ru,spoof
wav2vec2bert,despues,-38.1067,3.8657,ru,spoof
wav2vec2bert,despues,-2.5590,-10.6054,ru,spoof
wav2vec2bert,despues,-39.5242,-2.0326,ru,spoof
wav2vec2bert,despues,14.5257,12.3043,ru,spoof
wav2vec2bert,despues,12.2225,16.0095,ru,spoof
wav2vec2bert,despues,-38.0810,0.3449,ru,spoof
wav2vec2bert,despues,1.3173,-12.5950,ru,spoof
wav2vec2bert,despues,-37.1324,-1.5671,ru,spoof
wav2vec2bert,despues,0.8887,-17.0500,ru,spoof
wav2vec2bert,despues,-41.2695,20.6186,ru,spoof
wav2vec2bert,despues,-42.1311,-3.4412,ru,spoof
wav2vec2bert,despues,-32.7386,-13.5109,ru,spoof
wav2vec2bert,despues,-43.7655,1.1267,ru,spoof
wav2vec2bert,despues,-41.3696,20.8614,ru,spoof
wav2vec2bert,despues,-1.6379,-12.0253,ru,spoof
wav2vec2bert,despues,-3.9191,-15.9271,ru,spoof
wav2vec2bert,despues,10.1682,2.4735,ru,spoof
wav2vec2bert,despues,-39.2351,7.8077,ru,spoof
wav2vec2bert,despues,27.2334,20.7279,ru,spoof
wav2vec2bert,despues,-39.7714,4.9526,ru,spoof
wav2vec2bert,despues,-38.7581,21.0844,ru,spoof
wav2vec2bert,despues,-42.2541,20.9811,ru,spoof
wav2vec2bert,despues,-31.3442,6.5766,ru,spoof
wav2vec2bert,despues,-41.0115,20.5651,ru,spoof
wav2vec2bert,despues,-38.2723,-0.8210,ru,spoof
wav2vec2bert,despues,-30.3428,3.3603,ru,spoof
wav2vec2bert,despues,-45.8852,6.2749,ru,spoof
wav2vec2bert,despues,-40.2818,8.2531,ru,spoof
wav2vec2bert,despues,0.9005,-10.6069,ru,spoof
wav2vec2bert,despues,-10.4506,30.7262,ru,spoof
wav2vec2bert,despues,-24.6372,2.3195,ru,spoof
wav2vec2bert,despues,-28.9852,4.1346,ru,spoof
wav2vec2bert,despues,27.6595,15.8037,ru,spoof
wav2vec2bert,despues,27.3755,21.3989,ru,spoof
wav2vec2bert,despues,-39.0276,-1.4160,ru,spoof
wav2vec2bert,despues,-0.4315,-14.4688,ru,spoof
wav2vec2bert,despues,-30.4086,3.5079,ru,spoof
wav2vec2bert,despues,-32.8904,-3.7875,ru,spoof
wav2vec2bert,despues,-28.0567,0.7822,ru,spoof
wav2vec2bert,despues,-41.9380,-4.9584,ru,spoof
wav2vec2bert,despues,37.4011,16.8597,ru,spoof
wav2vec2bert,despues,-28.6488,1.6253,ru,spoof
wav2vec2bert,despues,-45.3768,4.8318,ru,spoof
wav2vec2bert,despues,-0.3588,-11.4879,ru,spoof
wav2vec2bert,despues,-27.6388,14.9181,ru,spoof
wav2vec2bert,despues,-38.6239,9.7944,ru,spoof
wav2vec2bert,despues,-41.7006,20.9228,ru,spoof
wav2vec2bert,despues,-33.2149,-3.6606,ru,spoof
wav2vec2bert,despues,26.5915,20.6656,ru,spoof
wav2vec2bert,despues,32.6930,-0.8277,ru,spoof
wav2vec2bert,despues,-6.7795,32.0433,ru,spoof
wav2vec2bert,despues,8.0864,27.7897,ru,spoof
wav2vec2bert,despues,28.0923,2.5076,ru,spoof
wav2vec2bert,despues,-39.3966,19.3919,ru,spoof
wav2vec2bert,despues,-42.6363,21.1449,ru,spoof
wav2vec2bert,despues,-37.5768,-4.0742,ru,spoof
wav2vec2bert,despues,-24.6672,2.1777,ru,spoof
wav2vec2bert,despues,-41.0511,5.6763,ru,spoof
wav2vec2bert,despues,-35.5684,-0.2549,ru,spoof
wav2vec2bert,despues,-14.6870,31.4897,ru,spoof
wav2vec2bert,despues,26.5290,21.2293,ru,spoof
wav2vec2bert,despues,-0.0493,-10.4906,ru,spoof
wav2vec2bert,despues,-42.2241,21.9819,ru,spoof
wav2vec2bert,despues,-35.1063,9.6843,ru,spoof
wav2vec2bert,despues,10.3629,15.9852,ru,spoof
wav2vec2bert,despues,-0.5321,-15.6416,ru,spoof
wav2vec2bert,despues,-41.3087,21.9636,ru,spoof
wav2vec2bert,despues,-6.6391,-10.1246,ru,spoof
wav2vec2bert,despues,1.3025,-15.8944,ru,spoof
wav2vec2bert,despues,3.2488,-17.8474,ru,spoof
wav2vec2bert,despues,-38.6931,5.4653,ru,spoof
wav2vec2bert,despues,-7.2886,-10.4482,ru,spoof
wav2vec2bert,despues,26.7863,21.5431,ru,spoof
wav2vec2bert,despues,-36.5616,-2.2943,ru,spoof
wav2vec2bert,despues,27.9807,20.3566,ru,spoof
wav2vec2bert,despues,0.0928,-10.3513,ru,spoof
wav2vec2bert,despues,30.0491,-12.9275,ru,spoof
wav2vec2bert,despues,-42.3550,3.9143,ru,spoof
wav2vec2bert,despues,-40.8422,8.6154,ru,spoof
wav2vec2bert,despues,-28.0930,2.1899,ru,spoof
wav2vec2bert,despues,18.8413,21.6559,ru,spoof
wav2vec2bert,despues,14.0950,22.3577,ru,spoof
wav2vec2bert,despues,-29.6578,1.6201,ru,spoof
wav2vec2bert,despues,-7.8740,37.5498,ru,spoof
wav2vec2bert,despues,-2.4809,-16.2204,ru,spoof
wav2vec2bert,despues,-41.6381,20.6882,ru,spoof
wav2vec2bert,despues,32.4578,11.3870,ru,spoof
wav2vec2bert,despues,-46.9949,-3.0895,ru,spoof
wav2vec2bert,despues,-29.1265,9.9229,ru,spoof
wav2vec2bert,despues,36.8948,-21.9457,ru,spoof
wav2vec2bert,despues,-38.6429,10.9860,ru,spoof
wav2vec2bert,despues,-40.2886,3.7064,ru,spoof
wav2vec2bert,despues,-38.7601,21.1459,ru,spoof
wav2vec2bert,despues,-2.0935,-22.1945,ru,spoof
wav2vec2bert,despues,-36.8332,6.0099,ru,spoof
wav2vec2bert,despues,27.1093,20.8587,ru,spoof
wav2vec2bert,despues,-37.7849,3.9234,ru,spoof
wavlm,antes,-19.8763,20.0159,de,bonafide
wavlm,antes,-16.5557,22.4713,de,bonafide
wavlm,antes,-18.8078,29.3353,de,bonafide
wavlm,antes,-15.7754,34.7115,de,bonafide
wavlm,antes,25.4315,23.0539,de,bonafide
wavlm,antes,-7.9409,23.5077,de,bonafide
wavlm,antes,-9.3238,27.7252,de,bonafide
wavlm,antes,-12.3013,38.9588,de,bonafide
wavlm,antes,-16.1565,18.7317,de,bonafide
wavlm,antes,-12.1507,38.4197,de,bonafide
wavlm,antes,-20.0686,25.1486,de,bonafide
wavlm,antes,-14.8533,33.6083,de,bonafide
wavlm,antes,-19.6533,23.4617,de,bonafide
wavlm,antes,-19.2575,31.4778,de,bonafide
wavlm,antes,-21.0411,29.5735,de,bonafide
wavlm,antes,-14.6683,34.8805,de,bonafide
wavlm,antes,-20.8493,36.5429,de,bonafide
wavlm,antes,-19.1220,24.1291,de,bonafide
wavlm,antes,-20.2484,23.4185,de,bonafide
wavlm,antes,-9.6733,25.7640,de,bonafide
wavlm,antes,-10.9657,38.1934,de,bonafide
wavlm,antes,-14.0625,30.6325,de,bonafide
wavlm,antes,-19.2537,23.6229,de,bonafide
wavlm,antes,-21.3233,21.3339,de,bonafide
wavlm,antes,-21.4937,24.9660,de,bonafide
wavlm,antes,-20.1274,38.3829,de,bonafide
wavlm,antes,-21.2010,25.1764,de,bonafide
wavlm,antes,-15.1526,37.7317,de,bonafide
wavlm,antes,-20.8464,25.3945,de,bonafide
wavlm,antes,-11.9059,39.3067,de,bonafide
wavlm,antes,-16.4185,34.3700,de,bonafide
wavlm,antes,-11.8126,36.4568,de,bonafide
wavlm,antes,-16.7439,30.8092,de,bonafide
wavlm,antes,-16.9440,34.8746,de,bonafide
wavlm,antes,-18.4789,21.2460,de,bonafide
wavlm,antes,-14.4089,0.9846,de,bonafide
wavlm,antes,-19.5513,40.0283,de,bonafide
wavlm,antes,-19.8406,26.9007,de,bonafide
wavlm,antes,-22.3925,25.5540,de,bonafide
wavlm,antes,-13.2781,39.0681,de,bonafide
wavlm,antes,-22.7154,22.7138,de,bonafide
wavlm,antes,-12.1554,30.5902,de,bonafide
wavlm,antes,-21.1085,39.8854,de,bonafide
wavlm,antes,-17.4045,28.8359,de,bonafide
wavlm,antes,-20.2313,22.5666,de,bonafide
wavlm,antes,-15.3381,26.6043,de,bonafide
wavlm,antes,-15.9822,21.0651,de,bonafide
wavlm,antes,-19.9750,36.3946,de,bonafide
wavlm,antes,-13.8914,30.6662,de,bonafide
wavlm,antes,-17.1402,31.5467,de,bonafide
wavlm,antes,-11.2382,3.1626,de,bonafide
wavlm,antes,-9.4970,25.4340,de,bonafide
wavlm,antes,-21.8479,40.4234,de,bonafide
wavlm,antes,-17.7581,32.1738,de,bonafide
wavlm,antes,-19.8182,20.1981,de,bonafide
wavlm,antes,-12.8569,37.6960,de,bonafide
wavlm,antes,-6.3544,21.1473,de,bonafide
wavlm,antes,-14.8863,31.1415,de,bonafide
wavlm,antes,-20.7677,36.1225,de,bonafide
wavlm,antes,-12.4614,36.9343,de,bonafide
wavlm,antes,-18.3822,24.5323,de,bonafide
wavlm,antes,-10.9047,2.3966,de,bonafide
wavlm,antes,-19.4471,35.7655,de,bonafide
wavlm,antes,-21.4011,40.0125,de,bonafide
wavlm,antes,-17.4984,32.1084,de,bonafide
wavlm,antes,-11.9526,37.0136,de,bonafide
wavlm,antes,-19.3001,23.2359,de,bonafide
wavlm,antes,-16.2146,34.0734,de,bonafide
wavlm,antes,-17.7875,33.9973,de,bonafide
wavlm,antes,-19.1190,31.2764,de,bonafide
wavlm,antes,-16.6992,33.3852,de,bonafide
wavlm,antes,-11.3827,36.1687,de,bonafide
wavlm,antes,-17.0336,31.5733,de,bonafide
wavlm,antes,-23.8094,35.8269,de,bonafide
wavlm,antes,-11.6575,38.1910,de,bonafide
wavlm,antes,-26.0533,33.6605,de,bonafide
wavlm,antes,-13.2842,39.2189,de,bonafide
wavlm,antes,-14.9538,31.9847,de,bonafide
wavlm,antes,-15.0885,35.7571,de,bonafide
wavlm,antes,-22.3534,36.1269,de,bonafide
wavlm,antes,-20.0043,25.4463,de,bonafide
wavlm,antes,-18.8004,28.3434,de,bonafide
wavlm,antes,-26.4782,37.7314,de,bonafide
wavlm,antes,-20.5094,22.4544,de,bonafide
wavlm,antes,-16.2991,20.4139,de,bonafide
wavlm,antes,-12.8814,37.8576,de,bonafide
wavlm,antes,-18.7183,21.5665,de,bonafide
wavlm,antes,-13.2521,28.0386,de,bonafide
wavlm,antes,-13.0607,27.4238,de,bonafide
wavlm,antes,-21.5856,22.5350,de,bonafide
wavlm,antes,-19.9442,24.3002,de,bonafide
wavlm,antes,-20.7050,20.1224,de,bonafide
wavlm,antes,-1.9055,17.8832,de,bonafide
wavlm,antes,-15.6199,31.7754,de,bonafide
wavlm,antes,-24.8751,36.4992,de,bonafide
wavlm,antes,-15.5983,34.5431,de,bonafide
wavlm,antes,-13.6365,39.6746,de,bonafide
wavlm,antes,-22.2434,21.5684,de,bonafide
wavlm,antes,-17.2759,30.2596,de,bonafide
wavlm,antes,-24.2824,36.2785,de,bonafide
wavlm,antes,-20.6987,25.0523,de,bonafide
wavlm,antes,-18.8344,22.3062,de,bonafide
wavlm,antes,-17.5439,42.5925,de,bonafide
wavlm,antes,-20.2113,23.1810,de,bonafide
wavlm,antes,-21.3784,21.4955,de,bonafide
wavlm,antes,-19.7680,37.2558,de,bonafide
wavlm,antes,-17.4156,22.2514,de,bonafide
wavlm,antes,-15.9734,34.1380,de,bonafide
wavlm,antes,-13.0438,26.7059,de,bonafide
wavlm,antes,-15.6355,35.3223,de,bonafide
wavlm,antes,-12.7444,0.8086,de,bonafide
wavlm,antes,-7.5367,22.4218,de,bonafide
wavlm,antes,-21.0036,42.0893,de,bonafide
wavlm,antes,-11.7606,30.2655,de,bonafide
wavlm,antes,-15.1159,34.4235,de,bonafide
wavlm,antes,-7.5213,30.2454,de,bonafide
wavlm,antes,-12.9262,37.4719,de,bonafide
wavlm,antes,-19.1526,37.4368,de,bonafide
wavlm,antes,-15.1896,34.4998,de,bonafide
wavlm,antes,-21.8827,37.1560,de,bonafide
wavlm,antes,-20.6057,39.6214,de,bonafide
wavlm,antes,-22.8919,21.2749,de,bonafide
wavlm,antes,-17.7745,24.3930,de,bonafide
wavlm,antes,-20.3678,38.0964,de,bonafide
wavlm,antes,-18.0588,24.8945,de,bonafide
wavlm,antes,-22.1216,38.4950,de,bonafide
wavlm,antes,-22.7632,40.8768,de,bonafide
wavlm,antes,-16.0558,21.4959,de,bonafide
wavlm,antes,-22.0102,24.4756,de,bonafide
wavlm,antes,-12.7391,37.7534,de,bonafide
wavlm,antes,-23.3372,35.4855,de,bonafide
wavlm,antes,-19.7484,21.1704,de,bonafide
wavlm,antes,-21.8789,36.9754,de,bonafide
wavlm,antes,-22.2466,24.3991,de,bonafide
wavlm,antes,-19.0741,36.2714,de,bonafide
wavlm,antes,-12.7711,38.8619,de,bonafide
wavlm,antes,-15.0982,29.2398,de,bonafide
wavlm,antes,-21.9385,20.9123,de,bonafide
wavlm,antes,-21.6518,37.7504,de,bonafide
wavlm,antes,-19.7985,22.0663,de,bonafide
wavlm,antes,-21.8292,40.3589,de,bonafide
wavlm,antes,-17.6396,33.8892,de,bonafide
wavlm,antes,-15.7196,39.4856,de,bonafide
wavlm,antes,-15.4006,19.9940,de,bonafide
wavlm,antes,-15.1267,37.7266,de,bonafide
wavlm,antes,-18.8354,36.8176,de,bonafide
wavlm,antes,-18.9074,30.3767,de,bonafide
wavlm,antes,-15.2072,30.9736,de,bonafide
wavlm,antes,-15.4716,38.3909,de,bonafide
wavlm,antes,-22.0958,22.6931,de,bonafide
wavlm,antes,-16.7742,37.1866,de,spoof
wavlm,antes,-18.9776,33.1215,de,spoof
wavlm,antes,-18.4863,26.9521,de,spoof
wavlm,antes,-23.9563,37.1045,de,spoof
wavlm,antes,-18.6210,20.5523,de,spoof
wavlm,antes,-20.7776,32.3779,de,spoof
wavlm,antes,-19.0303,30.8247,de,spoof
wavlm,antes,-16.4404,31.1770,de,spoof
wavlm,antes,-21.7007,1.8208,de,spoof
wavlm,antes,-18.1479,22.9923,de,spoof
wavlm,antes,-20.5232,32.4636,de,spoof
wavlm,antes,-12.4939,31.5773,de,spoof
wavlm,antes,-19.6165,25.4230,de,spoof
wavlm,antes,-20.0651,25.4705,de,spoof
wavlm,antes,-18.0785,35.1554,de,spoof
wavlm,antes,-22.5314,35.0368,de,spoof
wavlm,antes,-22.7081,36.0463,de,spoof
wavlm,antes,-25.1770,32.6979,de,spoof
wavlm,antes,-20.8793,39.2157,de,spoof
wavlm,antes,-24.0439,38.9645,de,spoof
wavlm,antes,-19.8936,26.1019,de,spoof
wavlm,antes,-27.2856,35.3071,de,spoof
wavlm,antes,-26.1828,27.9469,de,spoof
wavlm,antes,-18.1605,23.0098,de,spoof
wavlm,antes,-23.5744,31.4550,de,spoof
wavlm,antes,-20.4143,33.7084,de,spoof
wavlm,antes,-17.5782,21.7407,de,spoof
wavlm,antes,-27.9248,34.4711,de,spoof
wavlm,antes,-23.0603,26.6016,de,spoof
wavlm,antes,-16.1724,36.0537,de,spoof
wavlm,antes,-13.7735,36.7505,de,spoof
wavlm,antes,-25.6552,34.7255,de,spoof
wavlm,antes,-14.1470,34.6553,de,spoof
wavlm,antes,-21.1532,23.0069,de,spoof
wavlm,antes,-16.5636,29.8099,de,spoof
wavlm,antes,-24.3926,33.8845,de,spoof
wavlm,antes,-26.2207,26.9700,de,spoof
wavlm,antes,-20.6183,32.7204,de,spoof
wavlm,antes,-20.7849,23.7370,de,spoof
wavlm,antes,-18.1976,23.7430,de,spoof
wavlm,antes,-13.1434,26.1945,de,spoof
wavlm,antes,-18.9892,29.8997,de,spoof
wavlm,antes,-16.1035,22.8361,de,spoof
wavlm,antes,-12.1517,28.0961,de,spoof
wavlm,antes,-15.3282,26.8032,de,spoof
wavlm,antes,-26.6173,30.8995,de,spoof
wavlm,antes,-17.1763,28.8688,de,spoof
wavlm,antes,-24.7949,28.3906,de,spoof
wavlm,antes,-24.7032,35.9712,de,spoof
wavlm,antes,-24.7793,32.6308,de,spoof
wavlm,antes,-18.8738,32.2750,de,spoof
wavlm,antes,-20.5924,28.5555,de,spoof
wavlm,antes,-26.1025,25.5546,de,spoof
wavlm,antes,-24.3107,36.4672,de,spoof
wavlm,antes,-22.9481,38.3227,de,spoof
wavlm,antes,-21.1283,32.4236,de,spoof
wavlm,antes,-24.0290,27.9701,de,spoof
wavlm,antes,-23.7083,38.7550,de,spoof
wavlm,antes,-21.1675,36.7482,de,spoof
wavlm,antes,-17.9037,39.8995,de,spoof
wavlm,antes,-18.0942,34.1627,de,spoof
wavlm,antes,-9.1924,27.2855,de,spoof
wavlm,antes,-21.2550,31.1904,de,spoof
wavlm,antes,-21.9973,27.5538,de,spoof
wavlm,antes,-28.1340,30.6393,de,spoof
wavlm,antes,0.8881,18.0009,de,spoof
wavlm,antes,-27.5504,26.4437,de,spoof
wavlm,antes,-24.0042,28.8401,de,spoof
wavlm,antes,-15.7165,39.4023,de,spoof
wavlm,antes,-14.1537,34.5588,de,spoof
wavlm,antes,-22.8978,36.0800,de,spoof
wavlm,antes,7.2915,-5.5604,de,spoof
wavlm,antes,-18.4267,22.9463,de,spoof
wavlm,antes,-32.0102,-10.1798,de,spoof
wavlm,antes,-25.2832,37.7168,de,spoof
wavlm,antes,-22.2040,29.2634,de,spoof
wavlm,antes,-21.1296,28.1373,de,spoof
wavlm,antes,-24.4877,33.1624,de,spoof
wavlm,antes,-17.9310,19.1070,de,spoof
wavlm,antes,-23.2552,31.8603,de,spoof
wavlm,antes,-17.3976,36.3235,de,spoof
wavlm,antes,-15.6350,30.5372,de,spoof
wavlm,antes,-29.0386,31.2553,de,spoof
wavlm,antes,-17.5600,25.5713,de,spoof
wavlm,antes,-6.6996,22.4974,de,spoof
wavlm,antes,-20.8085,26.0968,de,spoof
wavlm,antes,-23.0642,29.8146,de,spoof
wavlm,antes,-23.0166,33.8305,de,spoof
wavlm,antes,-20.8994,34.8186,de,spoof
wavlm,antes,-13.1466,34.2323,de,spoof
wavlm,antes,-20.8772,24.2187,de,spoof
wavlm,antes,-21.9388,33.6629,de,spoof
wavlm,antes,-26.3022,27.0257,de,spoof
wavlm,antes,-21.2066,31.7039,de,spoof
wavlm,antes,-9.8591,29.6455,de,spoof
wavlm,antes,-21.8241,33.5290,de,spoof
wavlm,antes,-27.9890,29.7300,de,spoof
wavlm,antes,-14.2621,23.5169,de,spoof
wavlm,antes,-19.5391,34.5307,de,spoof
wavlm,antes,-20.9316,35.0356,de,spoof
wavlm,antes,-10.8118,29.3336,de,spoof
wavlm,antes,-16.5035,32.9995,de,spoof
wavlm,antes,-11.8289,33.0632,de,spoof
wavlm,antes,-9.8403,26.5700,de,spoof
wavlm,antes,-18.9666,30.9999,de,spoof
wavlm,antes,-17.6464,42.4350,de,spoof
wavlm,antes,-20.9602,26.1547,de,spoof
wavlm,antes,-9.8811,33.1769,de,spoof
wavlm,antes,-15.7946,35.2328,de,spoof
wavlm,antes,-20.5244,22.1742,de,spoof
wavlm,antes,-7.2701,25.2399,de,spoof
wavlm,antes,-24.3773,28.4249,de,spoof
wavlm,antes,-23.4465,24.6154,de,spoof
wavlm,antes,-16.9859,22.8924,de,spoof
wavlm,antes,-22.2394,32.1231,de,spoof
wavlm,antes,-12.7186,32.6873,de,spoof
wavlm,antes,-17.3468,31.1340,de,spoof
wavlm,antes,-22.6578,36.8449,de,spoof
wavlm,antes,-28.0529,30.0987,de,spoof
wavlm,antes,-19.1113,35.0852,de,spoof
wavlm,antes,-22.4381,34.9567,de,spoof
wavlm,antes,-23.3504,36.8546,de,spoof
wavlm,antes,-22.1621,29.5792,de,spoof
wavlm,antes,-22.0508,36.7196,de,spoof
wavlm,antes,-20.5828,21.1385,de,spoof
wavlm,antes,-25.5228,37.9272,de,spoof
wavlm,antes,-16.6989,24.8104,de,spoof
wavlm,antes,-20.2541,28.5503,de,spoof
wavlm,antes,-20.0177,39.6058,de,spoof
wavlm,antes,-14.0279,32.0389,de,spoof
wavlm,antes,-19.1683,31.1185,de,spoof
wavlm,antes,-17.4333,26.2143,de,spoof
wavlm,antes,-19.6974,33.8829,de,spoof
wavlm,antes,-9.8684,33.1878,de,spoof
wavlm,antes,-26.2350,27.0900,de,spoof
wavlm,antes,-15.1626,30.4252,de,spoof
wavlm,antes,-17.8957,35.3072,de,spoof
wavlm,antes,-21.3549,35.9626,de,spoof
wavlm,antes,-17.9779,37.4090,de,spoof
wavlm,antes,-18.1638,23.9788,de,spoof
wavlm,antes,-17.8127,39.9920,de,spoof
wavlm,antes,-22.2828,32.1822,de,spoof
wavlm,antes,-23.2438,31.8995,de,spoof
wavlm,antes,-24.0950,33.2173,de,spoof
wavlm,antes,-19.6036,34.3784,de,spoof
wavlm,antes,-21.1270,41.4939,de,spoof
wavlm,antes,-19.0277,29.6241,de,spoof
wavlm,antes,-25.2152,30.3080,de,spoof
wavlm,antes,-19.6823,34.3446,de,spoof
wavlm,antes,-28.0859,30.6881,de,spoof
wavlm,antes,-51.9086,2.9582,en,bonafide
wavlm,antes,-54.9198,7.5568,en,bonafide
wavlm,antes,-55.0327,6.6986,en,bonafide
wavlm,antes,-57.6571,0.9420,en,bonafide
wavlm,antes,-55.3913,8.3033,en,bonafide
wavlm,antes,-36.2421,-12.0206,en,bonafide
wavlm,antes,-49.9385,2.1963,en,bonafide
wavlm,antes,-59.0305,1.3317,en,bonafide
wavlm,antes,-41.3778,-4.7859,en,bonafide
wavlm,antes,-47.5437,6.2745,en,bonafide
wavlm,antes,-50.0076,2.3643,en,bonafide
wavlm,antes,-51.6539,2.0892,en,bonafide
wavlm,antes,-51.2881,2.4376,en,bonafide
wavlm,antes,-53.7313,7.5137,en,bonafide
wavlm,antes,-53.6437,8.2215,en,bonafide
wavlm,antes,-48.9364,5.8606,en,bonafide
wavlm,antes,-33.1004,-3.2890,en,bonafide
wavlm,antes,-54.6968,6.3240,en,bonafide
wavlm,antes,-36.8511,-2.5708,en,bonafide
wavlm,antes,-59.0754,1.4888,en,bonafide
wavlm,antes,-36.3400,-10.1328,en,bonafide
wavlm,antes,-54.9812,6.4871,en,bonafide
wavlm,antes,-49.9796,0.7992,en,bonafide
wavlm,antes,-53.4981,7.1663,en,bonafide
wavlm,antes,-38.3640,-4.4463,en,bonafide
wavlm,antes,-32.7897,0.7221,en,bonafide
wavlm,antes,-44.6195,7.5385,en,bonafide
wavlm,antes,-47.2569,5.5578,en,bonafide
wavlm,antes,-39.9680,-9.1455,en,bonafide
wavlm,antes,-54.8729,7.5305,en,bonafide
wavlm,antes,-36.6883,-1.2574,en,bonafide
wavlm,antes,-38.8268,-1.3016,en,bonafide
wavlm,antes,-44.4554,7.8332,en,bonafide
wavlm,antes,-44.6455,7.3914,en,bonafide
wavlm,antes,-43.1191,-0.4534,en,bonafide
wavlm,antes,-47.3186,6.5309,en,bonafide
wavlm,antes,-52.0783,3.5000,en,bonafide
wavlm,antes,-38.6730,-0.7378,en,bonafide
wavlm,antes,-57.8476,-1.5698,en,bonafide
wavlm,antes,-36.1680,-10.1811,en,bonafide
wavlm,antes,-50.3161,1.9779,en,bonafide
wavlm,antes,-40.5263,-5.5135,en,bonafide
wavlm,antes,-47.1658,7.1499,en,bonafide
wavlm,antes,-43.5801,-0.3480,en,bonafide
wavlm,antes,-50.0672,1.2410,en,bonafide
wavlm,antes,-52.9990,8.7328,en,bonafide
wavlm,antes,-47.2155,6.2756,en,bonafide
wavlm,antes,-56.5385,0.4406,en,bonafide
wavlm,antes,-53.4284,7.9233,en,bonafide
wavlm,antes,-39.2708,-2.3833,en,bonafide
wavlm,antes,-35.2105,1.0104,en,bonafide
wavlm,antes,-51.6976,2.9718,en,bonafide
wavlm,antes,-50.2502,2.3536,en,bonafide
wavlm,antes,-32.3589,-0.2330,en,bonafide
wavlm,antes,-46.7201,4.7850,en,bonafide
wavlm,antes,-53.8093,7.4831,en,bonafide
wavlm,antes,-52.5395,8.9971,en,bonafide
wavlm,antes,-57.4508,0.4337,en,bonafide
wavlm,antes,-37.8467,-1.4923,en,bonafide
wavlm,antes,-37.4690,2.0005,en,bonafide
wavlm,antes,-49.6215,1.1094,en,bonafide
wavlm,antes,-46.1514,6.3217,en,bonafide
wavlm,antes,-56.0835,-2.0501,en,bonafide
wavlm,antes,-32.2400,-2.9007,en,bonafide
wavlm,antes,-53.8257,5.4802,en,bonafide
wavlm,antes,-9.3610,-0.5973,en,bonafide
wavlm,antes,-39.8867,-11.1123,en,bonafide
wavlm,antes,-54.6601,7.5299,en,bonafide
wavlm,antes,-48.5844,6.8543,en,bonafide
wavlm,antes,-53.1864,7.7465,en,bonafide
wavlm,antes,-49.5818,2.2769,en,bonafide
wavlm,antes,-33.7303,2.3341,en,bonafide
wavlm,antes,-47.1934,5.4667,en,bonafide
wavlm,antes,-36.1519,-11.8643,en,bonafide
wavlm,antes,-57.5254,-1.5515,en,bonafide
wavlm,antes,-48.6912,-0.6378,en,bonafide
wavlm,antes,-58.4341,-0.3755,en,bonafide
wavlm,antes,-52.2390,3.3865,en,bonafide
wavlm,antes,-34.7387,-10.0015,en,bonafide
wavlm,antes,-57.9046,1.0694,en,bonafide
wavlm,antes,-53.0166,7.7811,en,bonafide
wavlm,antes,-40.6757,-4.0168,en,bonafide
wavlm,antes,-59.0545,-0.0426,en,bonafide
wavlm,antes,-56.2651,-2.2299,en,bonafide
wavlm,antes,-54.8215,8.0613,en,bonafide
wavlm,antes,-53.7868,5.9923,en,bonafide
wavlm,antes,-54.5593,-3.3137,en,bonafide
wavlm,antes,-50.5411,4.5693,en,bonafide
wavlm,antes,-51.3462,0.5861,en,bonafide
wavlm,antes,-45.5409,3.9728,en,bonafide
wavlm,antes,-38.7981,-0.9498,en,bonafide
wavlm,antes,-42.1532,-0.0787,en,bonafide
wavlm,antes,-40.3296,-3.7696,en,bonafide
wavlm,antes,-56.1401,0.4938,en,bonafide
wavlm,antes,-40.2952,-5.3802,en,bonafide
wavlm,antes,-57.9729,0.4568,en,bonafide
wavlm,antes,-46.6014,6.1306,en,bonafide
wavlm,antes,-34.9155,-1.3076,en,bonafide
wavlm,antes,-49.0157,1.9520,en,bonafide
wavlm,antes,-43.9406,0.0129,en,bonafide
wavlm,antes,-15.9089,0.5416,en,bonafide
wavlm,antes,-56.5806,-0.5090,en,bonafide
wavlm,antes,-37.5947,-3.3845,en,bonafide
wavlm,antes,-49.6250,2.1440,en,bonafide
wavlm,antes,-57.6239,-0.3635,en,bonafide
wavlm,antes,-38.6956,-0.5249,en,bonafide
wavlm,antes,-41.1434,-3.2500,en,bonafide
wavlm,antes,-50.9862,0.7978,en,bonafide
wavlm,antes,-51.4903,2.6419,en,bonafide
wavlm,antes,-57.8915,-0.3900,en,bonafide
wavlm,antes,-40.9585,-1.1396,en,bonafide
wavlm,antes,-33.1907,-1.3889,en,bonafide
wavlm,antes,-51.0761,2.7707,en,bonafide
wavlm,antes,-37.2803,-5.9378,en,bonafide
wavlm,antes,-50.5625,2.7370,en,bonafide
wavlm,antes,-58.2393,0.8955,en,bonafide
wavlm,antes,-43.2126,-8.0320,en,bonafide
wavlm,antes,-38.0981,-2.4676,en,bonafide
wavlm,antes,-56.6511,1.0782,en,bonafide
wavlm,antes,-56.1786,1.6959,en,bonafide
wavlm,antes,-46.3070,6.2672,en,bonafide
wavlm,antes,-57.9151,-1.3022,en,bonafide
wavlm,antes,-57.5264,1.1892,en,bonafide
wavlm,antes,-47.4270,5.0656,en,bonafide
wavlm,antes,-35.9781,-11.8740,en,bonafide
wavlm,antes,-57.4104,1.0986,en,bonafide
wavlm,antes,-53.8926,8.3307,en,bonafide
wavlm,antes,-58.3814,-0.4100,en,bonafide
wavlm,antes,-46.9831,5.7660,en,bonafide
wavlm,antes,-47.4904,6.0144,en,bonafide
wavlm,antes,-51.9191,2.5486,en,bonafide
wavlm,antes,-37.4585,1.8855,en,bonafide
wavlm,antes,-57.0450,-0.3765,en,bonafide
wavlm,antes,-37.6559,-9.1769,en,bonafide
wavlm,antes,-51.6506,2.6421,en,bonafide
wavlm,antes,-40.1920,-1.3997,en,bonafide
wavlm,antes,-38.4772,-1.6029,en,bonafide
wavlm,antes,-53.7605,7.2581,en,bonafide
wavlm,antes,-44.2704,-6.8670,en,bonafide
wavlm,antes,-39.2589,-8.7692,en,bonafide
wavlm,antes,-38.0368,-10.2492,en,bonafide
wavlm,antes,-36.2888,1.8133,en,bonafide
wavlm,antes,-57.0320,0.8455,en,bonafide
wavlm,antes,-35.6728,1.1071,en,bonafide
wavlm,antes,-37.4677,-6.6805,en,bonafide
wavlm,antes,-56.9934,0.8556,en,bonafide
wavlm,antes,-56.6538,-2.3727,en,bonafide
wavlm,antes,-33.4470,1.8159,en,bonafide
wavlm,antes,-47.6120,5.7467,en,bonafide
wavlm,antes,-43.0310,7.9589,en,bonafide
wavlm,antes,-34.3056,-2.6530,en,spoof
wavlm,antes,-41.9535,-2.3138,en,spoof
wavlm,antes,-35.7382,-1.6424,en,spoof
wavlm,antes,-48.9718,0.4831,en,spoof
wavlm,antes,-49.8696,3.3813,en,spoof
wavlm,antes,-35.7136,-2.3805,en,spoof
wavlm,antes,-41.4276,-4.3356,en,spoof
wavlm,antes,-37.0161,2.8325,en,spoof
wavlm,antes,-51.3648,1.8026,en,spoof
wavlm,antes,-41.8157,-0.2766,en,spoof
wavlm,antes,-37.2537,-4.0869,en,spoof
wavlm,antes,-35.0702,-0.8924,en,spoof
wavlm,antes,-34.9220,-11.5599,en,spoof
wavlm,antes,-39.7575,-6.8594,en,spoof
wavlm,antes,-36.3608,-8.7094,en,spoof
wavlm,antes,-32.4384,-2.6354,en,spoof
wavlm,antes,-35.5011,-0.0066,en,spoof
wavlm,antes,-31.8682,-6.0459,en,spoof
wavlm,antes,-55.9407,-0.1929,en,spoof
wavlm,antes,-48.9371,7.2346,en,spoof
wavlm,antes,-33.3536,-5.7421,en,spoof
wavlm,antes,-42.7645,7.9197,en,spoof
wavlm,antes,-38.4160,-5.6425,en,spoof
wavlm,antes,-38.9440,-8.0572,en,spoof
wavlm,antes,-41.1360,-6.4675,en,spoof
wavlm,antes,-37.2090,-6.5175,en,spoof
wavlm,antes,-39.7490,-2.9110,en,spoof
wavlm,antes,-54.3569,2.4274,en,spoof
wavlm,antes,-35.8343,-7.0997,en,spoof
wavlm,antes,-37.4992,-4.3247,en,spoof
wavlm,antes,-40.9678,-8.1220,en,spoof
wavlm,antes,-36.9544,-11.1871,en,spoof
wavlm,antes,-36.1595,-3.8209,en,spoof
wavlm,antes,-49.0183,4.1047,en,spoof
wavlm,antes,-38.2196,-6.5019,en,spoof
wavlm,antes,-39.6034,-5.0969,en,spoof
wavlm,antes,-37.8608,0.4950,en,spoof
wavlm,antes,-42.7616,-6.7920,en,spoof
wavlm,antes,-36.0349,-3.0501,en,spoof
wavlm,antes,-34.4198,-3.8628,en,spoof
wavlm,antes,-39.6808,-8.8668,en,spoof
wavlm,antes,-36.3576,-3.7182,en,spoof
wavlm,antes,-40.9791,2.7107,en,spoof
wavlm,antes,-34.3825,-7.7189,en,spoof
wavlm,antes,-54.1934,6.9789,en,spoof
wavlm,antes,-36.6214,-7.2082,en,spoof
wavlm,antes,-35.7537,-4.9181,en,spoof
wavlm,antes,-37.3639,-5.2657,en,spoof
wavlm,antes,-42.3670,-9.9022,en,spoof
wavlm,antes,-42.2938,-1.6669,en,spoof
wavlm,antes,-54.0310,7.0656,en,spoof
wavlm,antes,-29.7277,-7.0466,en,spoof
wavlm,antes,-42.1721,2.6241,en,spoof
wavlm,antes,-36.2283,-8.2903,en,spoof
wavlm,antes,-41.8106,0.0058,en,spoof
wavlm,antes,-33.6154,-10.9623,en,spoof
wavlm,antes,-40.5889,0.8900,en,spoof
wavlm,antes,-33.0644,-0.8516,en,spoof
wavlm,antes,-37.4913,-7.9147,en,spoof
wavlm,antes,-36.9346,-9.8376,en,spoof
wavlm,antes,-37.4292,-8.1014,en,spoof
wavlm,antes,-39.3965,0.4781,en,spoof
wavlm,antes,-40.7616,1.1551,en,spoof
wavlm,antes,-33.7091,-8.5857,en,spoof
wavlm,antes,-43.4120,-3.9833,en,spoof
wavlm,antes,-39.9298,-10.5472,en,spoof
wavlm,antes,-36.4746,-5.2326,en,spoof
wavlm,antes,-50.9177,2.4945,en,spoof
wavlm,antes,-47.5950,3.1714,en,spoof
wavlm,antes,-47.9674,2.6661,en,spoof
wavlm,antes,-30.5573,-5.8555,en,spoof
wavlm,antes,-39.8945,-8.0925,en,spoof
wavlm,antes,-40.8302,-2.3139,en,spoof
wavlm,antes,-40.9175,-10.8562,en,spoof
wavlm,antes,-43.8267,-1.3179,en,spoof
wavlm,antes,-47.9100,5.9586,en,spoof
wavlm,antes,-36.8173,-2.9761,en,spoof
wavlm,antes,-39.3158,0.5276,en,spoof
wavlm,antes,-39.8049,2.6784,en,spoof
wavlm,antes,-40.5463,-2.5948,en,spoof
wavlm,antes,-39.1343,-5.6979,en,spoof
wavlm,antes,-32.1313,0.4670,en,spoof
wavlm,antes,-32.6512,-9.1010,en,spoof
wavlm,antes,-33.5980,-8.5716,en,spoof
wavlm,antes,-33.6540,-0.5617,en,spoof
wavlm,antes,-39.8210,-1.0137,en,spoof
wavlm,antes,-33.8352,1.5617,en,spoof
wavlm,antes,-38.5757,-1.8721,en,spoof
wavlm,antes,-39.0402,-7.7423,en,spoof
wavlm,antes,-36.6834,-0.0616,en,spoof
wavlm,antes,-40.2561,-3.0097,en,spoof
wavlm,antes,-37.7194,-10.2063,en,spoof
wavlm,antes,-41.0987,2.6364,en,spoof
wavlm,antes,-34.8610,-2.7692,en,spoof
wavlm,antes,-35.6143,-6.1216,en,spoof
wavlm,antes,-35.2667,-4.2589,en,spoof
wavlm,antes,-36.8212,-1.8742,en,spoof
wavlm,antes,-38.8152,2.9811,en,spoof
wavlm,antes,-38.5541,-8.8122,en,spoof
wavlm,antes,-41.9168,-2.3564,en,spoof
wavlm,antes,-35.0688,-7.9455,en,spoof
wavlm,antes,-42.1664,-10.1218,en,spoof
wavlm,antes,-38.5658,-10.4236,en,spoof
wavlm,antes,-35.1870,-8.2877,en,spoof
wavlm,antes,-38.2327,0.7135,en,spoof
wavlm,antes,-32.7018,-2.1066,en,spoof
wavlm,antes,-35.6894,-7.3890,en,spoof
wavlm,antes,-37.7740,-0.5063,en,spoof
wavlm,antes,-40.9576,-6.7320,en,spoof
wavlm,antes,-41.7795,-2.6652,en,spoof
wavlm,antes,-48.2220,5.8027,en,spoof
wavlm,antes,-38.3067,-7.5335,en,spoof
wavlm,antes,-33.4383,-4.7313,en,spoof
wavlm,antes,-39.8745,-11.2484,en,spoof
wavlm,antes,-33.5467,-8.4337,en,spoof
wavlm,antes,-39.6293,0.2407,en,spoof
wavlm,antes,-36.3420,-4.9677,en,spoof
wavlm,antes,-38.1823,-3.5781,en,spoof
wavlm,antes,-40.3542,-5.0246,en,spoof
wavlm,antes,-41.6259,-11.0536,en,spoof
wavlm,antes,-42.7344,-6.3912,en,spoof
wavlm,antes,-57.6378,-0.6345,en,spoof
wavlm,antes,-38.6827,-6.0221,en,spoof
wavlm,antes,-35.7879,-6.4329,en,spoof
wavlm,antes,-34.9534,-10.4570,en,spoof
wavlm,antes,-44.2831,-6.8026,en,spoof
wavlm,antes,-34.9270,0.1085,en,spoof
wavlm,antes,-36.8978,-1.2021,en,spoof
wavlm,antes,-34.0496,-3.8381,en,spoof
wavlm,antes,-39.3367,-6.4844,en,spoof
wavlm,antes,-32.2837,-3.3111,en,spoof
wavlm,antes,-34.4126,-6.7118,en,spoof
wavlm,antes,-48.3455,5.1588,en,spoof
wavlm,antes,-33.3791,-5.2800,en,spoof
wavlm,antes,-56.3474,0.7639,en,spoof
wavlm,antes,-40.7049,2.9853,en,spoof
wavlm,antes,-32.0926,-0.8685,en,spoof
wavlm,antes,-38.7110,-2.8884,en,spoof
wavlm,antes,-49.6797,3.2328,en,spoof
wavlm,antes,-39.5931,-4.9120,en,spoof
wavlm,antes,-40.8515,-1.5496,en,spoof
wavlm,antes,-34.9549,-6.0309,en,spoof
wavlm,antes,-36.7361,2.4805,en,spoof
wavlm,antes,-34.5289,-11.2784,en,spoof
wavlm,antes,-38.5713,-2.6226,en,spoof
wavlm,antes,-38.6535,-5.3326,en,spoof
wavlm,antes,-45.0525,3.8035,en,spoof
wavlm,antes,-36.6370,-0.7849,en,spoof
wavlm,antes,-39.4082,-4.0048,en,spoof
wavlm,antes,-31.8201,-1.9734,en,spoof
wavlm,antes,-26.2304,-37.9698,es,bonafide
wavlm,antes,-18.1406,-36.1223,es,bonafide
wavlm,antes,-11.1216,-27.2413,es,bonafide
wavlm,antes,6.8335,-13.3535,es,bonafide
wavlm,antes,-17.5911,-38.0588,es,bonafide
wavlm,antes,-17.5428,-33.5434,es,bonafide
wavlm,antes,-24.4492,-37.6440,es,bonafide
wavlm,antes,-13.7906,-23.7100,es,bonafide
wavlm,antes,-16.4996,-36.6325,es,bonafide
wavlm,antes,-24.3076,-38.6162,es,bonafide
wavlm,antes,-22.8631,-29.4275,es,bonafide
wavlm,antes,-24.8687,-38.9861,es,bonafide
wavlm,antes,-0.2874,-34.7687,es,bonafide
wavlm,antes,-5.5971,-37.0314,es,bonafide
wavlm,antes,-17.8565,-37.4941,es,bonafide
wavlm,antes,-12.8425,-32.4939,es,bonafide
wavlm,antes,-22.3236,-33.1251,es,bonafide
wavlm,antes,-8.6541,-4.2172,es,bonafide
wavlm,antes,-7.9834,-32.9065,es,bonafide
wavlm,antes,-25.3088,-39.4112,es,bonafide
wavlm,antes,-17.5352,-36.7721,es,bonafide
wavlm,antes,-9.1442,-10.0621,es,bonafide
wavlm,antes,-7.5867,-32.4699,es,bonafide
wavlm,antes,-24.7773,-38.7086,es,bonafide
wavlm,antes,-18.8927,-32.7892,es,bonafide
wavlm,antes,-16.8917,-30.5106,es,bonafide
wavlm,antes,-22.1069,-30.5295,es,bonafide
wavlm,antes,-19.4692,-37.1322,es,bonafide
wavlm,antes,-19.1393,-36.0827,es,bonafide
wavlm,antes,-0.3633,-34.8668,es,bonafide
wavlm,antes,-12.3912,-0.3995,es,bonafide
wavlm,antes,-12.6777,0.4283,es,bonafide
wavlm,antes,-18.2472,-37.1892,es,bonafide
wavlm,antes,-20.7577,-32.2122,es,bonafide
wavlm,antes,-18.5546,-35.2815,es,bonafide
wavlm,antes,-15.9428,-37.3862,es,bonafide
wavlm,antes,-16.7295,-38.4912,es,bonafide
wavlm,antes,-12.3875,-26.3226,es,bonafide
wavlm,antes,-13.7496,-22.7369,es,bonafide
wavlm,antes,-17.8572,-29.1527,es,bonafide
wavlm,antes,-25.2555,-37.7688,es,bonafide
wavlm,antes,-19.8479,-30.6570,es,bonafide
wavlm,antes,-17.6441,-37.0491,es,bonafide
wavlm,antes,-5.2943,-32.2246,es,bonafide
wavlm,antes,-7.0486,-18.7598,es,bonafide
wavlm,antes,-18.6759,-36.5187,es,bonafide
wavlm,antes,-24.2491,-38.4150,es,bonafide
wavlm,antes,-6.1556,-29.9097,es,bonafide
wavlm,antes,-7.1404,-39.5391,es,bonafide
wavlm,antes,-17.4475,-38.4830,es,bonafide
wavlm,antes,-4.2716,-37.7667,es,bonafide
wavlm,antes,-23.0719,-29.2748,es,bonafide
wavlm,antes,-5.6609,-35.8886,es,bonafide
wavlm,antes,-11.5738,-1.9856,es,bonafide
wavlm,antes,-19.3010,-34.5158,es,bonafide
wavlm,antes,-22.4658,-30.1466,es,bonafide
wavlm,antes,-17.4530,-35.0877,es,bonafide
wavlm,antes,-4.8190,-35.3891,es,bonafide
wavlm,antes,-11.9561,-31.1252,es,bonafide
wavlm,antes,-12.9033,-22.5608,es,bonafide
wavlm,antes,-6.9850,-22.3368,es,bonafide
wavlm,antes,-12.5876,-23.2716,es,bonafide
wavlm,antes,-20.7068,-32.5593,es,bonafide
wavlm,antes,1.4366,-38.6200,es,bonafide
wavlm,antes,-12.5276,-18.9816,es,bonafide
wavlm,antes,-24.8691,-39.2883,es,bonafide
wavlm,antes,-24.4231,-38.7140,es,bonafide
wavlm,antes,-11.8950,-23.4969,es,bonafide
wavlm,antes,-8.5905,-10.3125,es,bonafide
wavlm,antes,-5.6064,-37.5189,es,bonafide
wavlm,antes,-8.3709,-33.5173,es,bonafide
wavlm,antes,-17.9434,-36.0063,es,bonafide
wavlm,antes,-17.7908,-32.2610,es,bonafide
wavlm,antes,-18.7626,-35.3976,es,bonafide
wavlm,antes,-1.6522,-33.4402,es,bonafide
wavlm,antes,-16.4802,-31.7904,es,bonafide
wavlm,antes,-0.2838,-34.6485,es,bonafide
wavlm,antes,-21.7799,-31.1657,es,bonafide
wavlm,antes,-17.5008,-35.8575,es,bonafide
wavlm,antes,7.2879,-16.7143,es,bonafide
wavlm,antes,-12.4141,-19.2672,es,bonafide
wavlm,antes,-21.7378,-34.4840,es,bonafide
wavlm,antes,-24.4679,-39.9214,es,bonafide
wavlm,antes,-7.6610,-32.6292,es,bonafide
wavlm,antes,-5.5733,-37.2724,es,bonafide
wavlm,antes,-23.8717,-38.9216,es,bonafide
wavlm,antes,-14.4182,-37.6592,es,bonafide
wavlm,antes,-19.4420,-35.3518,es,bonafide
wavlm,antes,-19.5599,-37.1414,es,bonafide
wavlm,antes,-20.0058,-33.6092,es,bonafide
wavlm,antes,-20.7318,-34.9232,es,bonafide
wavlm,antes,-19.0776,-29.9111,es,bonafide
wavlm,antes,-11.5072,-26.6161,es,bonafide
wavlm,antes,-17.5692,-30.1440,es,bonafide
wavlm,antes,-13.3603,-22.8088,es,bonafide
wavlm,antes,-16.4632,-35.9347,es,bonafide
wavlm,antes,-5.7273,-35.9875,es,bonafide
wavlm,antes,-19.2941,-32.7420,es,bonafide
wavlm,antes,-5.2810,-36.6242,es,bonafide
wavlm,antes,-13.0877,-25.8497,es,bonafide
wavlm,antes,-24.8769,-38.5752,es,bonafide
wavlm,antes,-18.0122,-30.0017,es,bonafide
wavlm,antes,-19.4439,-30.2501,es,bonafide
wavlm,antes,-5.8523,1.8138,es,bonafide
wavlm,antes,-7.6962,-33.2459,es,bonafide
wavlm,antes,-0.9692,-33.9834,es,bonafide
wavlm,antes,-11.0063,-27.0709,es,bonafide
wavlm,antes,-18.4227,-37.6812,es,bonafide
wavlm,antes,-12.5070,-26.9782,es,bonafide
wavlm,antes,-8.2883,-31.0495,es,bonafide
wavlm,antes,-12.2128,-20.7391,es,bonafide
wavlm,antes,-15.0824,-23.0284,es,bonafide
wavlm,antes,-19.1146,-30.6055,es,bonafide
wavlm,antes,-16.4130,-36.0146,es,bonafide
wavlm,antes,-7.0779,-27.4382,es,bonafide
wavlm,antes,-17.0102,-36.3197,es,bonafide
wavlm,antes,-4.4009,-35.9580,es,bonafide
wavlm,antes,0.4338,-38.8786,es,bonafide
wavlm,antes,-19.3818,-34.6486,es,bonafide
wavlm,antes,-8.2230,-33.2616,es,bonafide
wavlm,antes,-13.7039,-22.2090,es,bonafide
wavlm,antes,-25.2090,-39.8834,es,bonafide
wavlm,antes,-0.0564,-34.6260,es,bonafide
wavlm,antes,-17.9684,-36.0649,es,bonafide
wavlm,antes,-25.4595,-38.0058,es,bonafide
wavlm,antes,-7.0036,-27.1330,es,bonafide
wavlm,antes,-17.1305,-34.2547,es,bonafide
wavlm,antes,-24.4655,-38.4068,es,bonafide
wavlm,antes,-22.9883,-29.3418,es,bonafide
wavlm,antes,-18.8965,-28.6838,es,bonafide
wavlm,antes,-12.6585,-22.6685,es,bonafide
wavlm,antes,-6.3531,-12.2061,es,bonafide
wavlm,antes,-16.5245,-33.5243,es,bonafide
wavlm,antes,-16.4237,-36.8643,es,bonafide
wavlm,antes,-11.0014,-28.0826,es,bonafide
wavlm,antes,-17.9883,-37.6763,es,bonafide
wavlm,antes,-25.4779,-36.5340,es,bonafide
wavlm,antes,-16.9085,-35.5785,es,bonafide
wavlm,antes,-17.3777,-36.8890,es,bonafide
wavlm,antes,-16.7837,-37.3527,es,bonafide
wavlm,antes,-6.6522,-13.6354,es,bonafide
wavlm,antes,-13.8833,-23.1328,es,bonafide
wavlm,antes,-11.7492,-1.7434,es,bonafide
wavlm,antes,-7.5164,-35.3469,es,bonafide
wavlm,antes,-21.2307,-33.2368,es,bonafide
wavlm,antes,-6.1090,-30.1395,es,bonafide
wavlm,antes,-14.7750,-21.2507,es,bonafide
wavlm,antes,-11.6708,-26.9997,es,bonafide
wavlm,antes,-18.2216,-34.2083,es,bonafide
wavlm,antes,-20.5398,-31.5066,es,bonafide
wavlm,antes,-2.8692,-31.0366,es,spoof
wavlm,antes,-16.4153,-34.5902,es,spoof
wavlm,antes,-28.8425,-10.0801,es,spoof
wavlm,antes,-20.4553,-37.8625,es,spoof
wavlm,antes,-6.5068,-34.1369,es,spoof
wavlm,antes,-29.5309,-10.1747,es,spoof
wavlm,antes,-15.2750,-33.6236,es,spoof
wavlm,antes,-5.2478,-31.2794,es,spoof
wavlm,antes,-18.9863,-32.4886,es,spoof
wavlm,antes,-8.7006,-29.5496,es,spoof
wavlm,antes,-29.2357,-7.5234,es,spoof
wavlm,antes,-6.3284,-26.1428,es,spoof
wavlm,antes,-12.6721,-28.0155,es,spoof
wavlm,antes,-21.1247,-35.1519,es,spoof
wavlm,antes,4.6075,-36.3063,es,spoof
wavlm,antes,-12.5952,-23.2498,es,spoof
wavlm,antes,-0.6171,-35.2589,es,spoof
wavlm,antes,-9.7832,-21.2392,es,spoof
wavlm,antes,-3.7299,-33.3899,es,spoof
wavlm,antes,2.0095,-7.5257,es,spoof
wavlm,antes,-3.9871,-34.5920,es,spoof
wavlm,antes,-13.5135,-27.6204,es,spoof
wavlm,antes,-6.8322,-23.7071,es,spoof
wavlm,antes,-4.0656,-26.8806,es,spoof
wavlm,antes,-4.7104,-30.7580,es,spoof
wavlm,antes,-5.2149,-36.9134,es,spoof
wavlm,antes,-7.4354,-39.1153,es,spoof
wavlm,antes,-6.7925,-31.6784,es,spoof
wavlm,antes,-8.1630,-35.3716,es,spoof
wavlm,antes,-8.6305,-8.8233,es,spoof
wavlm,antes,-16.6794,-37.5430,es,spoof
wavlm,antes,-10.4698,-32.4854,es,spoof
wavlm,antes,-19.3255,-38.1950,es,spoof
wavlm,antes,-16.0053,-35.2848,es,spoof
wavlm,antes,-11.0541,-36.1988,es,spoof
wavlm,antes,-13.2792,-32.6637,es,spoof
wavlm,antes,-18.1960,-34.7710,es,spoof
wavlm,antes,-3.1850,-33.9972,es,spoof
wavlm,antes,-7.4905,-30.3346,es,spoof
wavlm,antes,-8.3346,-4.1538,es,spoof
wavlm,antes,-3.4340,-32.7155,es,spoof
wavlm,antes,-13.1934,-26.6875,es,spoof
wavlm,antes,-14.5636,-33.1189,es,spoof
wavlm,antes,-7.4576,-37.7671,es,spoof
wavlm,antes,-12.9953,-35.2322,es,spoof
wavlm,antes,-11.0204,-26.2277,es,spoof
wavlm,antes,-13.9476,-35.1352,es,spoof
wavlm,antes,-11.9452,-27.9637,es,spoof
wavlm,antes,-14.2429,-30.2281,es,spoof
wavlm,antes,-6.2880,-1.4015,es,spoof
wavlm,antes,-12.1227,-21.6841,es,spoof
wavlm,antes,-12.3774,-25.1983,es,spoof
wavlm,antes,-5.9081,-23.0316,es,spoof
wavlm,antes,-6.8504,-34.2274,es,spoof
wavlm,antes,-15.2850,-35.7095,es,spoof
wavlm,antes,-9.7022,-36.8459,es,spoof
wavlm,antes,-19.2127,-38.6311,es,spoof
wavlm,antes,-11.5660,-21.7334,es,spoof
wavlm,antes,-23.7720,-38.6275,es,spoof
wavlm,antes,-7.5846,-31.8790,es,spoof
wavlm,antes,-13.3634,-32.9639,es,spoof
wavlm,antes,-18.5255,-31.7642,es,spoof
wavlm,antes,-3.8584,-26.6177,es,spoof
wavlm,antes,-15.8470,-34.9425,es,spoof
wavlm,antes,-6.2618,-26.1824,es,spoof
wavlm,antes,-5.9544,-23.0674,es,spoof
wavlm,antes,-17.4568,-39.3412,es,spoof
wavlm,antes,-16.5190,-31.3924,es,spoof
wavlm,antes,-12.9045,-28.1592,es,spoof
wavlm,antes,-16.2417,-36.7141,es,spoof
wavlm,antes,-10.5634,-36.3910,es,spoof
wavlm,antes,-8.3224,-28.7207,es,spoof
wavlm,antes,-21.8491,-37.1559,es,spoof
wavlm,antes,6.9189,-14.0971,es,spoof
wavlm,antes,-15.3435,-36.6346,es,spoof
wavlm,antes,-8.1364,-39.1825,es,spoof
wavlm,antes,2.1877,-8.0933,es,spoof
wavlm,antes,-15.6468,-36.7514,es,spoof
wavlm,antes,-17.0003,-35.0134,es,spoof
wavlm,antes,-15.2047,-31.8923,es,spoof
wavlm,antes,-14.4282,-34.3105,es,spoof
wavlm,antes,-14.1893,-30.3195,es,spoof
wavlm,antes,-18.9471,-39.9587,es,spoof
wavlm,antes,-5.1902,-29.6581,es,spoof
wavlm,antes,-5.0904,-35.5887,es,spoof
wavlm,antes,-1.7140,-5.9381,es,spoof
wavlm,antes,-2.2612,-34.4619,es,spoof
wavlm,antes,-1.6765,-37.4754,es,spoof
wavlm,antes,-8.5928,-39.1154,es,spoof
wavlm,antes,-6.3048,-38.6470,es,spoof
wavlm,antes,-0.1559,-39.2562,es,spoof
wavlm,antes,-1.8634,-37.4709,es,spoof
wavlm,antes,-13.6795,-36.4865,es,spoof
wavlm,antes,-10.3535,-31.4764,es,spoof
wavlm,antes,-20.4750,-38.3833,es,spoof
wavlm,antes,-3.1677,-33.9589,es,spoof
wavlm,antes,21.9597,14.0135,es,spoof
wavlm,antes,-14.3774,-32.5487,es,spoof
wavlm,antes,-20.3952,-33.9176,es,spoof
wavlm,antes,5.8619,-14.7613,es,spoof
wavlm,antes,-14.3564,-34.1430,es,spoof
wavlm,antes,-13.6417,-22.3548,es,spoof
wavlm,antes,5.2622,-21.2578,es,spoof
wavlm,antes,-14.5483,-37.1065,es,spoof
wavlm,antes,-8.9150,-36.9308,es,spoof
wavlm,antes,-6.5420,-33.6386,es,spoof
wavlm,antes,-2.4006,-34.8860,es,spoof
wavlm,antes,-5.6059,-34.3262,es,spoof
wavlm,antes,-19.5990,-26.3193,es,spoof
wavlm,antes,-16.4628,-32.0150,es,spoof
wavlm,antes,-4.2735,-34.5957,es,spoof
wavlm,antes,21.8460,13.6134,es,spoof
wavlm,antes,20.5276,7.3611,es,spoof
wavlm,antes,0.5886,-37.3906,es,spoof
wavlm,antes,-15.7392,-38.3583,es,spoof
wavlm,antes,-6.5832,-32.0352,es,spoof
wavlm,antes,-14.2878,-38.3118,es,spoof
wavlm,antes,-18.1512,-38.5071,es,spoof
wavlm,antes,-13.5898,-24.4612,es,spoof
wavlm,antes,-6.1942,-32.8389,es,spoof
wavlm,antes,-4.0206,-32.6435,es,spoof
wavlm,antes,3.2838,-34.8232,es,spoof
wavlm,antes,-11.8674,-20.3949,es,spoof
wavlm,antes,-7.8689,-35.4930,es,spoof
wavlm,antes,-13.5948,-23.9183,es,spoof
wavlm,antes,-4.2574,-9.8377,es,spoof
wavlm,antes,-12.3601,-22.8154,es,spoof
wavlm,antes,0.2018,-11.5267,es,spoof
wavlm,antes,7.6030,-6.9425,es,spoof
wavlm,antes,-13.5882,-24.7165,es,spoof
wavlm,antes,-18.3589,-33.1754,es,spoof
wavlm,antes,-21.2584,-36.5755,es,spoof
wavlm,antes,-9.5689,-29.9233,es,spoof
wavlm,antes,0.4078,-38.8275,es,spoof
wavlm,antes,-0.4335,-39.3957,es,spoof
wavlm,antes,-7.1795,-37.5854,es,spoof
wavlm,antes,-15.2488,-34.5530,es,spoof
wavlm,antes,-16.1051,-37.9677,es,spoof
wavlm,antes,-3.8187,-33.4370,es,spoof
wavlm,antes,-5.4887,-23.6945,es,spoof
wavlm,antes,-3.0053,-34.7833,es,spoof
wavlm,antes,-20.5913,-35.7720,es,spoof
wavlm,antes,-6.3227,-33.5108,es,spoof
wavlm,antes,-15.5421,-37.7269,es,spoof
wavlm,antes,-2.9268,-34.8431,es,spoof
wavlm,antes,-7.4582,-38.5185,es,spoof
wavlm,antes,-6.2431,-33.3196,es,spoof
wavlm,antes,-19.7989,-29.6467,es,spoof
wavlm,antes,-11.5256,-28.3581,es,spoof
wavlm,antes,-5.7874,-22.8760,es,spoof
wavlm,antes,47.9358,-13.4601,fr,bonafide
wavlm,antes,47.6359,-16.5472,fr,bonafide
wavlm,antes,47.9835,-10.6612,fr,bonafide
wavlm,antes,47.0835,-0.1473,fr,bonafide
wavlm,antes,-13.7220,0.1964,fr,bonafide
wavlm,antes,42.6991,-17.6770,fr,bonafide
wavlm,antes,51.1591,-7.0766,fr,bonafide
wavlm,antes,46.9393,-9.7242,fr,bonafide
wavlm,antes,49.0475,-8.0946,fr,bonafide
wavlm,antes,48.3977,-9.1302,fr,bonafide
wavlm,antes,47.6442,-14.8603,fr,bonafide
wavlm,antes,47.2470,1.6986,fr,bonafide
wavlm,antes,46.2349,-17.9435,fr,bonafide
wavlm,antes,37.9176,-4.9934,fr,bonafide
wavlm,antes,42.2781,-6.5839,fr,bonafide
wavlm,antes,50.4515,-9.4343,fr,bonafide
wavlm,antes,43.8622,0.7083,fr,bonafide
wavlm,antes,47.8607,-15.1039,fr,bonafide
wavlm,antes,49.3539,-10.9422,fr,bonafide
wavlm,antes,55.3316,-8.0674,fr,bonafide
wavlm,antes,48.4169,1.8022,fr,bonafide
wavlm,antes,44.6851,-14.8998,fr,bonafide
wavlm,antes,38.0172,-11.4159,fr,bonafide
wavlm,antes,38.8241,-5.8137,fr,bonafide
wavlm,antes,45.9167,-15.2889,fr,bonafide
wavlm,antes,43.3713,-6.5149,fr,bonafide
wavlm,antes,53.5200,-14.5371,fr,bonafide
wavlm,antes,43.3672,1.4860,fr,bonafide
wavlm,antes,48.8471,1.2615,fr,bonafide
wavlm,antes,37.0008,-7.1442,fr,bonafide
wavlm,antes,46.0188,-6.1337,fr,bonafide
wavlm,antes,49.5367,-7.7392,fr,bonafide
wavlm,antes,44.3710,-15.7977,fr,bonafide
wavlm,antes,46.6097,-17.6979,fr,bonafide
wavlm,antes,50.3575,-13.8150,fr,bonafide
wavlm,antes,47.8128,-8.3362,fr,bonafide
wavlm,antes,50.5787,-10.2714,fr,bonafide
wavlm,antes,42.2515,-11.0789,fr,bonafide
wavlm,antes,47.7119,-17.5188,fr,bonafide
wavlm,antes,46.3213,-13.9220,fr,bonafide
wavlm,antes,48.3268,-10.5753,fr,bonafide
wavlm,antes,48.6149,-17.6585,fr,bonafide
wavlm,antes,40.0459,0.9430,fr,bonafide
wavlm,antes,48.3486,-9.7325,fr,bonafide
wavlm,antes,47.5177,-14.5376,fr,bonafide
wavlm,antes,50.5005,-10.4970,fr,bonafide
wavlm,antes,38.7617,-5.9420,fr,bonafide
wavlm,antes,47.7641,-7.8306,fr,bonafide
wavlm,antes,46.3451,-15.9341,fr,bonafide
wavlm,antes,44.3775,-5.3571,fr,bonafide
wavlm,antes,50.2080,-14.0823,fr,bonafide
wavlm,antes,19.5390,-23.4598,fr,bonafide
wavlm,antes,43.6658,-14.4344,fr,bonafide
wavlm,antes,52.7710,-11.3759,fr,bonafide
wavlm,antes,52.5525,-6.8589,fr,bonafide
wavlm,antes,53.1455,-12.7699,fr,bonafide
wavlm,antes,47.3109,-13.5022,fr,bonafide
wavlm,antes,43.6691,-6.5348,fr,bonafide
wavlm,antes,39.9191,0.8944,fr,bonafide
wavlm,antes,45.3281,-14.0186,fr,bonafide
wavlm,antes,52.1807,-6.8150,fr,bonafide
wavlm,antes,41.7908,-6.7563,fr,bonafide
wavlm,antes,39.8924,-7.2385,fr,bonafide
wavlm,antes,50.8774,-14.1545,fr,bonafide
wavlm,antes,50.9459,-8.1855,fr,bonafide
wavlm,antes,39.2496,-5.3797,fr,bonafide
wavlm,antes,46.2517,-15.2900,fr,bonafide
wavlm,antes,48.2332,-14.2178,fr,bonafide
wavlm,antes,46.5966,-9.8944,fr,bonafide
wavlm,antes,49.1028,-17.0845,fr,bonafide
wavlm,antes,44.0209,-16.9316,fr,bonafide
wavlm,antes,41.6126,-17.9296,fr,bonafide
wavlm,antes,46.5405,-11.9035,fr,bonafide
wavlm,antes,47.8236,-8.6459,fr,bonafide
wavlm,antes,47.0433,-13.5211,fr,bonafide
wavlm,antes,52.6692,-13.5812,fr,bonafide
wavlm,antes,38.2415,-5.6479,fr,bonafide
wavlm,antes,42.8401,-7.8735,fr,bonafide
wavlm,antes,44.9570,-15.0755,fr,bonafide
wavlm,antes,46.5833,-14.7123,fr,bonafide
wavlm,antes,48.6985,-15.6853,fr,bonafide
wavlm,antes,47.6584,-7.8878,fr,bonafide
wavlm,antes,48.8723,1.8104,fr,bonafide
wavlm,antes,47.4491,-10.7746,fr,bonafide
wavlm,antes,50.5054,-6.8589,fr,bonafide
wavlm,antes,39.0069,-6.0376,fr,bonafide
wavlm,antes,52.2380,-13.2455,fr,bonafide
wavlm,antes,48.2531,1.0299,fr,bonafide
wavlm,antes,43.5425,-5.6736,fr,bonafide
wavlm,antes,49.9688,-13.8588,fr,bonafide
wavlm,antes,44.7494,-11.8798,fr,bonafide
wavlm,antes,45.8991,-15.4154,fr,bonafide
wavlm,antes,16.4832,-1.8033,fr,bonafide
wavlm,antes,44.6211,0.0386,fr,bonafide
wavlm,antes,44.4899,-7.1712,fr,bonafide
wavlm,antes,49.9841,-9.0169,fr,bonafide
wavlm,antes,43.7509,-5.6779,fr,bonafide
wavlm,antes,51.4415,-11.9525,fr,bonafide
wavlm,antes,43.3034,-6.6597,fr,bonafide
wavlm,antes,53.7386,-14.8550,fr,bonafide
wavlm,antes,45.0159,-4.6129,fr,bonafide
wavlm,antes,51.5764,-6.8818,fr,bonafide
wavlm,antes,42.7637,-5.9190,fr,bonafide
wavlm,antes,44.4386,-16.8790,fr,bonafide
wavlm,antes,46.4865,1.8277,fr,bonafide
wavlm,antes,44.6141,-5.2494,fr,bonafide
wavlm,antes,46.3070,-14.5042,fr,bonafide
wavlm,antes,52.0860,-14.9769,fr,bonafide
wavlm,antes,36.7066,-4.8450,fr,bonafide
wavlm,antes,41.6399,-4.3077,fr,bonafide
wavlm,antes,48.5734,-9.8596,fr,bonafide
wavlm,antes,48.4710,-7.0992,fr,bonafide
wavlm,antes,48.1769,1.2740,fr,bonafide
wavlm,antes,48.2335,-14.9855,fr,bonafide
wavlm,antes,51.2149,-8.8867,fr,bonafide
wavlm,antes,43.2706,-6.3499,fr,bonafide
wavlm,antes,43.8438,-4.9034,fr,bonafide
wavlm,antes,51.3294,-7.2331,fr,bonafide
wavlm,antes,46.6257,-14.1749,fr,bonafide
wavlm,antes,50.4191,-7.6707,fr,bonafide
wavlm,antes,45.0821,-3.5430,fr,bonafide
wavlm,antes,51.9996,-7.3304,fr,bonafide
wavlm,antes,44.9502,-12.6469,fr,bonafide
wavlm,antes,49.4221,-19.3947,fr,bonafide
wavlm,antes,47.9838,1.6334,fr,bonafide
wavlm,antes,-13.9302,0.5486,fr,bonafide
wavlm,antes,47.7181,-11.1799,fr,bonafide
wavlm,antes,50.2382,-15.3843,fr,bonafide
wavlm,antes,39.6019,2.8018,fr,bonafide
wavlm,antes,42.4184,-6.6397,fr,bonafide
wavlm,antes,49.3137,-14.5345,fr,bonafide
wavlm,antes,53.9539,-5.0560,fr,bonafide
wavlm,antes,46.9480,-0.4570,fr,bonafide
wavlm,antes,52.0615,-13.9168,fr,bonafide
wavlm,antes,44.3714,-4.6187,fr,bonafide
wavlm,antes,49.4943,-15.7410,fr,bonafide
wavlm,antes,39.7786,-6.9904,fr,bonafide
wavlm,antes,47.0293,-5.9373,fr,bonafide
wavlm,antes,49.4208,-19.3682,fr,bonafide
wavlm,antes,51.5720,-7.1457,fr,bonafide
wavlm,antes,52.7904,-7.2142,fr,bonafide
wavlm,antes,43.5466,-5.5951,fr,bonafide
wavlm,antes,-15.0828,0.4051,fr,bonafide
wavlm,antes,52.6062,-10.0733,fr,bonafide
wavlm,antes,49.4228,-16.6342,fr,bonafide
wavlm,antes,50.2237,-7.6816,fr,bonafide
wavlm,antes,40.2712,1.4901,fr,bonafide
wavlm,antes,11.2900,-3.5867,fr,bonafide
wavlm,antes,38.8412,-6.0348,fr,bonafide
wavlm,antes,48.2640,-8.2796,fr,bonafide
wavlm,antes,48.1575,-5.7833,fr,spoof
wavlm,antes,51.8377,-5.7406,fr,spoof
wavlm,antes,36.0208,-4.3666,fr,spoof
wavlm,antes,50.3709,-6.6896,fr,spoof
wavlm,antes,37.5587,-6.8009,fr,spoof
wavlm,antes,51.9264,-2.5343,fr,spoof
wavlm,antes,47.5430,-16.3669,fr,spoof
wavlm,antes,45.1853,-10.3006,fr,spoof
wavlm,antes,38.9401,-6.0588,fr,spoof
wavlm,antes,48.4296,-3.7782,fr,spoof
wavlm,antes,47.3735,-4.3412,fr,spoof
wavlm,antes,38.6677,-7.3416,fr,spoof
wavlm,antes,48.9756,1.9843,fr,spoof
wavlm,antes,41.1603,-5.2810,fr,spoof
wavlm,antes,48.0988,-1.5492,fr,spoof
wavlm,antes,48.4995,-8.0670,fr,spoof
wavlm,antes,51.9050,-1.7169,fr,spoof
wavlm,antes,49.8311,-17.0826,fr,spoof
wavlm,antes,36.5933,-10.2389,fr,spoof
wavlm,antes,49.6079,-6.2766,fr,spoof
wavlm,antes,46.8485,-16.2929,fr,spoof
wavlm,antes,42.2996,-8.5548,fr,spoof
wavlm,antes,44.5487,0.2177,fr,spoof
wavlm,antes,49.6982,-5.9620,fr,spoof
wavlm,antes,47.9884,0.5109,fr,spoof
wavlm,antes,50.6402,-5.5744,fr,spoof
wavlm,antes,49.0482,-1.6554,fr,spoof
wavlm,antes,50.7611,-12.0276,fr,spoof
wavlm,antes,38.7057,-10.0742,fr,spoof
wavlm,antes,42.8110,-9.3658,fr,spoof
wavlm,antes,52.0069,-0.8688,fr,spoof
wavlm,antes,42.9488,-4.0006,fr,spoof
wavlm,antes,51.4285,-15.4519,fr,spoof
wavlm,antes,49.9198,-1.4316,fr,spoof
wavlm,antes,41.2016,-11.2730,fr,spoof
wavlm,antes,39.4842,-2.9415,fr,spoof
wavlm,antes,35.7330,-11.0111,fr,spoof
wavlm,antes,40.8151,-12.6453,fr,spoof
wavlm,antes,51.4249,-5.2595,fr,spoof
wavlm,antes,49.2261,-0.9362,fr,spoof
wavlm,antes,42.8997,-7.9178,fr,spoof
wavlm,antes,51.1792,-2.9071,fr,spoof
wavlm,antes,46.8712,-9.5230,fr,spoof
wavlm,antes,44.7347,-17.7889,fr,spoof
wavlm,antes,44.4973,-11.8172,fr,spoof
wavlm,antes,40.8631,-4.0541,fr,spoof
wavlm,antes,49.2745,-13.4837,fr,spoof
wavlm,antes,39.9869,-11.4375,fr,spoof
wavlm,antes,41.1882,-4.2790,fr,spoof
wavlm,antes,50.3440,0.3086,fr,spoof
wavlm,antes,49.8717,-1.2311,fr,spoof
wavlm,antes,49.7435,-3.4518,fr,spoof
wavlm,antes,47.2975,-15.9068,fr,spoof
wavlm,antes,42.8813,-9.1767,fr,spoof
wavlm,antes,51.6204,-12.1544,fr,spoof
wavlm,antes,40.7856,-17.6407,fr,spoof
wavlm,antes,44.4517,-6.4223,fr,spoof
wavlm,antes,41.2230,-2.1972,fr,spoof
wavlm,antes,44.3238,4.9473,fr,spoof
wavlm,antes,50.1529,-3.2070,fr,spoof
wavlm,antes,48.5980,3.1776,fr,spoof
wavlm,antes,45.8371,-10.6598,fr,spoof
wavlm,antes,51.2243,-4.7868,fr,spoof
wavlm,antes,43.2570,-13.3936,fr,spoof
wavlm,antes,39.2734,-8.1341,fr,spoof
wavlm,antes,42.8691,-13.0184,fr,spoof
wavlm,antes,50.1287,-4.6609,fr,spoof
wavlm,antes,48.7662,-6.6008,fr,spoof
wavlm,antes,45.4451,-5.5891,fr,spoof
wavlm,antes,51.0130,-6.5321,fr,spoof
wavlm,antes,51.6382,-1.6954,fr,spoof
wavlm,antes,41.6930,-11.7677,fr,spoof
wavlm,antes,35.8698,-4.2527,fr,spoof
wavlm,antes,34.4873,-4.6248,fr,spoof
wavlm,antes,39.7852,-14.2817,fr,spoof
wavlm,antes,51.1397,-6.2621,fr,spoof
wavlm,antes,53.8434,-13.2186,fr,spoof
wavlm,antes,44.8090,-6.1474,fr,spoof
wavlm,antes,51.0205,-0.3715,fr,spoof
wavlm,antes,51.5145,-1.7330,fr,spoof
wavlm,antes,44.7059,-1.9257,fr,spoof
wavlm,antes,40.5805,-2.8303,fr,spoof
wavlm,antes,43.4819,1.5967,fr,spoof
wavlm,antes,36.7082,-10.2023,fr,spoof
wavlm,antes,46.8491,-7.9674,fr,spoof
wavlm,antes,49.2242,-1.1699,fr,spoof
wavlm,antes,53.0836,-8.6114,fr,spoof
wavlm,antes,52.3354,-5.5099,fr,spoof
wavlm,antes,45.5721,-16.7390,fr,spoof
wavlm,antes,52.2771,-0.2939,fr,spoof
wavlm,antes,50.7054,-16.0673,fr,spoof
wavlm,antes,40.0873,-2.8033,fr,spoof
wavlm,antes,46.4998,-8.2796,fr,spoof
wavlm,antes,40.6435,-14.8776,fr,spoof
wavlm,antes,53.4399,-6.2580,fr,spoof
wavlm,antes,42.3008,-13.7785,fr,spoof
wavlm,antes,43.5303,0.8848,fr,spoof
wavlm,antes,-12.6352,-18.3275,fr,spoof
wavlm,antes,42.3433,-4.9451,fr,spoof
wavlm,antes,36.2739,-10.4415,fr,spoof
wavlm,antes,42.6710,-15.6005,fr,spoof
wavlm,antes,51.7170,-2.6008,fr,spoof
wavlm,antes,42.1185,-4.1076,fr,spoof
wavlm,antes,47.4173,-2.1870,fr,spoof
wavlm,antes,43.1312,-5.2142,fr,spoof
wavlm,antes,41.9123,-3.3552,fr,spoof
wavlm,antes,49.6665,-7.7886,fr,spoof
wavlm,antes,39.4750,3.0351,fr,spoof
wavlm,antes,48.5896,-14.5865,fr,spoof
wavlm,antes,51.0317,-0.7107,fr,spoof
wavlm,antes,48.0570,-6.8115,fr,spoof
wavlm,antes,49.8983,1.5300,fr,spoof
wavlm,antes,50.0607,-1.3340,fr,spoof
wavlm,antes,43.1951,0.7409,fr,spoof
wavlm,antes,47.2001,-14.6579,fr,spoof
wavlm,antes,3.5821,-14.5143,fr,spoof
wavlm,antes,49.2520,-3.4977,fr,spoof
wavlm,antes,41.1913,-3.1697,fr,spoof
wavlm,antes,44.4452,-18.0487,fr,spoof
wavlm,antes,48.8568,-5.2112,fr,spoof
wavlm,antes,48.5059,0.8550,fr,spoof
wavlm,antes,44.2844,-9.9625,fr,spoof
wavlm,antes,54.0675,-4.3176,fr,spoof
wavlm,antes,48.1735,-15.7492,fr,spoof
wavlm,antes,39.5890,-14.2838,fr,spoof
wavlm,antes,48.2489,-3.8314,fr,spoof
wavlm,antes,42.4527,-15.9526,fr,spoof
wavlm,antes,42.0916,-2.8102,fr,spoof
wavlm,antes,9.8441,-13.4988,fr,spoof
wavlm,antes,39.8610,-11.4886,fr,spoof
wavlm,antes,53.2546,-3.8183,fr,spoof
wavlm,antes,52.9769,-8.7785,fr,spoof
wavlm,antes,2.6246,23.4252,fr,spoof
wavlm,antes,40.7592,-10.2391,fr,spoof
wavlm,antes,51.3778,0.8996,fr,spoof
wavlm,antes,44.7460,4.4874,fr,spoof
wavlm,antes,3.3326,-15.2750,fr,spoof
wavlm,antes,45.0896,-3.7688,fr,spoof
wavlm,antes,50.0935,2.5051,fr,spoof
wavlm,antes,49.9521,-12.2610,fr,spoof
wavlm,antes,50.1032,0.2461,fr,spoof
wavlm,antes,44.2807,-4.2378,fr,spoof
wavlm,antes,51.9312,-3.4117,fr,spoof
wavlm,antes,42.9384,-12.5402,fr,spoof
wavlm,antes,38.9319,-10.9190,fr,spoof
wavlm,antes,44.9977,-5.6017,fr,spoof
wavlm,antes,52.3318,-12.8557,fr,spoof
wavlm,antes,40.3570,-11.4113,fr,spoof
wavlm,antes,52.8583,-13.3299,fr,spoof
wavlm,antes,49.1592,-0.4688,fr,spoof
wavlm,antes,12.7455,-24.1350,it,bonafide
wavlm,antes,1.9124,-31.1255,it,bonafide
wavlm,antes,2.3486,-28.0079,it,bonafide
wavlm,antes,3.4485,-25.1245,it,bonafide
wavlm,antes,4.8039,-24.2159,it,bonafide
wavlm,antes,10.2689,-31.5841,it,bonafide
wavlm,antes,12.4149,-25.3592,it,bonafide
wavlm,antes,2.1649,-24.0382,it,bonafide
wavlm,antes,11.8669,-29.3219,it,bonafide
wavlm,antes,3.8713,-17.4729,it,bonafide
wavlm,antes,9.0849,-24.5670,it,bonafide
wavlm,antes,4.5322,-29.1006,it,bonafide
wavlm,antes,11.5487,-31.3739,it,bonafide
wavlm,antes,3.4851,-26.9058,it,bonafide
wavlm,antes,12.2041,-30.0613,it,bonafide
wavlm,antes,6.1365,-29.5781,it,bonafide
wavlm,antes,3.0065,-23.8724,it,bonafide
wavlm,antes,5.9964,-24.7481,it,bonafide
wavlm,antes,6.2928,-27.1649,it,bonafide
wavlm,antes,8.0248,-27.9688,it,bonafide
wavlm,antes,7.5306,-17.6641,it,bonafide
wavlm,antes,9.3260,-25.8657,it,bonafide
wavlm,antes,0.8789,-24.8086,it,bonafide
wavlm,antes,10.3629,-27.7725,it,bonafide
wavlm,antes,2.9577,-21.0458,it,bonafide
wavlm,antes,11.7920,-32.7468,it,bonafide
wavlm,antes,-0.3692,-27.8781,it,bonafide
wavlm,antes,7.7497,-31.6288,it,bonafide
wavlm,antes,2.2768,-30.8337,it,bonafide
wavlm,antes,2.2409,-22.8945,it,bonafide
wavlm,antes,6.8143,-24.0985,it,bonafide
wavlm,antes,5.2567,-31.6667,it,bonafide
wavlm,antes,3.0772,-26.5055,it,bonafide
wavlm,antes,7.6323,-21.4620,it,bonafide
wavlm,antes,8.3867,-25.0717,it,bonafide
wavlm,antes,11.7873,-29.7705,it,bonafide
wavlm,antes,9.0492,-31.0727,it,bonafide
wavlm,antes,8.0637,-28.1602,it,bonafide
wavlm,antes,12.6800,-21.5734,it,bonafide
wavlm,antes,3.0410,-28.6672,it,bonafide
wavlm,antes,5.9928,-30.2643,it,bonafide
wavlm,antes,-4.0273,-10.0206,it,bonafide
wavlm,antes,10.6331,-22.6034,it,bonafide
wavlm,antes,4.2382,-28.1971,it,bonafide
wavlm,antes,3.8964,-31.1320,it,bonafide
wavlm,antes,3.1384,-31.0943,it,bonafide
wavlm,antes,12.3671,-25.5213,it,bonafide
wavlm,antes,13.5641,-29.2415,it,bonafide
wavlm,antes,-0.5140,-23.9539,it,bonafide
wavlm,antes,5.6895,-27.9279,it,bonafide
wavlm,antes,5.4683,-29.1240,it,bonafide
wavlm,antes,9.6053,-25.9582,it,bonafide
wavlm,antes,13.2229,-29.3515,it,bonafide
wavlm,antes,8.3635,-19.6687,it,bonafide
wavlm,antes,9.7236,-18.0578,it,bonafide
wavlm,antes,12.5332,-30.5254,it,bonafide
wavlm,antes,1.0947,-22.3007,it,bonafide
wavlm,antes,3.0332,-21.2359,it,bonafide
wavlm,antes,7.1210,-30.6969,it,bonafide
wavlm,antes,4.7589,-24.2844,it,bonafide
wavlm,antes,5.1815,-26.6404,it,bonafide
wavlm,antes,7.9278,-26.7628,it,bonafide
wavlm,antes,9.9516,-30.6428,it,bonafide
wavlm,antes,4.1796,-28.4067,it,bonafide
wavlm,antes,7.3991,-27.6978,it,bonafide
wavlm,antes,10.2475,-25.9475,it,bonafide
wavlm,antes,10.8224,-26.0596,it,bonafide
wavlm,antes,7.8125,-20.2214,it,bonafide
wavlm,antes,10.4333,-30.3764,it,bonafide
wavlm,antes,5.8764,-26.3031,it,bonafide
wavlm,antes,8.0174,-24.4319,it,bonafide
wavlm,antes,4.4875,-18.5811,it,bonafide
wavlm,antes,-11.3553,0.3105,it,bonafide
wavlm,antes,19.1386,-23.6104,it,bonafide
wavlm,antes,9.6137,-29.9015,it,bonafide
wavlm,antes,9.4276,-21.5812,it,bonafide
wavlm,antes,12.9529,-28.9472,it,bonafide
wavlm,antes,-11.3905,0.3037,it,bonafide
wavlm,antes,13.6731,-32.7145,it,bonafide
wavlm,antes,5.2354,-29.2869,it,bonafide
wavlm,antes,2.9982,-26.8642,it,bonafide
wavlm,antes,1.6843,-28.2638,it,bonafide
wavlm,antes,9.8097,-28.2317,it,bonafide
wavlm,antes,7.2454,-27.9835,it,bonafide
wavlm,antes,7.3905,-17.4053,it,bonafide
wavlm,antes,9.0036,-24.2850,it,bonafide
wavlm,antes,3.7304,-17.9573,it,bonafide
wavlm,antes,3.6076,-23.5346,it,bonafide
wavlm,antes,6.6805,-24.1858,it,bonafide
wavlm,antes,7.6234,-29.8720,it,bonafide
wavlm,antes,4.4811,-27.5872,it,bonafide
wavlm,antes,8.5481,-29.0421,it,bonafide
wavlm,antes,10.7829,-27.1737,it,bonafide
wavlm,antes,2.9916,-25.8311,it,bonafide
wavlm,antes,6.9255,-27.8483,it,bonafide
wavlm,antes,11.4916,-31.1361,it,bonafide
wavlm,antes,13.6982,-32.9553,it,bonafide
wavlm,antes,8.5204,-23.7422,it,bonafide
wavlm,antes,13.3199,-29.0797,it,bonafide
wavlm,antes,4.6231,-25.9627,it,bonafide
wavlm,antes,3.6212,-27.0982,it,bonafide
wavlm,antes,14.9249,-23.2380,it,bonafide
wavlm,antes,4.7441,-11.4486,it,bonafide
wavlm,antes,3.9983,-29.4871,it,bonafide
wavlm,antes,9.6474,-18.1074,it,bonafide
wavlm,antes,9.5200,-21.7566,it,bonafide
wavlm,antes,6.8887,-17.5501,it,bonafide
wavlm,antes,11.7307,-31.2869,it,bonafide
wavlm,antes,8.5224,-21.1433,it,bonafide
wavlm,antes,1.8742,-28.3274,it,bonafide
wavlm,antes,6.3210,-31.0519,it,bonafide
wavlm,antes,13.7309,-31.9637,it,bonafide
wavlm,antes,2.8384,-29.8536,it,bonafide
wavlm,antes,5.9688,-26.9797,it,bonafide
wavlm,antes,11.2894,-28.2569,it,bonafide
wavlm,antes,6.3017,-30.3746,it,bonafide
wavlm,antes,10.4325,-26.3247,it,bonafide
wavlm,antes,10.4420,-27.6471,it,bonafide
wavlm,antes,10.6028,-22.6418,it,bonafide
wavlm,antes,6.1237,-26.5175,it,bonafide
wavlm,antes,7.6177,-18.0331,it,bonafide
wavlm,antes,1.3130,-28.4745,it,bonafide
wavlm,antes,2.5628,-24.1704,it,bonafide
wavlm,antes,3.5137,-32.7300,it,bonafide
wavlm,antes,8.1471,-26.6367,it,bonafide
wavlm,antes,8.0899,-23.9308,it,bonafide
wavlm,antes,2.2473,-30.9053,it,bonafide
wavlm,antes,3.6359,-17.0441,it,bonafide
wavlm,antes,6.9925,-20.6401,it,bonafide
wavlm,antes,-3.1604,-10.4013,it,bonafide
wavlm,antes,10.6933,-25.0068,it,bonafide
wavlm,antes,1.8376,-27.7003,it,bonafide
wavlm,antes,1.1731,-20.8337,it,bonafide
wavlm,antes,12.5240,-30.9089,it,bonafide
wavlm,antes,13.6279,-28.1870,it,bonafide
wavlm,antes,13.9935,-28.1206,it,bonafide
wavlm,antes,9.9219,-30.0284,it,bonafide
wavlm,antes,9.5242,-27.2221,it,bonafide
wavlm,antes,8.7679,-26.0396,it,bonafide
wavlm,antes,5.4522,-28.0115,it,bonafide
wavlm,antes,3.3297,-26.7663,it,bonafide
wavlm,antes,9.0308,-28.2357,it,bonafide
wavlm,antes,8.0065,-24.0053,it,bonafide
wavlm,antes,5.6291,-22.7798,it,bonafide
wavlm,antes,14.6852,-23.3098,it,bonafide
wavlm,antes,14.3839,-25.1449,it,bonafide
wavlm,antes,-0.5573,-23.9677,it,bonafide
wavlm,antes,6.5020,-28.5145,it,bonafide
wavlm,antes,7.8465,-21.2396,it,bonafide
wavlm,antes,11.6924,-27.4589,it,bonafide
wavlm,antes,-2.5277,-15.3917,it,spoof
wavlm,antes,0.7524,-22.9214,it,spoof
wavlm,antes,15.2925,-18.8719,it,spoof
wavlm,antes,15.8886,-29.4269,it,spoof
wavlm,antes,1.5676,-27.4337,it,spoof
wavlm,antes,11.9548,-23.0610,it,spoof
wavlm,antes,10.0285,-16.0827,it,spoof
wavlm,antes,5.3459,-30.5264,it,spoof
wavlm,antes,12.7201,-21.0242,it,spoof
wavlm,antes,-4.5800,-19.1765,it,spoof
wavlm,antes,-29.4699,31.4596,it,spoof
wavlm,antes,10.4074,-19.8467,it,spoof
wavlm,antes,-0.1858,-15.7748,it,spoof
wavlm,antes,13.1352,-21.5873,it,spoof
wavlm,antes,9.3595,-31.1676,it,spoof
wavlm,antes,6.1565,-30.0073,it,spoof
wavlm,antes,0.0121,-14.3249,it,spoof
wavlm,antes,7.9665,-33.1973,it,spoof
wavlm,antes,10.6199,-28.8693,it,spoof
wavlm,antes,-3.0733,-20.4325,it,spoof
wavlm,antes,-1.9048,-14.8476,it,spoof
wavlm,antes,15.6704,-17.4196,it,spoof
wavlm,antes,0.8855,-15.4426,it,spoof
wavlm,antes,2.4924,-25.9777,it,spoof
wavlm,antes,14.3326,-16.2374,it,spoof
wavlm,antes,6.2217,-35.5965,it,spoof
wavlm,antes,5.6869,-18.4407,it,spoof
wavlm,antes,1.2589,-19.3852,it,spoof
wavlm,antes,12.7905,-26.4959,it,spoof
wavlm,antes,13.7909,-24.9118,it,spoof
wavlm,antes,-5.0746,-19.6589,it,spoof
wavlm,antes,0.6243,-14.8737,it,spoof
wavlm,antes,15.9501,-24.9630,it,spoof
wavlm,antes,9.8752,-15.3432,it,spoof
wavlm,antes,7.2734,-14.2846,it,spoof
wavlm,antes,12.3800,-24.9677,it,spoof
wavlm,antes,2.2558,-24.8576,it,spoof
wavlm,antes,-3.2589,-20.8637,it,spoof
wavlm,antes,0.9282,-26.0904,it,spoof
wavlm,antes,-29.3693,-9.7117,it,spoof
wavlm,antes,-0.9168,-19.7270,it,spoof
wavlm,antes,8.8273,-29.5622,it,spoof
wavlm,antes,7.3909,-29.9531,it,spoof
wavlm,antes,0.7746,-15.4055,it,spoof
wavlm,antes,-2.6497,-15.2346,it,spoof
wavlm,antes,6.2800,-35.4854,it,spoof
wavlm,antes,14.3910,-16.7503,it,spoof
wavlm,antes,12.4537,-21.4750,it,spoof
wavlm,antes,-2.7148,-18.8430,it,spoof
wavlm,antes,3.7891,-35.3607,it,spoof
wavlm,antes,13.0497,-22.7340,it,spoof
wavlm,antes,12.2326,-27.6369,it,spoof
wavlm,antes,11.7903,-19.9078,it,spoof
wavlm,antes,14.1255,-16.0203,it,spoof
wavlm,antes,11.9958,-26.6153,it,spoof
wavlm,antes,14.4575,-14.3664,it,spoof
wavlm,antes,5.8231,-15.0201,it,spoof
wavlm,antes,7.2025,-25.8333,it,spoof
wavlm,antes,7.5121,-25.7774,it,spoof
wavlm,antes,3.0876,-16.4153,it,spoof
wavlm,antes,16.2304,-26.3512,it,spoof
wavlm,antes,-21.0839,2.1239,it,spoof
wavlm,antes,5.5637,-32.8757,it,spoof
wavlm,antes,6.8750,-24.5538,it,spoof
wavlm,antes,9.0220,-31.7133,it,spoof
wavlm,antes,3.8942,-25.3101,it,spoof
wavlm,antes,5.1856,-20.3227,it,spoof
wavlm,antes,5.6602,-23.6743,it,spoof
wavlm,antes,12.2399,-28.3114,it,spoof
wavlm,antes,-2.2995,-16.5478,it,spoof
wavlm,antes,11.2342,-26.6260,it,spoof
wavlm,antes,0.2048,-11.6371,it,spoof
wavlm,antes,-5.2435,-19.2625,it,spoof
wavlm,antes,12.8006,-21.8559,it,spoof
wavlm,antes,6.2487,-35.6027,it,spoof
wavlm,antes,-5.7122,-19.0486,it,spoof
wavlm,antes,3.2688,-26.0719,it,spoof
wavlm,antes,-3.7285,-21.2070,it,spoof
wavlm,antes,9.8556,-24.5717,it,spoof
wavlm,antes,1.2537,-19.7334,it,spoof
wavlm,antes,6.3873,-21.9410,it,spoof
wavlm,antes,15.7346,-18.9514,it,spoof
wavlm,antes,3.6313,-19.5361,it,spoof
wavlm,antes,-5.1101,-20.7007,it,spoof
wavlm,antes,10.0992,-16.2436,it,spoof
wavlm,antes,-9.2165,-10.5231,it,spoof
wavlm,antes,-3.5614,-25.9691,it,spoof
wavlm,antes,3.1710,-18.5778,it,spoof
wavlm,antes,4.8068,-25.9314,it,spoof
wavlm,antes,13.3622,-23.0349,it,spoof
wavlm,antes,15.7859,-22.9552,it,spoof
wavlm,antes,7.8151,-22.0207,it,spoof
wavlm,antes,14.0672,-20.6464,it,spoof
wavlm,antes,-1.5501,-16.0047,it,spoof
wavlm,antes,-1.6712,-15.8779,it,spoof
wavlm,antes,-1.8829,-15.5790,it,spoof
wavlm,antes,5.7408,-21.4673,it,spoof
wavlm,antes,-1.8744,-20.2774,it,spoof
wavlm,antes,12.0219,-23.9431,it,spoof
wavlm,antes,5.7240,-36.1341,it,spoof
wavlm,antes,-3.0793,-20.3325,it,spoof
wavlm,antes,8.4257,-12.7187,it,spoof
wavlm,antes,12.1322,-16.7150,it,spoof
wavlm,antes,14.4255,-23.7696,it,spoof
wavlm,antes,0.9577,-26.2742,it,spoof
wavlm,antes,14.4175,-18.3342,it,spoof
wavlm,antes,-5.1168,-20.6341,it,spoof
wavlm,antes,12.3358,-16.7340,it,spoof
wavlm,antes,11.8760,-16.6714,it,spoof
wavlm,antes,3.3227,-21.5626,it,spoof
wavlm,antes,-1.2659,-19.9955,it,spoof
wavlm,antes,13.5399,-30.6843,it,spoof
wavlm,antes,16.4046,-24.1360,it,spoof
wavlm,antes,3.5060,-19.5145,it,spoof
wavlm,antes,0.9908,-22.2487,it,spoof
wavlm,antes,2.4350,-17.0652,it,spoof
wavlm,antes,12.1860,-21.9191,it,spoof
wavlm,antes,14.5444,-22.1338,it,spoof
wavlm,antes,-4.7986,-19.4606,it,spoof
wavlm,antes,13.7593,-26.3235,it,spoof
wavlm,antes,-0.0725,-21.1809,it,spoof
wavlm,antes,0.5975,-24.6622,it,spoof
wavlm,antes,5.4151,-31.9468,it,spoof
wavlm,antes,15.9308,-27.8517,it,spoof
wavlm,antes,0.8240,-27.5212,it,spoof
wavlm,antes,-4.7107,-19.5189,it,spoof
wavlm,antes,-0.9735,-26.2560,it,spoof
wavlm,antes,16.2552,-18.2008,it,spoof
wavlm,antes,12.7840,-24.8201,it,spoof
wavlm,antes,5.8563,-35.9154,it,spoof
wavlm,antes,-1.8884,-15.6321,it,spoof
wavlm,antes,10.4698,-23.7721,it,spoof
wavlm,antes,14.5601,-26.6760,it,spoof
wavlm,antes,9.0965,-32.4663,it,spoof
wavlm,antes,-2.1804,-15.7087,it,spoof
wavlm,antes,14.3259,-16.5318,it,spoof
wavlm,antes,-2.3374,-15.5219,it,spoof
wavlm,antes,-3.5444,-21.2728,it,spoof
wavlm,antes,4.8573,-29.9809,it,spoof
wavlm,antes,0.6789,-26.2446,it,spoof
wavlm,antes,0.3842,-17.5145,it,spoof
wavlm,antes,6.1140,-18.7020,it,spoof
wavlm,antes,12.5639,-24.5315,it,spoof
wavlm,antes,6.3804,-35.4110,it,spoof
wavlm,antes,15.6275,-18.7499,it,spoof
wavlm,antes,4.3907,-22.3259,it,spoof
wavlm,antes,11.5770,-19.7476,it,spoof
wavlm,antes,1.4473,-15.7913,it,spoof
wavlm,antes,-0.0529,-25.3859,it,spoof
wavlm,antes,-24.7043,39.3187,it,spoof
wavlm,antes,7.5181,36.4045,pl,bonafide
wavlm,antes,9.6167,36.9230,pl,bonafide
wavlm,antes,12.7630,37.9967,pl,bonafide
wavlm,antes,20.5603,23.1536,pl,bonafide
wavlm,antes,7.7533,35.8656,pl,bonafide
wavlm,antes,22.3937,24.8105,pl,bonafide
wavlm,antes,22.1112,24.1024,pl,bonafide
wavlm,antes,7.3145,31.1007,pl,bonafide
wavlm,antes,9.2285,34.9562,pl,bonafide
wavlm,antes,11.0210,36.3703,pl,bonafide
wavlm,antes,7.4934,38.0983,pl,bonafide
wavlm,antes,9.4165,38.2096,pl,bonafide
wavlm,antes,10.2954,35.1020,pl,bonafide
wavlm,antes,20.8735,22.4454,pl,bonafide
wavlm,antes,-12.0442,0.9219,pl,bonafide
wavlm,antes,22.6647,21.9501,pl,bonafide
wavlm,antes,-8.5019,-4.0714,pl,bonafide
wavlm,antes,7.4967,39.0498,pl,bonafide
wavlm,antes,7.7247,35.1942,pl,bonafide
wavlm,antes,4.0749,36.0889,pl,bonafide
wavlm,antes,19.5600,27.8769,pl,bonafide
wavlm,antes,22.0094,28.2032,pl,bonafide
wavlm,antes,20.0350,27.0970,pl,bonafide
wavlm,antes,10.2706,36.4637,pl,bonafide
wavlm,antes,23.3431,24.0507,pl,bonafide
wavlm,antes,4.9345,38.6443,pl,bonafide
wavlm,antes,7.6053,29.3672,pl,bonafide
wavlm,antes,24.1677,11.4165,pl,bonafide
wavlm,antes,21.2005,23.4384,pl,bonafide
wavlm,antes,24.0424,23.3289,pl,bonafide
wavlm,antes,6.9613,36.5584,pl,bonafide
wavlm,antes,19.7691,22.7725,pl,bonafide
wavlm,antes,8.2564,36.3205,pl,bonafide
wavlm,antes,-3.3573,-3.3704,pl,bonafide
wavlm,antes,9.7423,34.7284,pl,bonafide
wavlm,antes,22.7661,26.2611,pl,bonafide
wavlm,antes,10.7768,33.1499,pl,bonafide
wavlm,antes,9.4400,39.1942,pl,bonafide
wavlm,antes,24.1840,23.1114,pl,bonafide
wavlm,antes,8.1152,30.3418,pl,bonafide
wavlm,antes,10.4348,40.0416,pl,bonafide
wavlm,antes,20.6008,26.0872,pl,bonafide
wavlm,antes,8.3958,29.2142,pl,bonafide
wavlm,antes,24.6651,22.5588,pl,bonafide
wavlm,antes,12.1701,37.7955,pl,bonafide
wavlm,antes,22.0570,23.7309,pl,bonafide
wavlm,antes,24.7422,24.9733,pl,bonafide
wavlm,antes,10.1307,38.0840,pl,bonafide
wavlm,antes,7.8492,32.1431,pl,bonafide
wavlm,antes,22.6306,24.0448,pl,bonafide
wavlm,antes,21.1994,22.3138,pl,bonafide
wavlm,antes,23.3253,24.0976,pl,bonafide
wavlm,antes,22.1321,22.1976,pl,bonafide
wavlm,antes,8.9945,36.0443,pl,bonafide
wavlm,antes,22.5728,26.0472,pl,bonafide
wavlm,antes,23.2942,22.8738,pl,bonafide
wavlm,antes,9.3490,37.5980,pl,bonafide
wavlm,antes,6.7380,39.0708,pl,bonafide
wavlm,antes,7.5312,37.1134,pl,bonafide
wavlm,antes,10.1141,36.2861,pl,bonafide
wavlm,antes,10.3534,35.6847,pl,bonafide
wavlm,antes,4.5778,34.9039,pl,bonafide
wavlm,antes,10.4125,38.5033,pl,bonafide
wavlm,antes,7.7570,31.7405,pl,bonafide
wavlm,antes,24.9451,23.9735,pl,bonafide
wavlm,antes,21.2014,26.2040,pl,bonafide
wavlm,antes,20.0506,24.0639,pl,bonafide
wavlm,antes,19.9471,20.6358,pl,bonafide
wavlm,antes,22.4642,21.8233,pl,bonafide
wavlm,antes,21.7816,26.0071,pl,bonafide
wavlm,antes,5.5995,35.5155,pl,bonafide
wavlm,antes,7.7508,32.9746,pl,bonafide
wavlm,antes,8.3108,38.2983,pl,bonafide
wavlm,antes,8.5919,32.6687,pl,bonafide
wavlm,antes,6.9489,37.6209,pl,bonafide
wavlm,antes,-11.0037,2.3034,pl,bonafide
wavlm,antes,20.7898,21.5942,pl,bonafide
wavlm,antes,9.8939,37.7805,pl,bonafide
wavlm,antes,7.4549,39.4567,pl,bonafide
wavlm,antes,21.5278,25.7788,pl,bonafide
wavlm,antes,8.3529,34.5969,pl,bonafide
wavlm,antes,4.8237,35.7539,pl,bonafide
wavlm,antes,9.2551,36.8176,pl,bonafide
wavlm,antes,22.7548,26.7174,pl,bonafide
wavlm,antes,23.9884,19.0443,pl,bonafide
wavlm,antes,22.5553,22.6509,pl,bonafide
wavlm,antes,7.4158,37.6748,pl,bonafide
wavlm,antes,11.0898,37.2850,pl,bonafide
wavlm,antes,9.8541,34.8578,pl,bonafide
wavlm,antes,6.8512,29.6917,pl,bonafide
wavlm,antes,21.6754,22.0774,pl,bonafide
wavlm,antes,22.9441,25.0021,pl,bonafide
wavlm,antes,8.7364,34.3206,pl,bonafide
wavlm,antes,3.0532,35.9043,pl,bonafide
wavlm,antes,21.8516,22.7336,pl,bonafide
wavlm,antes,7.4353,33.9923,pl,bonafide
wavlm,antes,8.2055,37.1116,pl,bonafide
wavlm,antes,5.3814,38.5709,pl,bonafide
wavlm,antes,20.4724,25.2864,pl,bonafide
wavlm,antes,8.7579,36.1372,pl,bonafide
wavlm,antes,9.6766,34.3586,pl,bonafide
wavlm,antes,20.1434,26.5273,pl,bonafide
wavlm,antes,9.0192,37.0597,pl,bonafide
wavlm,antes,9.7391,35.5850,pl,bonafide
wavlm,antes,8.3820,38.0262,pl,bonafide
wavlm,antes,20.0508,25.3248,pl,bonafide
wavlm,antes,6.9209,35.4448,pl,bonafide
wavlm,antes,8.4644,35.2720,pl,bonafide
wavlm,antes,12.5136,39.1493,pl,bonafide
wavlm,antes,22.1303,24.2813,pl,bonafide
wavlm,antes,20.7282,22.4568,pl,bonafide
wavlm,antes,23.5736,17.9771,pl,bonafide
wavlm,antes,-5.7873,24.5937,pl,bonafide
wavlm,antes,8.9020,36.5818,pl,bonafide
wavlm,antes,7.5590,34.8472,pl,bonafide
wavlm,antes,20.0919,21.6914,pl,bonafide
wavlm,antes,4.6518,35.7330,pl,bonafide
wavlm,antes,6.6244,30.9572,pl,bonafide
wavlm,antes,18.8961,24.3851,pl,bonafide
wavlm,antes,5.0326,35.9048,pl,bonafide
wavlm,antes,11.8815,35.1123,pl,bonafide
wavlm,antes,20.2267,23.4575,pl,bonafide
wavlm,antes,22.4374,23.6325,pl,bonafide
wavlm,antes,6.6308,34.4310,pl,bonafide
wavlm,antes,20.8806,22.4868,pl,bonafide
wavlm,antes,9.5920,40.2471,pl,bonafide
wavlm,antes,21.1799,25.3044,pl,bonafide
wavlm,antes,23.6929,24.9577,pl,bonafide
wavlm,antes,19.1969,23.1048,pl,bonafide
wavlm,antes,11.9457,37.3126,pl,bonafide
wavlm,antes,22.8010,22.4513,pl,bonafide
wavlm,antes,10.2104,37.3975,pl,bonafide
wavlm,antes,7.6266,36.0223,pl,bonafide
wavlm,antes,9.3288,35.6205,pl,bonafide
wavlm,antes,3.4453,35.9955,pl,bonafide
wavlm,antes,9.0231,39.8836,pl,bonafide
wavlm,antes,9.3663,36.3121,pl,bonafide
wavlm,antes,21.3382,22.7172,pl,bonafide
wavlm,antes,21.7593,23.6552,pl,bonafide
wavlm,antes,-15.6566,0.6470,pl,bonafide
wavlm,antes,10.1489,35.5961,pl,bonafide
wavlm,antes,9.5966,34.0236,pl,bonafide
wavlm,antes,21.3262,24.7145,pl,bonafide
wavlm,antes,19.3564,28.0730,pl,bonafide
wavlm,antes,4.7005,36.4058,pl,bonafide
wavlm,antes,10.8395,35.8694,pl,bonafide
wavlm,antes,6.5275,34.0463,pl,bonafide
wavlm,antes,5.5227,37.2432,pl,bonafide
wavlm,antes,4.2617,37.1366,pl,bonafide
wavlm,antes,20.2622,23.0323,pl,bonafide
wavlm,antes,13.0210,38.0210,pl,spoof
wavlm,antes,13.1703,23.9139,pl,spoof
wavlm,antes,12.5940,16.0291,pl,spoof
wavlm,antes,14.2166,30.3715,pl,spoof
wavlm,antes,27.3174,19.8338,pl,spoof
wavlm,antes,11.4135,35.8957,pl,spoof
wavlm,antes,24.6791,14.1452,pl,spoof
wavlm,antes,12.1090,21.3893,pl,spoof
wavlm,antes,21.8768,21.4763,pl,spoof
wavlm,antes,13.8605,18.6326,pl,spoof
wavlm,antes,-21.1703,1.5346,pl,spoof
wavlm,antes,19.2346,20.5169,pl,spoof
wavlm,antes,21.3932,20.6677,pl,spoof
wavlm,antes,5.5508,33.4437,pl,spoof
wavlm,antes,6.1217,19.4025,pl,spoof
wavlm,antes,16.6572,15.4742,pl,spoof
wavlm,antes,17.4697,21.2673,pl,spoof
wavlm,antes,9.9324,33.2002,pl,spoof
wavlm,antes,-21.2938,1.8165,pl,spoof
wavlm,antes,7.9920,21.7466,pl,spoof
wavlm,antes,16.0837,23.3272,pl,spoof
wavlm,antes,14.0418,23.9447,pl,spoof
wavlm,antes,-36.9340,3.9961,pl,spoof
wavlm,antes,13.9176,33.2335,pl,spoof
wavlm,antes,14.8347,25.5430,pl,spoof
wavlm,antes,20.8212,19.8697,pl,spoof
wavlm,antes,-7.8514,-3.8494,pl,spoof
wavlm,antes,25.6233,19.7898,pl,spoof
wavlm,antes,10.4731,34.5616,pl,spoof
wavlm,antes,10.9594,20.9338,pl,spoof
wavlm,antes,17.0322,22.7203,pl,spoof
wavlm,antes,24.9229,26.1489,pl,spoof
wavlm,antes,17.8287,25.9556,pl,spoof
wavlm,antes,23.9151,21.2154,pl,spoof
wavlm,antes,16.1542,17.5436,pl,spoof
wavlm,antes,22.3415,15.3664,pl,spoof
wavlm,antes,7.2071,31.4119,pl,spoof
wavlm,antes,22.8947,21.0719,pl,spoof
wavlm,antes,15.6278,26.0372,pl,spoof
wavlm,antes,9.5969,19.2445,pl,spoof
wavlm,antes,12.2919,35.7608,pl,spoof
wavlm,antes,15.6284,18.7504,pl,spoof
wavlm,antes,13.9882,20.9764,pl,spoof
wavlm,antes,22.1779,18.1360,pl,spoof
wavlm,antes,22.0702,28.7600,pl,spoof
wavlm,antes,17.4569,16.8979,pl,spoof
wavlm,antes,14.2919,24.3650,pl,spoof
wavlm,antes,10.9782,34.4078,pl,spoof
wavlm,antes,20.2501,19.1196,pl,spoof
wavlm,antes,11.8871,31.0536,pl,spoof
wavlm,antes,17.0988,23.8967,pl,spoof
wavlm,antes,26.4201,13.7557,pl,spoof
wavlm,antes,10.8391,38.8895,pl,spoof
wavlm,antes,16.5384,27.0633,pl,spoof
wavlm,antes,23.6835,22.2094,pl,spoof
wavlm,antes,8.8990,18.8762,pl,spoof
wavlm,antes,7.3685,19.5324,pl,spoof
wavlm,antes,8.5773,28.5709,pl,spoof
wavlm,antes,13.1182,22.1806,pl,spoof
wavlm,antes,8.2227,20.5155,pl,spoof
wavlm,antes,16.0611,21.3224,pl,spoof
wavlm,antes,26.4433,20.3287,pl,spoof
wavlm,antes,7.8479,20.5681,pl,spoof
wavlm,antes,-5.5381,-2.3349,pl,spoof
wavlm,antes,22.1720,17.7910,pl,spoof
wavlm,antes,2.9794,-15.8023,pl,spoof
wavlm,antes,21.6913,18.6461,pl,spoof
wavlm,antes,0.9936,17.7669,pl,spoof
wavlm,antes,18.6633,19.8369,pl,spoof
wavlm,antes,23.1789,20.7419,pl,spoof
wavlm,antes,16.2474,23.6640,pl,spoof
wavlm,antes,9.0538,19.1066,pl,spoof
wavlm,antes,12.3089,20.2130,pl,spoof
wavlm,antes,10.5435,32.7881,pl,spoof
wavlm,antes,21.1473,8.6023,pl,spoof
wavlm,antes,9.8253,21.6629,pl,spoof
wavlm,antes,18.1532,16.3800,pl,spoof
wavlm,antes,15.9600,19.1382,pl,spoof
wavlm,antes,14.5601,17.8472,pl,spoof
wavlm,antes,10.0804,19.4025,pl,spoof
wavlm,antes,10.3616,34.8188,pl,spoof
wavlm,antes,11.8306,34.3327,pl,spoof
wavlm,antes,-7.8838,-3.0424,pl,spoof
wavlm,antes,5.6783,32.5271,pl,spoof
wavlm,antes,19.3202,25.9556,pl,spoof
wavlm,antes,14.0933,18.7981,pl,spoof
wavlm,antes,15.8186,17.7176,pl,spoof
wavlm,antes,14.8575,15.0354,pl,spoof
wavlm,antes,23.8191,18.2766,pl,spoof
wavlm,antes,12.7612,24.1612,pl,spoof
wavlm,antes,18.9080,20.6092,pl,spoof
wavlm,antes,7.4273,20.6422,pl,spoof
wavlm,antes,16.8322,23.0293,pl,spoof
wavlm,antes,8.8485,19.4028,pl,spoof
wavlm,antes,14.9943,25.6389,pl,spoof
wavlm,antes,14.0465,20.7301,pl,spoof
wavlm,antes,11.4099,30.5651,pl,spoof
wavlm,antes,0.0108,17.6956,pl,spoof
wavlm,antes,13.5308,18.5471,pl,spoof
wavlm,antes,16.0309,17.0558,pl,spoof
wavlm,antes,20.6151,24.2759,pl,spoof
wavlm,antes,11.2630,20.6058,pl,spoof
wavlm,antes,13.0959,36.3204,pl,spoof
wavlm,antes,12.7278,16.4573,pl,spoof
wavlm,antes,9.1189,20.5394,pl,spoof
wavlm,antes,17.7307,16.7717,pl,spoof
wavlm,antes,23.4190,27.0573,pl,spoof
wavlm,antes,1.6488,17.3538,pl,spoof
wavlm,antes,11.0653,23.1944,pl,spoof
wavlm,antes,8.5689,23.7620,pl,spoof
wavlm,antes,23.7399,16.4267,pl,spoof
wavlm,antes,3.5296,18.9850,pl,spoof
wavlm,antes,18.0546,19.3472,pl,spoof
wavlm,antes,16.6559,22.1308,pl,spoof
wavlm,antes,13.0794,24.0658,pl,spoof
wavlm,antes,9.2781,23.0173,pl,spoof
wavlm,antes,8.9304,20.7832,pl,spoof
wavlm,antes,26.9912,20.1396,pl,spoof
wavlm,antes,19.4779,24.4218,pl,spoof
wavlm,antes,11.2213,31.0337,pl,spoof
wavlm,antes,11.8951,20.4465,pl,spoof
wavlm,antes,14.2224,24.0905,pl,spoof
wavlm,antes,17.4541,24.0657,pl,spoof
wavlm,antes,22.3405,15.3885,pl,spoof
wavlm,antes,17.0330,23.1958,pl,spoof
wavlm,antes,18.7450,22.3167,pl,spoof
wavlm,antes,15.8844,14.7188,pl,spoof
wavlm,antes,14.0123,33.1935,pl,spoof
wavlm,antes,18.8696,22.3286,pl,spoof
wavlm,antes,8.4667,34.1862,pl,spoof
wavlm,antes,10.6371,21.0444,pl,spoof
wavlm,antes,-5.4596,24.5046,pl,spoof
wavlm,antes,14.6486,18.6275,pl,spoof
wavlm,antes,11.7829,20.5716,pl,spoof
wavlm,antes,9.8190,19.3237,pl,spoof
wavlm,antes,15.9540,27.5619,pl,spoof
wavlm,antes,16.4184,17.1076,pl,spoof
wavlm,antes,9.0822,17.9692,pl,spoof
wavlm,antes,22.6963,19.9156,pl,spoof
wavlm,antes,12.8077,24.1608,pl,spoof
wavlm,antes,16.3352,15.9367,pl,spoof
wavlm,antes,16.4101,17.1103,pl,spoof
wavlm,antes,8.7732,20.5978,pl,spoof
wavlm,antes,9.3766,25.3298,pl,spoof
wavlm,antes,4.9852,32.8475,pl,spoof
wavlm,antes,1.7649,17.3018,pl,spoof
wavlm,antes,22.2895,18.0830,pl,spoof
wavlm,antes,8.8795,28.4025,pl,spoof
wavlm,antes,10.0080,21.8931,pl,spoof
wavlm,antes,12.6959,34.9373,pl,spoof
wavlm,antes,5.1970,7.4824,ru,bonafide
wavlm,antes,3.9435,2.0955,ru,bonafide
wavlm,antes,4.7389,2.7145,ru,bonafide
wavlm,antes,-2.1129,5.4133,ru,bonafide
wavlm,antes,0.8424,3.0337,ru,bonafide
wavlm,antes,9.4121,4.6370,ru,bonafide
wavlm,antes,2.7927,8.4683,ru,bonafide
wavlm,antes,3.7208,3.6189,ru,bonafide
wavlm,antes,3.4504,2.7976,ru,bonafide
wavlm,antes,-10.6806,2.0155,ru,bonafide
wavlm,antes,-4.0289,6.3957,ru,bonafide
wavlm,antes,7.8662,5.6999,ru,bonafide
wavlm,antes,2.8895,8.5084,ru,bonafide
wavlm,antes,-0.7871,8.0797,ru,bonafide
wavlm,antes,3.8616,1.8851,ru,bonafide
wavlm,antes,2.4176,3.5126,ru,bonafide
wavlm,antes,2.3314,2.4986,ru,bonafide
wavlm,antes,-1.0796,11.2771,ru,bonafide
wavlm,antes,13.4348,8.7872,ru,bonafide
wavlm,antes,0.2514,7.0657,ru,bonafide
wavlm,antes,2.4026,0.7003,ru,bonafide
wavlm,antes,1.6839,9.5578,ru,bonafide
wavlm,antes,14.6922,8.7399,ru,bonafide
wavlm,antes,0.8554,13.0203,ru,bonafide
wavlm,antes,1.5264,1.6672,ru,bonafide
wavlm,antes,-15.3228,0.1910,ru,bonafide
wavlm,antes,13.8140,6.8789,ru,bonafide
wavlm,antes,-7.9344,1.9378,ru,bonafide
wavlm,antes,0.0895,5.0025,ru,bonafide
wavlm,antes,-3.4608,5.0825,ru,bonafide
wavlm,antes,4.1915,5.5362,ru,bonafide
wavlm,antes,4.0159,6.3836,ru,bonafide
wavlm,antes,16.3887,8.1446,ru,bonafide
wavlm,antes,-14.0802,0.4323,ru,bonafide
wavlm,antes,13.6907,7.2707,ru,bonafide
wavlm,antes,4.2622,3.5235,ru,bonafide
wavlm,antes,2.0900,10.8797,ru,bonafide
wavlm,antes,-12.9868,0.9301,ru,bonafide
wavlm,antes,-2.9797,3.6688,ru,bonafide
wavlm,antes,7.2952,6.7479,ru,bonafide
wavlm,antes,15.9042,7.3460,ru,bonafide
wavlm,antes,13.7519,6.5986,ru,bonafide
wavlm,antes,4.6047,5.8911,ru,bonafide
wavlm,antes,3.1364,8.9453,ru,bonafide
wavlm,antes,-8.3175,-1.6189,ru,bonafide
wavlm,antes,4.3174,5.7535,ru,bonafide
wavlm,antes,18.2568,7.9507,ru,bonafide
wavlm,antes,-1.5651,-4.3489,ru,bonafide
wavlm,antes,8.7197,6.3246,ru,bonafide
wavlm,antes,8.8744,4.8110,ru,bonafide
wavlm,antes,6.4299,7.7125,ru,bonafide
wavlm,antes,9.9795,6.6135,ru,bonafide
wavlm,antes,3.4912,3.3092,ru,bonafide
wavlm,antes,16.8625,8.7691,ru,bonafide
wavlm,antes,1.2491,12.3244,ru,bonafide
wavlm,antes,7.8044,7.0075,ru,bonafide
wavlm,antes,4.1481,6.8813,ru,bonafide
wavlm,antes,17.0795,8.0180,ru,bonafide
wavlm,antes,-1.6714,2.5776,ru,bonafide
wavlm,antes,8.1275,6.6072,ru,bonafide
wavlm,antes,1.1050,11.1353,ru,bonafide
wavlm,antes,-0.8176,6.8529,ru,bonafide
wavlm,antes,17.0636,4.3893,ru,bonafide
wavlm,antes,8.8323,7.7473,ru,bonafide
wavlm,antes,-14.5792,0.4438,ru,bonafide
wavlm,antes,4.2455,13.2795,ru,bonafide
wavlm,antes,10.1675,5.0393,ru,bonafide
wavlm,antes,-2.0252,5.2216,ru,bonafide
wavlm,antes,3.7542,5.7466,ru,bonafide
wavlm,antes,13.5821,9.9836,ru,bonafide
wavlm,antes,5.7985,8.3642,ru,bonafide
wavlm,antes,2.7385,4.2052,ru,bonafide
wavlm,antes,-1.9295,3.1145,ru,bonafide
wavlm,antes,2.4186,12.0121,ru,bonafide
wavlm,antes,13.4434,9.9939,ru,bonafide
wavlm,antes,14.5030,7.7217,ru,bonafide
wavlm,antes,0.7599,6.2933,ru,bonafide
wavlm,antes,6.2701,3.2036,ru,bonafide
wavlm,antes,3.1932,5.1979,ru,bonafide
wavlm,antes,10.1011,6.8455,ru,bonafide
wavlm,antes,4.5349,4.5773,ru,bonafide
wavlm,antes,3.6622,4.0918,ru,bonafide
wavlm,antes,0.1758,0.5525,ru,bonafide
wavlm,antes,-8.2303,-1.7140,ru,bonafide
wavlm,antes,10.3378,4.5694,ru,bonafide
wavlm,antes,-6.6510,-1.5724,ru,bonafide
wavlm,antes,8.5636,5.8106,ru,bonafide
wavlm,antes,13.1497,11.9369,ru,bonafide
wavlm,antes,15.7962,3.6958,ru,bonafide
wavlm,antes,5.8634,7.8955,ru,bonafide
wavlm,antes,13.7914,7.9913,ru,bonafide
wavlm,antes,14.2031,7.7722,ru,bonafide
wavlm,antes,10.4923,5.8377,ru,bonafide
wavlm,antes,14.9854,8.5327,ru,bonafide
wavlm,antes,0.8352,6.7118,ru,bonafide
wavlm,antes,14.7494,5.3335,ru,bonafide
wavlm,antes,2.2140,7.4646,ru,bonafide
wavlm,antes,6.9063,6.8462,ru,bonafide
wavlm,antes,-15.4724,0.2502,ru,bonafide
wavlm,antes,14.4940,6.1368,ru,bonafide
wavlm,antes,0.8867,7.8746,ru,bonafide
wavlm,antes,15.4719,7.3025,ru,bonafide
wavlm,antes,-9.5046,11.0648,ru,bonafide
wavlm,antes,9.3705,1.4445,ru,bonafide
wavlm,antes,4.3561,12.4644,ru,bonafide
wavlm,antes,18.5666,7.5878,ru,bonafide
wavlm,antes,2.9144,4.9433,ru,bonafide
wavlm,antes,-2.0014,5.2208,ru,bonafide
wavlm,antes,0.6551,14.4982,ru,bonafide
wavlm,antes,3.0426,1.6957,ru,bonafide
wavlm,antes,12.9013,12.1912,ru,bonafide
wavlm,antes,3.3008,2.8539,ru,bonafide
wavlm,antes,7.0684,6.7100,ru,bonafide
wavlm,antes,3.8719,7.3379,ru,bonafide
wavlm,antes,2.7784,1.0670,ru,bonafide
wavlm,antes,20.0337,7.7325,ru,bonafide
wavlm,antes,9.0143,4.9708,ru,bonafide
wavlm,antes,8.4474,4.7117,ru,bonafide
wavlm,antes,14.6311,5.8339,ru,bonafide
wavlm,antes,17.3839,8.4120,ru,bonafide
wavlm,antes,3.7396,1.8539,ru,bonafide
wavlm,antes,3.0015,15.0255,ru,bonafide
wavlm,antes,-13.3347,0.4866,ru,bonafide
wavlm,antes,4.5053,1.9171,ru,bonafide
wavlm,antes,14.1459,7.9093,ru,bonafide
wavlm,antes,2.9623,3.4304,ru,bonafide
wavlm,antes,1.8234,5.7413,ru,bonafide
wavlm,antes,-1.5776,-4.4032,ru,bonafide
wavlm,antes,16.1703,7.5202,ru,bonafide
wavlm,antes,3.7879,4.2159,ru,bonafide
wavlm,antes,-7.9366,1.9131,ru,bonafide
wavlm,antes,8.6411,2.5981,ru,bonafide
wavlm,antes,9.2855,5.2803,ru,bonafide
wavlm,antes,12.1242,8.7172,ru,bonafide
wavlm,antes,2.0512,9.4808,ru,bonafide
wavlm,antes,8.5162,6.4967,ru,bonafide
wavlm,antes,-2.0570,3.1214,ru,bonafide
wavlm,antes,14.8977,9.4974,ru,bonafide
wavlm,antes,-2.3770,3.6880,ru,bonafide
wavlm,antes,-13.6609,0.5712,ru,bonafide
wavlm,antes,9.5080,4.1058,ru,bonafide
wavlm,antes,5.7392,8.1428,ru,bonafide
wavlm,antes,14.0546,7.1798,ru,bonafide
wavlm,antes,-2.4336,8.5736,ru,bonafide
wavlm,antes,14.8783,6.6743,ru,bonafide
wavlm,antes,9.6456,5.1657,ru,bonafide
wavlm,antes,13.7301,10.6660,ru,bonafide
wavlm,antes,12.4117,8.3075,ru,bonafide
wavlm,antes,-15.2475,0.0613,ru,bonafide
wavlm,antes,4.5496,8.1164,ru,bonafide
wavlm,antes,7.9382,3.5219,ru,spoof
wavlm,antes,4.3113,9.9871,ru,spoof
wavlm,antes,2.0821,-5.2674,ru,spoof
wavlm,antes,6.8731,7.7035,ru,spoof
wavlm,antes,-9.5095,11.0656,ru,spoof
wavlm,antes,5.9634,5.3349,ru,spoof
wavlm,antes,5.9230,4.9892,ru,spoof
wavlm,antes,12.6291,-1.9917,ru,spoof
wavlm,antes,2.7167,2.5675,ru,spoof
wavlm,antes,13.5636,4.5266,ru,spoof
wavlm,antes,12.6743,6.9786,ru,spoof
wavlm,antes,10.5511,10.5124,ru,spoof
wavlm,antes,2.9975,4.3829,ru,spoof
wavlm,antes,4.0868,0.0890,ru,spoof
wavlm,antes,17.6652,7.3670,ru,spoof
wavlm,antes,18.9789,7.5438,ru,spoof
wavlm,antes,16.5245,13.7354,ru,spoof
wavlm,antes,12.8828,0.0932,ru,spoof
wavlm,antes,4.9084,2.0886,ru,spoof
wavlm,antes,13.0048,-3.6901,ru,spoof
wavlm,antes,13.7047,-0.6525,ru,spoof
wavlm,antes,3.2502,4.8252,ru,spoof
wavlm,antes,2.0545,3.7927,ru,spoof
wavlm,antes,0.6547,9.8738,ru,spoof
wavlm,antes,1.7299,8.5296,ru,spoof
wavlm,antes,7.2479,13.2359,ru,spoof
wavlm,antes,5.4381,9.7641,ru,spoof
wavlm,antes,7.1805,4.5254,ru,spoof
wavlm,antes,12.6699,-2.9712,ru,spoof
wavlm,antes,3.7740,16.2363,ru,spoof
wavlm,antes,7.7086,1.8498,ru,spoof
wavlm,antes,11.9233,-2.0981,ru,spoof
wavlm,antes,14.6862,-0.4803,ru,spoof
wavlm,antes,0.0996,9.8162,ru,spoof
wavlm,antes,7.7199,10.2685,ru,spoof
wavlm,antes,6.4371,0.7894,ru,spoof
wavlm,antes,18.8377,7.2969,ru,spoof
wavlm,antes,6.3353,2.8264,ru,spoof
wavlm,antes,16.5499,12.1655,ru,spoof
wavlm,antes,8.9590,3.9367,ru,spoof
wavlm,antes,0.4462,10.5911,ru,spoof
wavlm,antes,-9.4951,11.0758,ru,spoof
wavlm,antes,2.0855,-6.5084,ru,spoof
wavlm,antes,3.1531,18.3520,ru,spoof
wavlm,antes,-1.7274,11.6756,ru,spoof
wavlm,antes,-5.3637,-2.1449,ru,spoof
wavlm,antes,10.2836,9.3306,ru,spoof
wavlm,antes,12.7348,-0.8424,ru,spoof
wavlm,antes,7.6007,2.0361,ru,spoof
wavlm,antes,11.1526,3.0138,ru,spoof
wavlm,antes,7.6726,9.1954,ru,spoof
wavlm,antes,8.0065,11.6532,ru,spoof
wavlm,antes,-3.2573,-6.3611,ru,spoof
wavlm,antes,11.0622,2.6464,ru,spoof
wavlm,antes,10.3439,10.9251,ru,spoof
wavlm,antes,1.4994,4.0652,ru,spoof
wavlm,antes,21.9711,14.8069,ru,spoof
wavlm,antes,16.2312,8.4123,ru,spoof
wavlm,antes,5.4120,6.2497,ru,spoof
wavlm,antes,16.0782,5.6275,ru,spoof
wavlm,antes,12.2893,3.7143,ru,spoof
wavlm,antes,17.4787,6.2975,ru,spoof
wavlm,antes,13.1549,-0.5779,ru,spoof
wavlm,antes,1.3315,5.3352,ru,spoof
wavlm,antes,0.5848,14.4920,ru,spoof
wavlm,antes,2.1201,-5.6451,ru,spoof
wavlm,antes,13.2578,-0.7284,ru,spoof
wavlm,antes,15.4024,6.0835,ru,spoof
wavlm,antes,14.8932,10.1562,ru,spoof
wavlm,antes,13.6837,3.5921,ru,spoof
wavlm,antes,7.0407,11.3446,ru,spoof
wavlm,antes,17.0710,11.8847,ru,spoof
wavlm,antes,4.1970,-0.1419,ru,spoof
wavlm,antes,12.4803,-2.9474,ru,spoof
wavlm,antes,13.9255,-1.1179,ru,spoof
wavlm,antes,10.2901,4.0040,ru,spoof
wavlm,antes,12.9184,-0.1475,ru,spoof
wavlm,antes,8.6241,9.8403,ru,spoof
wavlm,antes,10.8694,2.8661,ru,spoof
wavlm,antes,-3.7962,4.4770,ru,spoof
wavlm,antes,1.5057,1.6467,ru,spoof
wavlm,antes,10.1911,10.3862,ru,spoof
wavlm,antes,4.4780,11.7382,ru,spoof
wavlm,antes,11.3372,0.4108,ru,spoof
wavlm,antes,10.4624,3.3901,ru,spoof
wavlm,antes,3.3263,18.1940,ru,spoof
wavlm,antes,17.3538,12.0099,ru,spoof
wavlm,antes,2.3250,5.3039,ru,spoof
wavlm,antes,15.0844,6.0449,ru,spoof
wavlm,antes,11.1422,3.1810,ru,spoof
wavlm,antes,1.2571,6.5081,ru,spoof
wavlm,antes,7.8316,9.9702,ru,spoof
wavlm,antes,13.7502,2.3271,ru,spoof
wavlm,antes,-9.5054,11.0643,ru,spoof
wavlm,antes,7.4170,9.2864,ru,spoof
wavlm,antes,-2.3998,0.8520,ru,spoof
wavlm,antes,14.1894,5.1970,ru,spoof
wavlm,antes,1.4732,10.2388,ru,spoof
wavlm,antes,22.0634,16.7854,ru,spoof
wavlm,antes,13.4706,-1.0521,ru,spoof
wavlm,antes,7.2232,11.0903,ru,spoof
wavlm,antes,17.5101,10.8959,ru,spoof
wavlm,antes,6.3081,13.7927,ru,spoof
wavlm,antes,1.7797,5.6319,ru,spoof
wavlm,antes,3.3574,10.9966,ru,spoof
wavlm,antes,16.8061,11.7131,ru,spoof
wavlm,antes,13.1287,-2.3972,ru,spoof
wavlm,antes,13.3576,-0.5689,ru,spoof
wavlm,antes,5.7913,1.0715,ru,spoof
wavlm,antes,9.4664,3.4417,ru,spoof
wavlm,antes,4.6414,1.3590,ru,spoof
wavlm,antes,-1.5054,8.5909,ru,spoof
wavlm,antes,-3.5449,-3.1533,ru,spoof
wavlm,antes,17.4782,12.0503,ru,spoof
wavlm,antes,15.9670,9.1769,ru,spoof
wavlm,antes,14.1006,-0.5357,ru,spoof
wavlm,antes,24.5164,14.2299,ru,spoof
wavlm,antes,15.8050,3.4363,ru,spoof
wavlm,antes,15.6187,8.1246,ru,spoof
wavlm,antes,16.2776,-1.7278,ru,spoof
wavlm,antes,6.1492,13.7319,ru,spoof
wavlm,antes,2.1097,-5.4633,ru,spoof
wavlm,antes,8.3746,14.0132,ru,spoof
wavlm,antes,1.9548,7.7438,ru,spoof
wavlm,antes,16.9722,10.3975,ru,spoof
wavlm,antes,18.4573,11.0234,ru,spoof
wavlm,antes,7.2354,1.3770,ru,spoof
wavlm,antes,16.5680,11.8032,ru,spoof
wavlm,antes,10.3989,10.2551,ru,spoof
wavlm,antes,-3.3775,15.6207,ru,spoof
wavlm,antes,4.9731,3.0069,ru,spoof
wavlm,antes,7.5845,-0.1768,ru,spoof
wavlm,antes,8.0419,5.1745,ru,spoof
wavlm,antes,7.6828,-6.7225,ru,spoof
wavlm,antes,7.6742,-5.3902,ru,spoof
wavlm,antes,2.9350,10.8710,ru,spoof
wavlm,antes,-3.3528,-6.4023,ru,spoof
wavlm,antes,19.4445,7.5652,ru,spoof
wavlm,antes,13.2976,-1.0145,ru,spoof
wavlm,antes,-31.9124,-10.2568,ru,spoof
wavlm,antes,10.7440,2.0535,ru,spoof
wavlm,antes,11.2353,4.8671,ru,spoof
wavlm,antes,-1.1790,17.7174,ru,spoof
wavlm,antes,-3.2255,1.8113,ru,spoof
wavlm,antes,5.7789,4.1769,ru,spoof
wavlm,antes,13.7195,-2.6406,ru,spoof
wavlm,antes,15.5892,5.3422,ru,spoof
wavlm,antes,8.5044,-0.4304,ru,spoof
wavlm,antes,17.6024,10.9366,ru,spoof
wavlm,antes,12.0867,2.8888,ru,spoof
wavlm,despues,-18.6829,19.2832,de,bonafide
wavlm,despues,-15.8274,22.1799,de,bonafide
wavlm,despues,-19.0085,29.0947,de,bonafide
wavlm,despues,-15.7064,33.8502,de,bonafide
wavlm,despues,25.2212,24.3988,de,bonafide
wavlm,despues,-8.2389,23.5456,de,bonafide
wavlm,despues,-9.2764,28.5089,de,bonafide
wavlm,despues,-12.0416,37.9972,de,bonafide
wavlm,despues,-15.1454,18.2463,de,bonafide
wavlm,despues,-11.9047,37.4938,de,bonafide
wavlm,despues,-19.5835,24.3494,de,bonafide
wavlm,despues,-15.0235,32.5492,de,bonafide
wavlm,despues,-18.9042,22.8566,de,bonafide
wavlm,despues,-19.2816,31.4202,de,bonafide
wavlm,despues,-21.0970,28.8982,de,bonafide
wavlm,despues,-14.7721,33.1990,de,bonafide
wavlm,despues,-20.4384,35.8645,de,bonafide
wavlm,despues,-18.5295,23.5134,de,bonafide
wavlm,despues,-19.7552,22.5493,de,bonafide
wavlm,despues,-7.4107,26.4609,de,bonafide
wavlm,despues,-10.7716,37.2168,de,bonafide
wavlm,despues,-14.2889,29.2218,de,bonafide
wavlm,despues,-18.5582,23.1175,de,bonafide
wavlm,despues,-20.3904,20.2361,de,bonafide
wavlm,despues,-20.7391,23.7966,de,bonafide
wavlm,despues,-19.5750,37.7217,de,bonafide
wavlm,despues,-20.4864,24.2878,de,bonafide
wavlm,despues,-15.0963,37.0800,de,bonafide
wavlm,despues,-20.2827,24.6759,de,bonafide
wavlm,despues,-11.6937,38.3669,de,bonafide
wavlm,despues,-16.4420,33.6616,de,bonafide
wavlm,despues,-11.7356,35.5014,de,bonafide
wavlm,despues,-16.9614,29.5485,de,bonafide
wavlm,despues,-16.9045,34.1663,de,bonafide
wavlm,despues,-17.4666,20.6508,de,bonafide
wavlm,despues,-14.6773,1.9288,de,bonafide
wavlm,despues,-18.8738,39.2903,de,bonafide
wavlm,despues,-19.6817,26.3261,de,bonafide
wavlm,despues,-22.0177,23.1930,de,bonafide
wavlm,despues,-13.0679,38.1583,de,bonafide
wavlm,despues,-21.8229,21.7912,de,bonafide
wavlm,despues,-12.3015,29.1082,de,bonafide
wavlm,despues,-20.4801,39.2828,de,bonafide
wavlm,despues,-17.9319,28.4138,de,bonafide
wavlm,despues,-19.7175,21.7311,de,bonafide
wavlm,despues,-23.7252,29.4313,de,bonafide
wavlm,despues,-15.1756,20.7032,de,bonafide
wavlm,despues,-19.6009,35.6333,de,bonafide
wavlm,despues,-14.1464,29.4388,de,bonafide
wavlm,despues,-17.2128,30.4600,de,bonafide
wavlm,despues,-11.7418,3.8759,de,bonafide
wavlm,despues,-7.0602,26.0311,de,bonafide
wavlm,despues,-21.1001,39.8879,de,bonafide
wavlm,despues,-17.5015,31.1869,de,bonafide
wavlm,despues,-18.7262,19.5675,de,bonafide
wavlm,despues,-12.6370,36.7784,de,bonafide
wavlm,despues,-6.4928,25.1717,de,bonafide
wavlm,despues,-15.1562,29.7337,de,bonafide
wavlm,despues,-20.3565,35.4453,de,bonafide
wavlm,despues,-12.2910,35.9766,de,bonafide
wavlm,despues,-21.0853,21.1418,de,bonafide
wavlm,despues,-11.4400,3.1927,de,bonafide
wavlm,despues,-19.3269,34.7803,de,bonafide
wavlm,despues,-20.8095,39.4369,de,bonafide
wavlm,despues,-17.1413,31.1268,de,bonafide
wavlm,despues,-11.8319,36.0467,de,bonafide
wavlm,despues,-18.5854,22.7866,de,bonafide
wavlm,despues,-16.2254,33.4224,de,bonafide
wavlm,despues,-17.7496,32.9315,de,bonafide
wavlm,despues,-19.2492,30.8550,de,bonafide
wavlm,despues,-16.6797,32.6440,de,bonafide
wavlm,despues,-11.3460,35.1855,de,bonafide
wavlm,despues,-17.2865,30.3716,de,bonafide
wavlm,despues,-23.4747,35.3465,de,bonafide
wavlm,despues,-11.4727,37.2573,de,bonafide
wavlm,despues,-25.8689,33.6134,de,bonafide
wavlm,despues,-13.0563,38.2942,de,bonafide
wavlm,despues,-14.9855,30.7402,de,bonafide
wavlm,despues,-14.8482,34.7784,de,bonafide
wavlm,despues,-21.9965,35.6310,de,bonafide
wavlm,despues,-19.4716,24.6727,de,bonafide
wavlm,despues,-18.9367,28.0186,de,bonafide
wavlm,despues,-25.9323,37.3297,de,bonafide
wavlm,despues,-19.4018,21.5631,de,bonafide
wavlm,despues,-15.4786,19.9973,de,bonafide
wavlm,despues,-12.6550,36.9361,de,bonafide
wavlm,despues,-17.7387,20.9290,de,bonafide
wavlm,despues,-13.5340,26.9587,de,bonafide
wavlm,despues,-13.4369,26.3636,de,bonafide
wavlm,despues,-20.5356,21.8597,de,bonafide
wavlm,despues,-19.3702,23.5837,de,bonafide
wavlm,despues,-19.4024,19.3785,de,bonafide
wavlm,despues,0.0599,18.2318,de,bonafide
wavlm,despues,-15.5664,30.5894,de,bonafide
wavlm,despues,-24.4108,36.3105,de,bonafide
wavlm,despues,-15.5562,33.7201,de,bonafide
wavlm,despues,-13.4185,38.7326,de,bonafide
wavlm,despues,-21.4103,20.6422,de,bonafide
wavlm,despues,-16.3247,29.9605,de,bonafide
wavlm,despues,-23.9490,35.9978,de,bonafide
wavlm,despues,-20.0903,24.2193,de,bonafide
wavlm,despues,-17.9659,21.7415,de,bonafide
wavlm,despues,-9.5406,33.2780,de,bonafide
wavlm,despues,-19.4728,22.4723,de,bonafide
wavlm,despues,-20.4950,20.4403,de,bonafide
wavlm,despues,-19.4319,36.5943,de,bonafide
wavlm,despues,-16.6206,21.9132,de,bonafide
wavlm,despues,-15.9769,33.3133,de,bonafide
wavlm,despues,-13.3450,25.6201,de,bonafide
wavlm,despues,-15.4478,34.5103,de,bonafide
wavlm,despues,-13.0941,1.7172,de,bonafide
wavlm,despues,-7.3107,23.3348,de,bonafide
wavlm,despues,-19.9555,41.4544,de,bonafide
wavlm,despues,-11.9577,28.7568,de,bonafide
wavlm,despues,-15.0154,33.7510,de,bonafide
wavlm,despues,-7.0524,30.6983,de,bonafide
wavlm,despues,-12.7344,36.5224,de,bonafide
wavlm,despues,-18.7485,36.7900,de,bonafide
wavlm,despues,-15.2013,33.4838,de,bonafide
wavlm,despues,-21.5338,36.6614,de,bonafide
wavlm,despues,-20.0173,39.0216,de,bonafide
wavlm,despues,-22.0601,20.3138,de,bonafide
wavlm,despues,-17.2789,23.9536,de,bonafide
wavlm,despues,-19.8358,37.4418,de,bonafide
wavlm,despues,-17.5556,24.4653,de,bonafide
wavlm,despues,-21.6425,38.0159,de,bonafide
wavlm,despues,-21.9314,40.4873,de,bonafide
wavlm,despues,-15.2002,21.1170,de,bonafide
wavlm,despues,-21.2474,24.2546,de,bonafide
wavlm,despues,-12.5318,36.8235,de,bonafide
wavlm,despues,-23.0442,34.9461,de,bonafide
wavlm,despues,-18.6128,20.7550,de,bonafide
wavlm,despues,-21.4603,36.3591,de,bonafide
wavlm,despues,-21.4837,24.2383,de,bonafide
wavlm,despues,-18.8937,35.4010,de,bonafide
wavlm,despues,-12.5344,37.9384,de,bonafide
wavlm,despues,-14.4418,28.4391,de,bonafide
wavlm,despues,-20.9791,19.7210,de,bonafide
wavlm,despues,-21.1336,37.1339,de,bonafide
wavlm,despues,-20.3306,21.1472,de,bonafide
wavlm,despues,-21.0904,39.8161,de,bonafide
wavlm,despues,-17.5452,32.7925,de,bonafide
wavlm,despues,-15.3961,38.9794,de,bonafide
wavlm,despues,-14.6093,19.5706,de,bonafide
wavlm,despues,-15.1077,37.0622,de,bonafide
wavlm,despues,-18.5589,36.0085,de,bonafide
wavlm,despues,-19.1315,30.1578,de,bonafide
wavlm,despues,-15.3647,29.5873,de,bonafide
wavlm,despues,-15.2209,37.7814,de,bonafide
wavlm,despues,-21.1648,21.9220,de,bonafide
wavlm,despues,-17.8167,35.0743,de,spoof
wavlm,despues,-18.3747,32.1230,de,spoof
wavlm,despues,-18.4047,26.3067,de,spoof
wavlm,despues,-23.2236,35.9188,de,spoof
wavlm,despues,-17.5914,19.9356,de,spoof
wavlm,despues,-21.3347,31.5712,de,spoof
wavlm,despues,-19.1479,30.6316,de,spoof
wavlm,despues,-16.5908,29.7254,de,spoof
wavlm,despues,-16.8085,-7.0479,de,spoof
wavlm,despues,-17.4560,22.7524,de,spoof
wavlm,despues,-20.8899,31.5857,de,spoof
wavlm,despues,-12.6484,30.2075,de,spoof
wavlm,despues,-19.0213,24.6812,de,spoof
wavlm,despues,-19.5254,24.7437,de,spoof
wavlm,despues,-18.1748,33.8925,de,spoof
wavlm,despues,-22.2464,34.5164,de,spoof
wavlm,despues,-22.3277,35.4546,de,spoof
wavlm,despues,-24.8149,32.9928,de,spoof
wavlm,despues,-20.3428,38.5001,de,spoof
wavlm,despues,-23.4499,38.5276,de,spoof
wavlm,despues,-19.3939,25.3825,de,spoof
wavlm,despues,-27.0701,35.2455,de,spoof
wavlm,despues,-25.7178,26.0716,de,spoof
wavlm,despues,-17.4969,22.4646,de,spoof
wavlm,despues,-24.9636,31.0821,de,spoof
wavlm,despues,-20.7502,33.0266,de,spoof
wavlm,despues,-16.6945,21.4293,de,spoof
wavlm,despues,-27.8063,34.5943,de,spoof
wavlm,despues,-22.3635,25.5583,de,spoof
wavlm,despues,-15.8858,35.3278,de,spoof
wavlm,despues,-13.6260,35.8593,de,spoof
wavlm,despues,-25.4845,34.4471,de,spoof
wavlm,despues,-14.1476,33.5965,de,spoof
wavlm,despues,-18.9830,22.0957,de,spoof
wavlm,despues,-16.5806,30.8646,de,spoof
wavlm,despues,-23.8425,33.5334,de,spoof
wavlm,despues,-25.1703,25.3627,de,spoof
wavlm,despues,-21.0791,31.8961,de,spoof
wavlm,despues,-20.2347,22.8484,de,spoof
wavlm,despues,-17.5592,23.2755,de,spoof
wavlm,despues,-13.3998,25.1475,de,spoof
wavlm,despues,-19.2479,29.6600,de,spoof
wavlm,despues,-15.4409,22.6254,de,spoof
wavlm,despues,-12.3377,26.5897,de,spoof
wavlm,despues,-23.8479,29.8005,de,spoof
wavlm,despues,-26.1589,30.2281,de,spoof
wavlm,despues,-17.6866,28.3788,de,spoof
wavlm,despues,-24.1857,26.9629,de,spoof
wavlm,despues,-24.4013,35.5789,de,spoof
wavlm,despues,-24.3466,32.6965,de,spoof
wavlm,despues,-16.2951,36.7708,de,spoof
wavlm,despues,-20.5334,27.9572,de,spoof
wavlm,despues,-24.9324,23.9864,de,spoof
wavlm,despues,-23.9139,36.0898,de,spoof
wavlm,despues,-22.4452,37.8361,de,spoof
wavlm,despues,-21.7099,31.6690,de,spoof
wavlm,despues,-23.3618,26.6641,de,spoof
wavlm,despues,-23.1594,38.2903,de,spoof
wavlm,despues,-20.7573,36.0847,de,spoof
wavlm,despues,-17.3006,39.5889,de,spoof
wavlm,despues,-18.1566,33.1051,de,spoof
wavlm,despues,-8.6067,27.9791,de,spoof
wavlm,despues,-21.4871,30.4783,de,spoof
wavlm,despues,-21.5268,26.5133,de,spoof
wavlm,despues,-27.6722,28.9051,de,spoof
wavlm,despues,2.8362,19.0236,de,spoof
wavlm,despues,-9.7175,21.4558,de,spoof
wavlm,despues,-23.3413,27.4388,de,spoof
wavlm,despues,-15.4021,38.9099,de,spoof
wavlm,despues,-14.1469,33.6009,de,spoof
wavlm,despues,-22.4892,35.5014,de,spoof
wavlm,despues,-2.4166,-1.1647,de,spoof
wavlm,despues,-17.7124,22.4231,de,spoof
wavlm,despues,-30.5028,-10.2854,de,spoof
wavlm,despues,-24.7856,37.6503,de,spoof
wavlm,despues,-22.6416,28.7363,de,spoof
wavlm,despues,-21.1290,27.5288,de,spoof
wavlm,despues,-23.9478,32.8586,de,spoof
wavlm,despues,-16.8603,18.5890,de,spoof
wavlm,despues,-24.4831,31.0163,de,spoof
wavlm,despues,-16.9037,35.5268,de,spoof
wavlm,despues,-16.0021,28.7338,de,spoof
wavlm,despues,-28.6631,29.5209,de,spoof
wavlm,despues,-17.1096,25.1626,de,spoof
wavlm,despues,-6.2901,23.0133,de,spoof
wavlm,despues,-20.3656,25.2246,de,spoof
wavlm,despues,-25.9609,28.7599,de,spoof
wavlm,despues,-22.6739,32.6541,de,spoof
wavlm,despues,-20.6616,34.2101,de,spoof
wavlm,despues,-13.1906,33.3704,de,spoof
wavlm,despues,-20.6195,23.0734,de,spoof
wavlm,despues,-21.9416,33.2014,de,spoof
wavlm,despues,-25.2167,25.4230,de,spoof
wavlm,despues,-21.6316,31.0050,de,spoof
wavlm,despues,-10.3194,26.5514,de,spoof
wavlm,despues,-21.8543,32.9742,de,spoof
wavlm,despues,-27.6090,27.9591,de,spoof
wavlm,despues,-13.7170,22.4541,de,spoof
wavlm,despues,-19.5439,33.4675,de,spoof
wavlm,despues,-20.5948,34.4718,de,spoof
wavlm,despues,-11.1041,26.9910,de,spoof
wavlm,despues,-16.4357,32.1824,de,spoof
wavlm,despues,-12.2351,32.1707,de,spoof
wavlm,despues,-8.1057,27.5200,de,spoof
wavlm,despues,-19.0594,30.8160,de,spoof
wavlm,despues,-9.6947,33.2990,de,spoof
wavlm,despues,-20.4592,25.3127,de,spoof
wavlm,despues,-10.6026,31.0566,de,spoof
wavlm,despues,-15.6198,34.3670,de,spoof
wavlm,despues,-19.2960,21.2524,de,spoof
wavlm,despues,-9.3962,22.6440,de,spoof
wavlm,despues,-23.7409,27.0237,de,spoof
wavlm,despues,-22.7354,23.9737,de,spoof
wavlm,despues,-16.2733,22.6755,de,spoof
wavlm,despues,-23.1822,30.7433,de,spoof
wavlm,despues,-12.8817,31.3517,de,spoof
wavlm,despues,-17.6053,29.9380,de,spoof
wavlm,despues,-22.2838,36.4447,de,spoof
wavlm,despues,-27.6504,28.3302,de,spoof
wavlm,despues,-19.1109,34.0365,de,spoof
wavlm,despues,-22.1559,34.4258,de,spoof
wavlm,despues,-23.1124,36.6635,de,spoof
wavlm,despues,-22.8662,29.2269,de,spoof
wavlm,despues,-21.8255,36.3254,de,spoof
wavlm,despues,-19.4035,20.3825,de,spoof
wavlm,despues,-24.9648,37.5707,de,spoof
wavlm,despues,-16.2480,24.5605,de,spoof
wavlm,despues,-20.1517,27.9810,de,spoof
wavlm,despues,-19.4901,39.0163,de,spoof
wavlm,despues,-14.1953,30.8673,de,spoof
wavlm,despues,-19.2130,31.0646,de,spoof
wavlm,despues,-17.0073,25.7940,de,spoof
wavlm,despues,-20.0242,33.0278,de,spoof
wavlm,despues,-10.5878,31.0602,de,spoof
wavlm,despues,-25.1622,25.4888,de,spoof
wavlm,despues,-15.5172,28.8133,de,spoof
wavlm,despues,-17.9300,34.0858,de,spoof
wavlm,despues,-21.0807,35.3403,de,spoof
wavlm,despues,-17.7319,36.3906,de,spoof
wavlm,despues,-17.6120,23.5843,de,spoof
wavlm,despues,-17.2277,39.7318,de,spoof
wavlm,despues,-23.1267,30.7987,de,spoof
wavlm,despues,-24.5061,31.0815,de,spoof
wavlm,despues,-23.6621,32.7206,de,spoof
wavlm,despues,-19.5850,33.3355,de,spoof
wavlm,despues,-20.1832,40.8640,de,spoof
wavlm,despues,-19.2351,29.3861,de,spoof
wavlm,despues,-27.0664,32.3950,de,spoof
wavlm,despues,-19.7121,33.3469,de,spoof
wavlm,despues,-27.5218,28.9455,de,spoof
wavlm,despues,-51.6742,0.6682,en,bonafide
wavlm,despues,-55.3110,5.1456,en,bonafide
wavlm,despues,-55.3165,4.2979,en,bonafide
wavlm,despues,-57.4823,-1.4657,en,bonafide
wavlm,despues,-55.8483,5.8648,en,bonafide
wavlm,despues,-34.6333,-12.3142,en,bonafide
wavlm,despues,-49.6443,0.3162,en,bonafide
wavlm,despues,-58.8490,-1.0000,en,bonafide
wavlm,despues,-40.1292,-6.0698,en,bonafide
wavlm,despues,-47.8937,4.7150,en,bonafide
wavlm,despues,-49.7422,0.3186,en,bonafide
wavlm,despues,-51.3706,-0.1588,en,bonafide
wavlm,despues,-51.0234,0.2195,en,bonafide
wavlm,despues,-54.1250,5.2170,en,bonafide
wavlm,despues,-54.1150,5.9692,en,bonafide
wavlm,despues,-49.2605,4.1349,en,bonafide
wavlm,despues,-32.2639,-3.2415,en,bonafide
wavlm,despues,-54.9299,3.9533,en,bonafide
wavlm,despues,-36.5615,-3.0298,en,bonafide
wavlm,despues,-58.8787,-0.8413,en,bonafide
wavlm,despues,-34.7511,-10.2197,en,bonafide
wavlm,despues,-55.2318,4.0844,en,bonafide
wavlm,despues,-49.3018,-1.0199,en,bonafide
wavlm,despues,-53.8646,4.8950,en,bonafide
wavlm,despues,-37.5327,-5.0214,en,bonafide
wavlm,despues,-32.4468,0.7129,en,bonafide
wavlm,despues,-45.5459,6.0406,en,bonafide
wavlm,despues,-47.5895,3.9360,en,bonafide
wavlm,despues,-38.3489,-10.1146,en,bonafide
wavlm,despues,-55.3016,5.1120,en,bonafide
wavlm,despues,-36.3180,-1.2417,en,bonafide
wavlm,despues,-38.7287,-1.7367,en,bonafide
wavlm,despues,-45.1479,6.3645,en,bonafide
wavlm,despues,-45.7516,5.8354,en,bonafide
wavlm,despues,-42.4944,-1.7926,en,bonafide
wavlm,despues,-47.7357,4.9379,en,bonafide
wavlm,despues,-51.9251,1.1974,en,bonafide
wavlm,despues,-37.7509,-1.5981,en,bonafide
wavlm,despues,-57.9254,-3.9070,en,bonafide
wavlm,despues,-34.5806,-10.2316,en,bonafide
wavlm,despues,-50.0153,0.7030,en,bonafide
wavlm,despues,-39.1323,-6.6084,en,bonafide
wavlm,despues,-47.6555,5.5737,en,bonafide
wavlm,despues,-42.9626,-1.7474,en,bonafide
wavlm,despues,-49.5265,-0.6722,en,bonafide
wavlm,despues,-53.4401,6.4419,en,bonafide
wavlm,despues,-47.6036,4.6045,en,bonafide
wavlm,despues,-56.3704,-1.9859,en,bonafide
wavlm,despues,-53.8336,5.6239,en,bonafide
wavlm,despues,-38.2959,-3.5197,en,bonafide
wavlm,despues,-34.6953,0.3183,en,bonafide
wavlm,despues,-51.4729,0.7434,en,bonafide
wavlm,despues,-49.9573,0.5560,en,bonafide
wavlm,despues,-31.9290,-0.2480,en,bonafide
wavlm,despues,-46.8476,3.3178,en,bonafide
wavlm,despues,-54.1966,5.1645,en,bonafide
wavlm,despues,-53.0162,6.7334,en,bonafide
wavlm,despues,-57.3047,-1.9734,en,bonafide
wavlm,despues,-37.2711,-2.2759,en,bonafide
wavlm,despues,-37.1359,1.2665,en,bonafide
wavlm,despues,-49.0336,-0.5884,en,bonafide
wavlm,despues,-46.6605,4.8730,en,bonafide
wavlm,despues,-56.2324,-4.4027,en,bonafide
wavlm,despues,-31.3769,-2.7484,en,bonafide
wavlm,despues,-53.9544,3.2119,en,bonafide
wavlm,despues,-10.3737,0.9852,en,bonafide
wavlm,despues,-38.0649,-12.1052,en,bonafide
wavlm,despues,-55.0470,5.1467,en,bonafide
wavlm,despues,-49.0290,5.1713,en,bonafide
wavlm,despues,-53.5505,5.4231,en,bonafide
wavlm,despues,-49.3280,0.3424,en,bonafide
wavlm,despues,-33.4213,1.9482,en,bonafide
wavlm,despues,-47.5156,3.8412,en,bonafide
wavlm,despues,-34.5346,-12.1318,en,bonafide
wavlm,despues,-57.6326,-3.9093,en,bonafide
wavlm,despues,-47.3660,-1.8121,en,bonafide
wavlm,despues,-58.3206,-2.7223,en,bonafide
wavlm,despues,-51.9451,1.2578,en,bonafide
wavlm,despues,-33.3713,-10.3569,en,bonafide
wavlm,despues,-57.7291,-1.3692,en,bonafide
wavlm,despues,-53.4721,5.5665,en,bonafide
wavlm,despues,-39.6189,-5.2204,en,bonafide
wavlm,despues,-58.9363,-2.2926,en,bonafide
wavlm,despues,-56.5058,-4.4955,en,bonafide
wavlm,despues,-55.2647,5.6851,en,bonafide
wavlm,despues,-53.9988,3.7215,en,bonafide
wavlm,despues,-41.8796,4.1785,en,bonafide
wavlm,despues,-50.6791,2.4362,en,bonafide
wavlm,despues,-50.6026,-1.5262,en,bonafide
wavlm,despues,-45.3357,2.7942,en,bonafide
wavlm,despues,-37.9080,-1.8221,en,bonafide
wavlm,despues,-41.0523,-1.3060,en,bonafide
wavlm,despues,-39.2503,-4.8858,en,bonafide
wavlm,despues,-55.9594,-1.9335,en,bonafide
wavlm,despues,-38.9638,-6.4447,en,bonafide
wavlm,despues,-57.8321,-1.9158,en,bonafide
wavlm,despues,-47.0176,4.6043,en,bonafide
wavlm,despues,-34.4688,-2.1447,en,bonafide
wavlm,despues,-48.7153,0.3396,en,bonafide
wavlm,despues,-43.3659,-1.3951,en,bonafide
wavlm,despues,-16.2996,1.3826,en,bonafide
wavlm,despues,-56.4908,-2.9447,en,bonafide
wavlm,despues,-36.6223,-4.3180,en,bonafide
wavlm,despues,-49.3312,0.3479,en,bonafide
wavlm,despues,-57.5349,-2.7263,en,bonafide
wavlm,despues,-38.0440,-1.3254,en,bonafide
wavlm,despues,-40.2264,-4.5239,en,bonafide
wavlm,despues,-50.2666,-1.3029,en,bonafide
wavlm,despues,-51.2384,0.4749,en,bonafide
wavlm,despues,-57.7849,-2.7110,en,bonafide
wavlm,despues,-40.4580,-2.6936,en,bonafide
wavlm,despues,-32.6597,-1.4699,en,bonafide
wavlm,despues,-50.8144,0.6480,en,bonafide
wavlm,despues,-35.9500,-6.4334,en,bonafide
wavlm,despues,-50.3502,0.0288,en,bonafide
wavlm,despues,-58.0720,-1.4074,en,bonafide
wavlm,despues,-41.7887,-9.2220,en,bonafide
wavlm,despues,-38.9820,-1.5122,en,bonafide
wavlm,despues,-56.4937,-1.3689,en,bonafide
wavlm,despues,-55.9734,-0.7838,en,bonafide
wavlm,despues,-46.6633,4.5467,en,bonafide
wavlm,despues,-57.9575,-3.6188,en,bonafide
wavlm,despues,-57.3364,-1.2181,en,bonafide
wavlm,despues,-47.6763,3.4317,en,bonafide
wavlm,despues,-34.3466,-12.1915,en,bonafide
wavlm,despues,-57.2465,-1.2977,en,bonafide
wavlm,despues,-54.3618,6.0206,en,bonafide
wavlm,despues,-58.3011,-2.6965,en,bonafide
wavlm,despues,-47.3361,4.1617,en,bonafide
wavlm,despues,-47.8676,4.3646,en,bonafide
wavlm,despues,-51.6275,0.2831,en,bonafide
wavlm,despues,-37.1141,1.1111,en,bonafide
wavlm,despues,-56.9367,-2.7810,en,bonafide
wavlm,despues,-36.0326,-9.5747,en,bonafide
wavlm,despues,-51.3703,0.4638,en,bonafide
wavlm,despues,-39.4665,-2.8858,en,bonafide
wavlm,despues,-38.0538,-2.1782,en,bonafide
wavlm,despues,-54.1379,4.9942,en,bonafide
wavlm,despues,-42.9481,-8.1353,en,bonafide
wavlm,despues,-37.6603,-9.6040,en,bonafide
wavlm,despues,-36.3748,-10.8534,en,bonafide
wavlm,despues,-35.9308,1.4752,en,bonafide
wavlm,despues,-56.8553,-1.5678,en,bonafide
wavlm,despues,-35.1354,0.3809,en,bonafide
wavlm,despues,-36.1028,-7.2400,en,bonafide
wavlm,despues,-56.8232,-1.5611,en,bonafide
wavlm,despues,-56.8745,-4.6525,en,bonafide
wavlm,despues,-33.2651,1.4730,en,bonafide
wavlm,despues,-47.9388,4.1248,en,bonafide
wavlm,despues,-17.4033,-9.2504,en,bonafide
wavlm,despues,-33.4241,-2.8407,en,spoof
wavlm,despues,-41.3911,-3.6398,en,spoof
wavlm,despues,-35.4580,-2.0612,en,spoof
wavlm,despues,-48.1306,-0.9199,en,spoof
wavlm,despues,-49.8552,1.5308,en,spoof
wavlm,despues,-35.2928,-2.8106,en,spoof
wavlm,despues,-40.2810,-5.6669,en,spoof
wavlm,despues,-36.4939,1.9304,en,spoof
wavlm,despues,-51.0090,-0.3241,en,spoof
wavlm,despues,-40.8679,-1.5852,en,spoof
wavlm,despues,-36.3327,-4.8799,en,spoof
wavlm,despues,-34.5410,-1.5606,en,spoof
wavlm,despues,-33.4137,-11.8473,en,spoof
wavlm,despues,-38.4040,-7.8740,en,spoof
wavlm,despues,-33.2297,-7.3258,en,spoof
wavlm,despues,-31.6309,-2.5293,en,spoof
wavlm,despues,-34.8839,-0.6831,en,spoof
wavlm,despues,-30.7387,-6.1676,en,spoof
wavlm,despues,-55.8331,-2.6658,en,spoof
wavlm,despues,-49.3982,5.4827,en,spoof
wavlm,despues,-31.9422,-5.6596,en,spoof
wavlm,despues,-17.1348,-8.7338,en,spoof
wavlm,despues,-37.1229,-6.5043,en,spoof
wavlm,despues,-37.5231,-8.9164,en,spoof
wavlm,despues,-39.7728,-7.5496,en,spoof
wavlm,despues,-35.9230,-7.0313,en,spoof
wavlm,despues,-38.7750,-4.0229,en,spoof
wavlm,despues,-53.7856,0.0968,en,spoof
wavlm,despues,-34.3438,-7.3309,en,spoof
wavlm,despues,-36.5535,-5.1058,en,spoof
wavlm,despues,-39.5331,-9.2337,en,spoof
wavlm,despues,-35.1540,-11.4189,en,spoof
wavlm,despues,-35.2786,-4.3232,en,spoof
wavlm,despues,-49.1685,2.4082,en,spoof
wavlm,despues,-36.7809,-7.4116,en,spoof
wavlm,despues,-38.2963,-6.1464,en,spoof
wavlm,despues,-38.3406,0.2085,en,spoof
wavlm,despues,-41.3994,-8.1420,en,spoof
wavlm,despues,-35.7232,-3.4100,en,spoof
wavlm,despues,-33.4934,-4.1404,en,spoof
wavlm,despues,-38.1046,-9.7654,en,spoof
wavlm,despues,-35.4676,-4.1524,en,spoof
wavlm,despues,-40.9435,1.5801,en,spoof
wavlm,despues,-32.5783,-7.9088,en,spoof
wavlm,despues,-54.5728,4.6783,en,spoof
wavlm,despues,-33.8607,-8.6689,en,spoof
wavlm,despues,-34.5411,-5.0414,en,spoof
wavlm,despues,-36.1271,-5.8874,en,spoof
wavlm,despues,-40.7219,-11.0429,en,spoof
wavlm,despues,-41.7488,-2.9680,en,spoof
wavlm,despues,-54.3671,4.7445,en,spoof
wavlm,despues,-28.3636,-7.0898,en,spoof
wavlm,despues,-42.4087,1.1348,en,spoof
wavlm,despues,-33.4259,-7.1867,en,spoof
wavlm,despues,-41.4068,-1.6362,en,spoof
wavlm,despues,-32.0294,-11.2421,en,spoof
wavlm,despues,-40.6786,0.0051,en,spoof
wavlm,despues,-32.5733,-0.9400,en,spoof
wavlm,despues,-35.9917,-8.5181,en,spoof
wavlm,despues,-35.3491,-10.1100,en,spoof
wavlm,despues,-35.8401,-8.6770,en,spoof
wavlm,despues,-39.5218,-0.4121,en,spoof
wavlm,despues,-40.7870,0.1598,en,spoof
wavlm,despues,-32.8785,-9.0159,en,spoof
wavlm,despues,-42.3378,-5.3817,en,spoof
wavlm,despues,-38.2141,-11.5877,en,spoof
wavlm,despues,-35.3425,-5.3781,en,spoof
wavlm,despues,-50.6545,0.3471,en,spoof
wavlm,despues,-47.5288,1.6931,en,spoof
wavlm,despues,-47.7205,1.1214,en,spoof
wavlm,despues,-29.3823,-5.9765,en,spoof
wavlm,despues,-38.4426,-9.0922,en,spoof
wavlm,despues,-40.2294,-3.6362,en,spoof
wavlm,despues,-39.2457,-11.8472,en,spoof
wavlm,despues,-43.2386,-2.7481,en,spoof
wavlm,despues,-48.2578,4.2962,en,spoof
wavlm,despues,-36.3906,-3.4497,en,spoof
wavlm,despues,-39.4822,-0.4159,en,spoof
wavlm,despues,-39.5976,1.8802,en,spoof
wavlm,despues,-39.8916,-3.8006,en,spoof
wavlm,despues,-37.7568,-6.6297,en,spoof
wavlm,despues,-31.7759,0.5063,en,spoof
wavlm,despues,-31.4031,-9.1299,en,spoof
wavlm,despues,-32.6198,-8.9606,en,spoof
wavlm,despues,-33.2977,-0.7596,en,spoof
wavlm,despues,-39.2280,-2.3934,en,spoof
wavlm,despues,-33.6587,1.1306,en,spoof
wavlm,despues,-37.8933,-2.6627,en,spoof
wavlm,despues,-37.6594,-8.6492,en,spoof
wavlm,despues,-35.9550,-0.7254,en,spoof
wavlm,despues,-39.2477,-4.1803,en,spoof
wavlm,despues,-36.0596,-10.7267,en,spoof
wavlm,despues,-41.0426,1.4819,en,spoof
wavlm,despues,-33.9896,-3.0250,en,spoof
wavlm,despues,-34.5673,-6.3328,en,spoof
wavlm,despues,-34.4413,-3.5854,en,spoof
wavlm,despues,-36.2360,-2.3818,en,spoof
wavlm,despues,-38.5345,2.2698,en,spoof
wavlm,despues,-36.9731,-9.5287,en,spoof
wavlm,despues,-41.2313,-3.7679,en,spoof
wavlm,despues,-34.6945,-8.1910,en,spoof
wavlm,despues,-40.4920,-11.2559,en,spoof
wavlm,despues,-36.7911,-11.0874,en,spoof
wavlm,despues,-34.8517,-8.4432,en,spoof
wavlm,despues,-38.6936,0.1622,en,spoof
wavlm,despues,-32.0668,-2.1029,en,spoof
wavlm,despues,-34.9188,-7.5349,en,spoof
wavlm,despues,-38.3748,-0.7808,en,spoof
wavlm,despues,-39.5730,-7.7767,en,spoof
wavlm,despues,-41.0827,-4.0159,en,spoof
wavlm,despues,-48.5530,4.1425,en,spoof
wavlm,despues,-36.9658,-8.3000,en,spoof
wavlm,despues,-32.3193,-4.7339,en,spoof
wavlm,despues,-38.0217,-12.2933,en,spoof
wavlm,despues,-32.5326,-8.8301,en,spoof
wavlm,despues,-39.4827,-0.9676,en,spoof
wavlm,despues,-35.1910,-5.1813,en,spoof
wavlm,despues,-37.3006,-4.3895,en,spoof
wavlm,despues,-39.0647,-6.0979,en,spoof
wavlm,despues,-39.9555,-12.0791,en,spoof
wavlm,despues,-41.3783,-7.8021,en,spoof
wavlm,despues,-57.6241,-2.9969,en,spoof
wavlm,despues,-37.3364,-6.8959,en,spoof
wavlm,despues,-34.2881,-6.6557,en,spoof
wavlm,despues,-33.6138,-10.6455,en,spoof
wavlm,despues,-42.9563,-8.0677,en,spoof
wavlm,despues,-34.4272,-0.5222,en,spoof
wavlm,despues,-36.5199,-1.2162,en,spoof
wavlm,despues,-33.1464,-4.0678,en,spoof
wavlm,despues,-37.9609,-7.4274,en,spoof
wavlm,despues,-31.3606,-3.2012,en,spoof
wavlm,despues,-32.8168,-6.7469,en,spoof
wavlm,despues,-48.6398,3.4879,en,spoof
wavlm,despues,-32.0550,-5.2228,en,spoof
wavlm,despues,-56.2104,-1.6926,en,spoof
wavlm,despues,-40.6768,1.8859,en,spoof
wavlm,despues,-31.6096,-0.7719,en,spoof
wavlm,despues,-38.6106,-3.0215,en,spoof
wavlm,despues,-49.6265,1.4381,en,spoof
wavlm,despues,-38.3049,-5.9518,en,spoof
wavlm,despues,-40.2900,-3.0209,en,spoof
wavlm,despues,-33.7428,-6.1075,en,spoof
wavlm,despues,-36.3535,0.6853,en,spoof
wavlm,despues,-32.9804,-11.5634,en,spoof
wavlm,despues,-37.7056,-3.3148,en,spoof
wavlm,despues,-37.3560,-6.1453,en,spoof
wavlm,despues,-44.9115,2.3620,en,spoof
wavlm,despues,-36.8489,-0.6321,en,spoof
wavlm,despues,-38.3562,-4.9326,en,spoof
wavlm,despues,-31.1712,-1.7949,en,spoof
wavlm,despues,-24.0233,-40.8433,es,bonafide
wavlm,despues,-16.6917,-37.0863,es,bonafide
wavlm,despues,-10.3379,-28.0969,es,bonafide
wavlm,despues,0.6346,-33.2022,es,bonafide
wavlm,despues,-15.8823,-38.7970,es,bonafide
wavlm,despues,-16.4276,-34.3642,es,bonafide
wavlm,despues,-22.3734,-40.0755,es,bonafide
wavlm,despues,-13.2286,-24.7094,es,bonafide
wavlm,despues,-14.9493,-37.2375,es,bonafide
wavlm,despues,-22.0186,-41.0000,es,bonafide
wavlm,despues,-22.3225,-31.1038,es,bonafide
wavlm,despues,-22.4784,-41.5055,es,bonafide
wavlm,despues,0.1057,-37.1501,es,bonafide
wavlm,despues,-4.6030,-36.9297,es,bonafide
wavlm,despues,-16.2057,-38.3825,es,bonafide
wavlm,despues,-11.7709,-33.2476,es,bonafide
wavlm,despues,-21.2467,-34.6743,es,bonafide
wavlm,despues,-8.8962,-3.4577,es,bonafide
wavlm,despues,-6.8687,-32.9974,es,bonafide
wavlm,despues,-22.7924,-41.9968,es,bonafide
wavlm,despues,-16.0333,-37.6844,es,bonafide
wavlm,despues,-10.2738,-13.3662,es,bonafide
wavlm,despues,-6.5043,-32.6107,es,bonafide
wavlm,despues,-22.4596,-41.1970,es,bonafide
wavlm,despues,-17.9078,-33.9169,es,bonafide
wavlm,despues,-16.2742,-31.2971,es,bonafide
wavlm,despues,-21.4422,-32.0901,es,bonafide
wavlm,despues,-17.8772,-38.2716,es,bonafide
wavlm,despues,-17.6447,-37.1726,es,bonafide
wavlm,despues,-0.1072,-37.3953,es,bonafide
wavlm,despues,-12.5899,0.4647,es,bonafide
wavlm,despues,-12.9904,1.2829,es,bonafide
wavlm,despues,-16.6808,-38.1536,es,bonafide
wavlm,despues,-19.8605,-33.6071,es,bonafide
wavlm,despues,-17.3083,-36.3319,es,bonafide
wavlm,despues,-14.2168,-37.6486,es,bonafide
wavlm,despues,-15.0061,-38.9275,es,bonafide
wavlm,despues,-11.6440,-27.2644,es,bonafide
wavlm,despues,-13.2987,-23.7397,es,bonafide
wavlm,despues,-17.4111,-30.1477,es,bonafide
wavlm,despues,-23.1435,-40.3936,es,bonafide
wavlm,despues,-19.1915,-31.8938,es,bonafide
wavlm,despues,-16.0470,-37.9435,es,bonafide
wavlm,despues,-4.1124,-32.3136,es,bonafide
wavlm,despues,-6.0773,-15.7269,es,bonafide
wavlm,despues,-17.2147,-37.5569,es,bonafide
wavlm,despues,-22.0397,-40.7920,es,bonafide
wavlm,despues,-5.1492,-30.2459,es,bonafide
wavlm,despues,-5.7979,-39.5151,es,bonafide
wavlm,despues,-15.6333,-39.2004,es,bonafide
wavlm,despues,-3.5395,-37.3218,es,bonafide
wavlm,despues,-22.5532,-30.9711,es,bonafide
wavlm,despues,-4.7221,-35.6647,es,bonafide
wavlm,despues,-11.8954,-0.7396,es,bonafide
wavlm,despues,-18.1228,-35.6721,es,bonafide
wavlm,despues,-21.8487,-31.7586,es,bonafide
wavlm,despues,-16.1683,-35.9752,es,bonafide
wavlm,despues,-3.7511,-35.3539,es,bonafide
wavlm,despues,-9.2639,-31.0850,es,bonafide
wavlm,despues,-12.4781,-23.4654,es,bonafide
wavlm,despues,-7.1307,-20.8627,es,bonafide
wavlm,despues,-12.0702,-24.1498,es,bonafide
wavlm,despues,-19.7740,-33.9165,es,bonafide
wavlm,despues,4.4538,-36.5857,es,bonafide
wavlm,despues,-12.5602,-19.8203,es,bonafide
wavlm,despues,-22.4102,-41.7804,es,bonafide
wavlm,despues,-22.0984,-41.1236,es,bonafide
wavlm,despues,-11.4007,-24.2988,es,bonafide
wavlm,despues,-9.7225,-13.6064,es,bonafide
wavlm,despues,-5.0174,-37.1751,es,bonafide
wavlm,despues,-7.2329,-33.5984,es,bonafide
wavlm,despues,-16.5548,-36.9077,es,bonafide
wavlm,despues,-16.7946,-33.2534,es,bonafide
wavlm,despues,-17.4952,-36.4794,es,bonafide
wavlm,despues,-1.2166,-36.2164,es,bonafide
wavlm,despues,-15.6982,-32.4579,es,bonafide
wavlm,despues,0.1775,-37.0406,es,bonafide
wavlm,despues,-21.0382,-32.6887,es,bonafide
wavlm,despues,-16.1407,-36.6983,es,bonafide
wavlm,despues,8.9408,-13.0600,es,bonafide
wavlm,despues,-12.4284,-20.0976,es,bonafide
wavlm,despues,-20.5819,-35.9684,es,bonafide
wavlm,despues,-21.8783,-42.3126,es,bonafide
wavlm,despues,-6.5592,-32.7547,es,bonafide
wavlm,despues,-5.0758,-36.9143,es,bonafide
wavlm,despues,-21.5198,-41.1835,es,bonafide
wavlm,despues,-13.5079,-39.4095,es,bonafide
wavlm,despues,-18.1697,-36.5795,es,bonafide
wavlm,despues,-17.9617,-38.2971,es,bonafide
wavlm,despues,-18.9364,-34.8768,es,bonafide
wavlm,despues,-19.4876,-36.3059,es,bonafide
wavlm,despues,-18.5352,-31.0815,es,bonafide
wavlm,despues,-10.7507,-27.4795,es,bonafide
wavlm,despues,-17.0289,-31.0607,es,bonafide
wavlm,despues,-12.8902,-23.8059,es,bonafide
wavlm,despues,-15.2154,-36.6324,es,bonafide
wavlm,despues,-4.8131,-35.7740,es,bonafide
wavlm,despues,-18.3247,-33.8516,es,bonafide
wavlm,despues,-4.6147,-36.3754,es,bonafide
wavlm,despues,-12.3111,-26.8948,es,bonafide
wavlm,despues,-22.5875,-41.0977,es,bonafide
wavlm,despues,-17.4348,-30.9820,es,bonafide
wavlm,despues,-18.8579,-31.4153,es,bonafide
wavlm,despues,-6.8284,2.3540,es,bonafide
wavlm,despues,-6.5908,-33.3438,es,bonafide
wavlm,despues,-0.3254,-36.3864,es,bonafide
wavlm,despues,-10.2052,-27.9406,es,bonafide
wavlm,despues,-16.7618,-38.6453,es,bonafide
wavlm,despues,-11.6960,-27.9408,es,bonafide
wavlm,despues,-7.9900,-30.8680,es,bonafide
wavlm,despues,-12.0309,-21.6247,es,bonafide
wavlm,despues,-14.5917,-24.2013,es,bonafide
wavlm,despues,-18.4687,-31.7417,es,bonafide
wavlm,despues,-14.9213,-36.7126,es,bonafide
wavlm,despues,-6.6005,-28.4414,es,bonafide
wavlm,despues,-15.5795,-37.1107,es,bonafide
wavlm,despues,-3.3621,-35.9585,es,bonafide
wavlm,despues,4.0332,-37.3839,es,bonafide
wavlm,despues,-18.1863,-35.8142,es,bonafide
wavlm,despues,-7.0918,-33.3598,es,bonafide
wavlm,despues,-13.3072,-23.2449,es,bonafide
wavlm,despues,-22.5996,-42.4478,es,bonafide
wavlm,despues,0.3085,-37.1300,es,bonafide
wavlm,despues,-16.5359,-37.0462,es,bonafide
wavlm,despues,-23.2720,-40.6831,es,bonafide
wavlm,despues,-6.6086,-28.1158,es,bonafide
wavlm,despues,-15.9255,-35.0118,es,bonafide
wavlm,despues,-22.2260,-40.8357,es,bonafide
wavlm,despues,-22.4653,-31.0274,es,bonafide
wavlm,despues,-18.5898,-29.9117,es,bonafide
wavlm,despues,-12.2058,-23.5650,es,bonafide
wavlm,despues,-4.4705,-11.3248,es,bonafide
wavlm,despues,-15.3621,-34.2818,es,bonafide
wavlm,despues,-14.9317,-37.5370,es,bonafide
wavlm,despues,-10.1185,-28.8556,es,bonafide
wavlm,despues,-16.3800,-38.3893,es,bonafide
wavlm,despues,-23.6503,-39.3437,es,bonafide
wavlm,despues,-15.5960,-36.3874,es,bonafide
wavlm,despues,-15.8266,-37.7147,es,bonafide
wavlm,despues,-15.1379,-37.9148,es,bonafide
wavlm,despues,-5.5547,-11.6917,es,bonafide
wavlm,despues,-13.4214,-24.1232,es,bonafide
wavlm,despues,-12.1362,-0.4236,es,bonafide
wavlm,despues,-6.7705,-35.2405,es,bonafide
wavlm,despues,-20.1893,-34.6644,es,bonafide
wavlm,despues,-5.0504,-30.4648,es,bonafide
wavlm,despues,-14.3921,-22.4436,es,bonafide
wavlm,despues,-10.8920,-27.8979,es,bonafide
wavlm,despues,-16.9994,-35.2350,es,bonafide
wavlm,despues,-19.7203,-32.8346,es,bonafide
wavlm,despues,-1.1433,-32.3504,es,spoof
wavlm,despues,-15.2325,-35.2818,es,spoof
wavlm,despues,-26.8069,-10.0839,es,spoof
wavlm,despues,-18.6367,-39.2670,es,spoof
wavlm,despues,-5.3661,-34.2479,es,spoof
wavlm,despues,-27.4725,-10.1508,es,spoof
wavlm,despues,-14.0754,-34.3008,es,spoof
wavlm,despues,-3.9954,-31.3078,es,spoof
wavlm,despues,-18.0685,-33.6376,es,spoof
wavlm,despues,-6.3660,-30.3490,es,spoof
wavlm,despues,-27.8161,-7.5621,es,spoof
wavlm,despues,-6.6072,-26.9080,es,spoof
wavlm,despues,-11.7979,-28.9610,es,spoof
wavlm,despues,-19.8514,-36.5789,es,spoof
wavlm,despues,5.2787,-34.9025,es,spoof
wavlm,despues,-12.0809,-24.1472,es,spoof
wavlm,despues,-0.3846,-37.6810,es,spoof
wavlm,despues,-9.2246,-23.9419,es,spoof
wavlm,despues,-2.4464,-33.5959,es,spoof
wavlm,despues,3.3984,-6.9741,es,spoof
wavlm,despues,-1.4303,-33.8541,es,spoof
wavlm,despues,-12.6506,-28.6344,es,spoof
wavlm,despues,-7.1101,-19.3480,es,spoof
wavlm,despues,-5.0733,-25.6990,es,spoof
wavlm,despues,-3.4826,-30.7337,es,spoof
wavlm,despues,-4.6418,-36.5424,es,spoof
wavlm,despues,-5.8587,-39.2808,es,spoof
wavlm,despues,-5.7571,-31.7660,es,spoof
wavlm,despues,-7.4332,-35.3319,es,spoof
wavlm,despues,-10.2040,-12.2615,es,spoof
wavlm,despues,-14.9528,-38.3851,es,spoof
wavlm,despues,-9.4140,-33.7621,es,spoof
wavlm,despues,-17.4762,-39.3747,es,spoof
wavlm,despues,-14.9313,-35.8486,es,spoof
wavlm,despues,-9.5253,-37.0917,es,spoof
wavlm,despues,-12.2594,-33.5896,es,spoof
wavlm,despues,-17.0764,-35.7130,es,spoof
wavlm,despues,-2.0919,-34.5757,es,spoof
wavlm,despues,-6.9003,-31.1101,es,spoof
wavlm,despues,-8.6362,-3.5063,es,spoof
wavlm,despues,-2.9574,-33.1009,es,spoof
wavlm,despues,-12.3966,-27.6775,es,spoof
wavlm,despues,-13.4830,-33.7951,es,spoof
wavlm,despues,-4.6477,-39.0124,es,spoof
wavlm,despues,-11.5805,-35.7433,es,spoof
wavlm,despues,-10.2733,-27.0768,es,spoof
wavlm,despues,-12.5676,-35.6678,es,spoof
wavlm,despues,-11.0814,-28.8882,es,spoof
wavlm,despues,-13.2673,-31.1397,es,spoof
wavlm,despues,-6.4346,-1.4394,es,spoof
wavlm,despues,-11.7879,-22.5157,es,spoof
wavlm,despues,-11.7045,-26.1388,es,spoof
wavlm,despues,-6.0432,-20.0193,es,spoof
wavlm,despues,-5.7333,-34.3293,es,spoof
wavlm,despues,-13.9481,-36.2804,es,spoof
wavlm,despues,-8.1164,-37.3832,es,spoof
wavlm,despues,-17.2942,-39.7453,es,spoof
wavlm,despues,-11.1370,-22.4780,es,spoof
wavlm,despues,-21.4879,-40.8997,es,spoof
wavlm,despues,-6.5469,-32.0334,es,spoof
wavlm,despues,-12.2353,-33.0302,es,spoof
wavlm,despues,-17.6176,-32.8689,es,spoof
wavlm,despues,-4.8901,-25.4098,es,spoof
wavlm,despues,-14.4947,-35.7575,es,spoof
wavlm,despues,-6.2602,-27.0168,es,spoof
wavlm,despues,-6.0130,-20.0853,es,spoof
wavlm,despues,-15.5163,-40.0650,es,spoof
wavlm,despues,-15.8113,-32.0725,es,spoof
wavlm,despues,-12.0251,-29.0634,es,spoof
wavlm,despues,-14.7684,-37.3570,es,spoof
wavlm,despues,-8.9284,-37.2484,es,spoof
wavlm,despues,-5.5879,-22.0032,es,spoof
wavlm,despues,-20.0579,-38.7913,es,spoof
wavlm,despues,-0.0288,-33.3065,es,spoof
wavlm,despues,-13.1391,-37.7608,es,spoof
wavlm,despues,-6.5606,-39.4043,es,spoof
wavlm,despues,3.1955,-7.5725,es,spoof
wavlm,despues,-14.2278,-37.4034,es,spoof
wavlm,despues,-15.8591,-35.7940,es,spoof
wavlm,despues,-14.5091,-32.6904,es,spoof
wavlm,despues,-13.2525,-34.9273,es,spoof
wavlm,despues,-13.1753,-31.2605,es,spoof
wavlm,despues,-16.7177,-40.9793,es,spoof
wavlm,despues,-4.0856,-29.8044,es,spoof
wavlm,despues,-4.0972,-35.4666,es,spoof
wavlm,despues,9.9667,-6.1820,es,spoof
wavlm,despues,-0.8362,-35.1987,es,spoof
wavlm,despues,2.3611,-36.4116,es,spoof
wavlm,despues,-6.9293,-39.4436,es,spoof
wavlm,despues,-5.4518,-38.3343,es,spoof
wavlm,despues,4.0929,-38.0171,es,spoof
wavlm,despues,2.2202,-36.3954,es,spoof
wavlm,despues,-12.1141,-37.0022,es,spoof
wavlm,despues,-9.4999,-32.7679,es,spoof
wavlm,despues,-18.5922,-39.7075,es,spoof
wavlm,despues,-1.8362,-34.3885,es,spoof
wavlm,despues,21.6024,15.4727,es,spoof
wavlm,despues,-13.2030,-33.1080,es,spoof
wavlm,despues,-19.2729,-35.2315,es,spoof
wavlm,despues,4.3191,-12.3315,es,spoof
wavlm,despues,-13.1756,-34.7423,es,spoof
wavlm,despues,-13.2322,-23.3873,es,spoof
wavlm,despues,7.3441,-19.5176,es,spoof
wavlm,despues,-13.5804,-38.9598,es,spoof
wavlm,despues,-6.7917,-37.1622,es,spoof
wavlm,despues,-5.4100,-33.7470,es,spoof
wavlm,despues,-0.6901,-34.9793,es,spoof
wavlm,despues,-4.3210,-34.2280,es,spoof
wavlm,despues,-18.3040,-27.1451,es,spoof
wavlm,despues,-15.6299,-32.6582,es,spoof
wavlm,despues,-2.7098,-34.6339,es,spoof
wavlm,despues,21.3313,15.1106,es,spoof
wavlm,despues,20.4448,8.0222,es,spoof
wavlm,despues,3.8203,-35.6100,es,spoof
wavlm,despues,-13.8164,-38.0792,es,spoof
wavlm,despues,-5.4668,-32.1794,es,spoof
wavlm,despues,-13.3479,-39.9696,es,spoof
wavlm,despues,-16.3102,-39.3563,es,spoof
wavlm,despues,-12.9299,-25.4223,es,spoof
wavlm,despues,-5.0817,-32.9639,es,spoof
wavlm,despues,-2.5029,-32.7920,es,spoof
wavlm,despues,3.7241,-32.8897,es,spoof
wavlm,despues,-11.7484,-21.2173,es,spoof
wavlm,despues,-7.1274,-35.4148,es,spoof
wavlm,despues,-12.9942,-24.8800,es,spoof
wavlm,despues,-5.2899,-7.9190,es,spoof
wavlm,despues,-11.9161,-23.6338,es,spoof
wavlm,despues,0.9021,-9.5134,es,spoof
wavlm,despues,-2.9554,-2.3787,es,spoof
wavlm,despues,-12.9369,-25.6351,es,spoof
wavlm,despues,-17.3547,-34.2897,es,spoof
wavlm,despues,-19.6607,-38.0514,es,spoof
wavlm,despues,-11.2476,-32.1150,es,spoof
wavlm,despues,3.8688,-37.3367,es,spoof
wavlm,despues,4.0632,-38.3006,es,spoof
wavlm,despues,-4.1778,-38.7948,es,spoof
wavlm,despues,-13.9572,-35.3336,es,spoof
wavlm,despues,-14.2782,-38.0825,es,spoof
wavlm,despues,-2.6483,-33.7226,es,spoof
wavlm,despues,-5.5653,-20.8829,es,spoof
wavlm,despues,-1.3607,-34.7085,es,spoof
wavlm,despues,-19.2490,-37.1046,es,spoof
wavlm,despues,-5.2138,-33.6571,es,spoof
wavlm,despues,-13.6355,-37.2138,es,spoof
wavlm,despues,-1.3806,-34.8146,es,spoof
wavlm,despues,-4.9817,-39.6464,es,spoof
wavlm,despues,-5.1239,-33.4601,es,spoof
wavlm,despues,-19.2637,-30.8775,es,spoof
wavlm,despues,-10.7537,-29.2681,es,spoof
wavlm,despues,-6.0472,-19.8965,es,spoof
wavlm,despues,46.1271,-12.5610,fr,bonafide
wavlm,despues,45.6751,-15.7870,fr,bonafide
wavlm,despues,46.2811,-9.7931,fr,bonafide
wavlm,despues,45.4552,0.8220,fr,bonafide
wavlm,despues,-14.1312,1.4037,fr,bonafide
wavlm,despues,40.8594,-16.7785,fr,bonafide
wavlm,despues,49.8368,-5.9162,fr,bonafide
wavlm,despues,45.1943,-8.8186,fr,bonafide
wavlm,despues,47.5866,-7.3092,fr,bonafide
wavlm,despues,47.0037,-8.3580,fr,bonafide
wavlm,despues,46.2426,-13.7107,fr,bonafide
wavlm,despues,45.6972,2.7296,fr,bonafide
wavlm,despues,44.2472,-17.3231,fr,bonafide
wavlm,despues,36.6087,-3.5690,fr,bonafide
wavlm,despues,40.7035,-5.5338,fr,bonafide
wavlm,despues,49.0841,-8.8152,fr,bonafide
wavlm,despues,42.3310,1.6655,fr,bonafide
wavlm,despues,46.4294,-13.8623,fr,bonafide
wavlm,despues,47.6323,-10.2298,fr,bonafide
wavlm,despues,53.7161,-7.3276,fr,bonafide
wavlm,despues,46.8867,2.7018,fr,bonafide
wavlm,despues,42.8888,-13.9928,fr,bonafide
wavlm,despues,36.2082,-10.1023,fr,bonafide
wavlm,despues,37.4003,-4.3324,fr,bonafide
wavlm,despues,44.0132,-14.3626,fr,bonafide
wavlm,despues,41.7042,-5.5293,fr,bonafide
wavlm,despues,51.5856,-14.0036,fr,bonafide
wavlm,despues,41.8508,2.4138,fr,bonafide
wavlm,despues,47.2204,2.1851,fr,bonafide
wavlm,despues,35.3988,-5.6779,fr,bonafide
wavlm,despues,44.3979,-4.9234,fr,bonafide
wavlm,despues,48.0301,-6.8741,fr,bonafide
wavlm,despues,43.8733,-16.1469,fr,bonafide
wavlm,despues,44.6820,-16.9551,fr,bonafide
wavlm,despues,48.4546,-13.0581,fr,bonafide
wavlm,despues,46.3543,-7.5853,fr,bonafide
wavlm,despues,48.8298,-9.5409,fr,bonafide
wavlm,despues,40.4471,-10.1004,fr,bonafide
wavlm,despues,45.7899,-16.7670,fr,bonafide
wavlm,despues,44.4142,-13.0607,fr,bonafide
wavlm,despues,46.2049,-9.1817,fr,bonafide
wavlm,despues,46.7292,-16.8373,fr,bonafide
wavlm,despues,38.3373,1.9814,fr,bonafide
wavlm,despues,46.9222,-9.0918,fr,bonafide
wavlm,despues,45.9613,-13.4677,fr,bonafide
wavlm,despues,48.7294,-9.7593,fr,bonafide
wavlm,despues,37.2474,-4.7002,fr,bonafide
wavlm,despues,46.3646,-7.0502,fr,bonafide
wavlm,despues,44.4956,-15.0046,fr,bonafide
wavlm,despues,42.8993,-4.6143,fr,bonafide
wavlm,despues,48.3057,-13.3481,fr,bonafide
wavlm,despues,10.1596,-11.8608,fr,bonafide
wavlm,despues,41.8828,-13.5121,fr,bonafide
wavlm,despues,51.1196,-10.8432,fr,bonafide
wavlm,despues,51.0314,-6.0486,fr,bonafide
wavlm,despues,51.3339,-12.3177,fr,bonafide
wavlm,despues,45.4949,-12.5960,fr,bonafide
wavlm,despues,42.0036,-5.5723,fr,bonafide
wavlm,despues,38.2015,1.9334,fr,bonafide
wavlm,despues,43.4534,-13.0837,fr,bonafide
wavlm,despues,50.6422,-5.9718,fr,bonafide
wavlm,despues,40.2165,-5.7097,fr,bonafide
wavlm,despues,38.2716,-6.1263,fr,bonafide
wavlm,despues,48.9362,-13.4384,fr,bonafide
wavlm,despues,49.3206,-7.4520,fr,bonafide
wavlm,despues,37.6198,-5.0773,fr,bonafide
wavlm,despues,44.3514,-14.3025,fr,bonafide
wavlm,despues,45.3759,-13.9099,fr,bonafide
wavlm,despues,44.8237,-8.9698,fr,bonafide
wavlm,despues,47.1680,-16.2647,fr,bonafide
wavlm,despues,41.9170,-15.4749,fr,bonafide
wavlm,despues,39.5750,-17.1111,fr,bonafide
wavlm,despues,44.9545,-11.1011,fr,bonafide
wavlm,despues,46.3738,-7.8389,fr,bonafide
wavlm,despues,45.1888,-12.5416,fr,bonafide
wavlm,despues,50.8058,-13.0410,fr,bonafide
wavlm,despues,36.7703,-4.3265,fr,bonafide
wavlm,despues,41.1517,-6.8816,fr,bonafide
wavlm,despues,43.1052,-14.2178,fr,bonafide
wavlm,despues,44.7296,-13.7821,fr,bonafide
wavlm,despues,46.4876,-14.9424,fr,bonafide
wavlm,despues,46.2289,-7.1030,fr,bonafide
wavlm,despues,47.3032,2.7389,fr,bonafide
wavlm,despues,45.7919,-9.9701,fr,bonafide
wavlm,despues,49.0839,-5.6638,fr,bonafide
wavlm,despues,37.5399,-4.5103,fr,bonafide
wavlm,despues,50.4355,-12.6823,fr,bonafide
wavlm,despues,46.6471,1.9756,fr,bonafide
wavlm,despues,42.0345,-4.6808,fr,bonafide
wavlm,despues,48.0690,-13.0716,fr,bonafide
wavlm,despues,42.9217,-11.0223,fr,bonafide
wavlm,despues,44.0123,-14.4605,fr,bonafide
wavlm,despues,16.7589,-0.5699,fr,bonafide
wavlm,despues,43.0747,0.9490,fr,bonafide
wavlm,despues,42.6987,-6.3551,fr,bonafide
wavlm,despues,48.5616,-8.3038,fr,bonafide
wavlm,despues,42.1753,-4.6095,fr,bonafide
wavlm,despues,49.7738,-11.2835,fr,bonafide
wavlm,despues,41.6472,-5.6719,fr,bonafide
wavlm,despues,51.8124,-14.3522,fr,bonafide
wavlm,despues,43.1042,-3.6386,fr,bonafide
wavlm,despues,50.0257,-6.0215,fr,bonafide
wavlm,despues,41.3275,-4.7862,fr,bonafide
wavlm,despues,42.2704,-15.6721,fr,bonafide
wavlm,despues,44.9609,2.8937,fr,bonafide
wavlm,despues,43.1927,-4.6365,fr,bonafide
wavlm,despues,44.4426,-13.5744,fr,bonafide
wavlm,despues,50.1748,-14.3469,fr,bonafide
wavlm,despues,35.3158,-3.4666,fr,bonafide
wavlm,despues,40.1073,-3.2410,fr,bonafide
wavlm,despues,47.0913,-9.2785,fr,bonafide
wavlm,despues,46.9037,-6.2631,fr,bonafide
wavlm,despues,46.5870,2.2502,fr,bonafide
wavlm,despues,45.9570,-14.3546,fr,bonafide
wavlm,despues,49.6739,-8.0444,fr,bonafide
wavlm,despues,41.6374,-5.3752,fr,bonafide
wavlm,despues,42.4402,-3.8737,fr,bonafide
wavlm,despues,49.7288,-6.5249,fr,bonafide
wavlm,despues,44.7588,-13.3044,fr,bonafide
wavlm,despues,48.9355,-6.8468,fr,bonafide
wavlm,despues,43.2293,-2.6944,fr,bonafide
wavlm,despues,50.4328,-6.5033,fr,bonafide
wavlm,despues,43.1239,-11.7790,fr,bonafide
wavlm,despues,47.3811,-18.6072,fr,bonafide
wavlm,despues,46.4019,2.5709,fr,bonafide
wavlm,despues,-14.4134,1.1367,fr,bonafide
wavlm,despues,46.0672,-10.2510,fr,bonafide
wavlm,despues,48.2353,-14.6830,fr,bonafide
wavlm,despues,37.9005,3.9421,fr,bonafide
wavlm,despues,40.8474,-5.5834,fr,bonafide
wavlm,despues,47.4153,-13.7686,fr,bonafide
wavlm,despues,52.3791,-4.2085,fr,bonafide
wavlm,despues,45.3132,0.5192,fr,bonafide
wavlm,despues,50.0252,-13.2455,fr,bonafide
wavlm,despues,43.6658,-4.1826,fr,bonafide
wavlm,despues,47.2680,-15.0671,fr,bonafide
wavlm,despues,38.1795,-5.8617,fr,bonafide
wavlm,despues,45.3184,-4.6609,fr,bonafide
wavlm,despues,47.3819,-18.5793,fr,bonafide
wavlm,despues,49.9165,-6.4274,fr,bonafide
wavlm,despues,51.1825,-6.4705,fr,bonafide
wavlm,despues,42.0087,-4.5634,fr,bonafide
wavlm,despues,-15.8549,1.3255,fr,bonafide
wavlm,despues,50.9824,-9.5103,fr,bonafide
wavlm,despues,47.5074,-15.7734,fr,bonafide
wavlm,despues,48.7224,-6.8299,fr,bonafide
wavlm,despues,38.6697,2.4645,fr,bonafide
wavlm,despues,11.7676,-3.9442,fr,bonafide
wavlm,despues,37.2740,-4.8788,fr,bonafide
wavlm,despues,46.8189,-7.4894,fr,bonafide
wavlm,despues,46.5691,-4.9758,fr,spoof
wavlm,despues,50.2300,-4.9491,fr,spoof
wavlm,despues,34.5565,-2.9011,fr,spoof
wavlm,despues,48.6383,-6.0827,fr,spoof
wavlm,despues,35.9798,-5.3861,fr,spoof
wavlm,despues,50.2747,-1.5700,fr,spoof
wavlm,despues,45.5905,-15.6065,fr,spoof
wavlm,despues,43.3725,-9.4917,fr,spoof
wavlm,despues,37.5466,-4.3537,fr,spoof
wavlm,despues,46.9647,-2.9032,fr,spoof
wavlm,despues,45.9059,-3.4359,fr,spoof
wavlm,despues,37.0151,-6.1013,fr,spoof
wavlm,despues,47.4769,2.8685,fr,spoof
wavlm,despues,39.6634,-4.2462,fr,spoof
wavlm,despues,46.4907,-0.6130,fr,spoof
wavlm,despues,47.0766,-7.3022,fr,spoof
wavlm,despues,50.2906,-0.7742,fr,spoof
wavlm,despues,47.9435,-16.2811,fr,spoof
wavlm,despues,34.9432,-8.9066,fr,spoof
wavlm,despues,47.9546,-5.5105,fr,spoof
wavlm,despues,44.8795,-15.4665,fr,spoof
wavlm,despues,40.6002,-7.4811,fr,spoof
wavlm,despues,43.0030,1.1432,fr,spoof
wavlm,despues,48.2147,-5.0953,fr,spoof
wavlm,despues,46.3604,1.4504,fr,spoof
wavlm,despues,49.1110,-4.7445,fr,spoof
wavlm,despues,47.4090,-0.7380,fr,spoof
wavlm,despues,49.1486,-11.3229,fr,spoof
wavlm,despues,37.0229,-8.9923,fr,spoof
wavlm,despues,41.0653,-8.4594,fr,spoof
wavlm,despues,50.3563,0.0609,fr,spoof
wavlm,despues,40.4060,-4.0465,fr,spoof
wavlm,despues,49.4911,-14.7880,fr,spoof
wavlm,despues,48.2729,-0.5223,fr,spoof
wavlm,despues,39.3896,-10.3439,fr,spoof
wavlm,despues,38.1673,-1.6741,fr,spoof
wavlm,despues,34.0013,-9.6079,fr,spoof
wavlm,despues,38.7599,-11.7773,fr,spoof
wavlm,despues,49.8906,-4.4162,fr,spoof
wavlm,despues,47.5056,0.0020,fr,spoof
wavlm,despues,41.1905,-6.9182,fr,spoof
wavlm,despues,49.5147,-2.0272,fr,spoof
wavlm,despues,45.1251,-8.6259,fr,spoof
wavlm,despues,42.5629,-16.6632,fr,spoof
wavlm,despues,42.6866,-10.9264,fr,spoof
wavlm,despues,39.4503,-2.7939,fr,spoof
wavlm,despues,47.3919,-12.6639,fr,spoof
wavlm,despues,38.1460,-10.4383,fr,spoof
wavlm,despues,39.7296,-3.0555,fr,spoof
wavlm,despues,48.6799,1.1729,fr,spoof
wavlm,despues,48.2417,-0.3241,fr,spoof
wavlm,despues,48.2344,-2.5282,fr,spoof
wavlm,despues,45.3519,-15.0809,fr,spoof
wavlm,despues,41.1375,-8.3043,fr,spoof
wavlm,despues,49.9802,-11.4211,fr,spoof
wavlm,despues,38.9710,-16.9693,fr,spoof
wavlm,despues,42.7360,-5.6264,fr,spoof
wavlm,despues,39.9161,-1.0598,fr,spoof
wavlm,despues,42.7219,5.9097,fr,spoof
wavlm,despues,48.6293,-2.3019,fr,spoof
wavlm,despues,47.3098,4.0472,fr,spoof
wavlm,despues,44.2377,-10.0044,fr,spoof
wavlm,despues,49.7255,-3.9577,fr,spoof
wavlm,despues,41.4144,-12.5558,fr,spoof
wavlm,despues,37.5845,-7.0832,fr,spoof
wavlm,despues,41.0104,-12.0635,fr,spoof
wavlm,despues,48.6083,-3.7519,fr,spoof
wavlm,despues,47.1829,-5.7828,fr,spoof
wavlm,despues,43.8613,-5.7099,fr,spoof
wavlm,despues,49.3747,-5.9723,fr,spoof
wavlm,despues,50.0114,-0.7626,fr,spoof
wavlm,despues,39.8205,-10.8936,fr,spoof
wavlm,despues,34.4106,-2.7888,fr,spoof
wavlm,despues,32.9655,-3.0921,fr,spoof
wavlm,despues,36.9990,-13.7529,fr,spoof
wavlm,despues,49.3398,-5.6426,fr,spoof
wavlm,despues,52.0129,-12.7534,fr,spoof
wavlm,despues,43.0914,-5.3919,fr,spoof
wavlm,despues,49.3921,0.4585,fr,spoof
wavlm,despues,49.9052,-0.8176,fr,spoof
wavlm,despues,43.2398,-1.1522,fr,spoof
wavlm,despues,39.2347,-1.6350,fr,spoof
wavlm,despues,41.9828,2.5206,fr,spoof
wavlm,despues,35.0585,-8.8801,fr,spoof
wavlm,despues,45.4880,-7.1281,fr,spoof
wavlm,despues,47.5706,-0.2530,fr,spoof
wavlm,despues,51.4986,-7.9692,fr,spoof
wavlm,despues,50.7911,-4.6933,fr,spoof
wavlm,despues,43.3473,-15.5207,fr,spoof
wavlm,despues,50.6939,0.5948,fr,spoof
wavlm,despues,48.7345,-15.2935,fr,spoof
wavlm,despues,38.7882,-1.5613,fr,spoof
wavlm,despues,45.0827,-7.3756,fr,spoof
wavlm,despues,38.3673,-13.7777,fr,spoof
wavlm,despues,51.8798,-5.4189,fr,spoof
wavlm,despues,40.4228,-12.7284,fr,spoof
wavlm,despues,41.9954,1.8735,fr,spoof
wavlm,despues,-12.7397,-19.1941,fr,spoof
wavlm,despues,41.1576,-3.6097,fr,spoof
wavlm,despues,34.5954,-9.0800,fr,spoof
wavlm,despues,40.8276,-14.4476,fr,spoof
wavlm,despues,50.1021,-1.6599,fr,spoof
wavlm,despues,40.7403,-2.9502,fr,spoof
wavlm,despues,45.7819,-1.2898,fr,spoof
wavlm,despues,41.7949,-4.0368,fr,spoof
wavlm,despues,40.5526,-2.2423,fr,spoof
wavlm,despues,48.2392,-7.1539,fr,spoof
wavlm,despues,37.8140,4.1052,fr,spoof
wavlm,despues,46.7963,-13.6123,fr,spoof
wavlm,despues,49.4193,0.1758,fr,spoof
wavlm,despues,46.4125,-5.9888,fr,spoof
wavlm,despues,48.1318,2.5408,fr,spoof
wavlm,despues,48.4206,-0.4221,fr,spoof
wavlm,despues,41.6535,1.7363,fr,spoof
wavlm,despues,45.5918,-13.5021,fr,spoof
wavlm,despues,-14.7055,-8.4608,fr,spoof
wavlm,despues,47.7417,-2.5519,fr,spoof
wavlm,despues,39.8034,-2.0315,fr,spoof
wavlm,despues,42.2338,-16.9031,fr,spoof
wavlm,despues,47.3464,-4.4226,fr,spoof
wavlm,despues,46.8875,1.7796,fr,spoof
wavlm,despues,42.5742,-9.1240,fr,spoof
wavlm,despues,52.4879,-3.5102,fr,spoof
wavlm,despues,46.0178,-14.8781,fr,spoof
wavlm,despues,36.6159,-13.8512,fr,spoof
wavlm,despues,46.7918,-2.9531,fr,spoof
wavlm,despues,40.5885,-14.7797,fr,spoof
wavlm,despues,40.7050,-1.7297,fr,spoof
wavlm,despues,36.2143,-13.9890,fr,spoof
wavlm,despues,38.0220,-10.4831,fr,spoof
wavlm,despues,51.6153,-2.9501,fr,spoof
wavlm,despues,51.4092,-8.1117,fr,spoof
wavlm,despues,2.2206,24.1536,fr,spoof
wavlm,despues,39.0639,-9.3502,fr,spoof
wavlm,despues,49.7517,1.7949,fr,spoof
wavlm,despues,43.0892,5.4979,fr,spoof
wavlm,despues,-15.4497,-8.2704,fr,spoof
wavlm,despues,43.3614,-2.9434,fr,spoof
wavlm,despues,48.6019,3.2820,fr,spoof
wavlm,despues,48.2699,-11.4932,fr,spoof
wavlm,despues,48.5036,1.0849,fr,spoof
wavlm,despues,43.4769,-3.9281,fr,spoof
wavlm,despues,50.2221,-2.4912,fr,spoof
wavlm,despues,41.0916,-11.5674,fr,spoof
wavlm,despues,37.1550,-9.7757,fr,spoof
wavlm,despues,43.4695,-5.0936,fr,spoof
wavlm,despues,50.5740,-12.3198,fr,spoof
wavlm,despues,38.5519,-10.4256,fr,spoof
wavlm,despues,50.9798,-12.8663,fr,spoof
wavlm,despues,47.5630,0.4414,fr,spoof
wavlm,despues,12.5964,-23.7145,it,bonafide
wavlm,despues,0.2427,-27.6057,it,bonafide
wavlm,despues,1.7297,-24.9616,it,bonafide
wavlm,despues,3.6888,-22.3910,it,bonafide
wavlm,despues,4.9236,-21.8034,it,bonafide
wavlm,despues,8.3300,-30.1844,it,bonafide
wavlm,despues,11.5953,-24.5958,it,bonafide
wavlm,despues,2.2745,-21.1046,it,bonafide
wavlm,despues,10.3983,-28.5857,it,bonafide
wavlm,despues,5.8510,-16.0260,it,bonafide
wavlm,despues,8.9580,-23.1493,it,bonafide
wavlm,despues,3.4886,-26.5655,it,bonafide
wavlm,despues,9.6306,-30.4755,it,bonafide
wavlm,despues,2.9601,-24.1628,it,bonafide
wavlm,despues,10.5865,-29.4092,it,bonafide
wavlm,despues,4.8132,-27.2617,it,bonafide
wavlm,despues,3.7198,-21.0044,it,bonafide
wavlm,despues,5.8699,-22.3020,it,bonafide
wavlm,despues,5.5638,-25.1283,it,bonafide
wavlm,despues,7.0017,-26.3210,it,bonafide
wavlm,despues,8.4728,-14.5046,it,bonafide
wavlm,despues,8.7814,-24.3512,it,bonafide
wavlm,despues,0.4806,-21.5749,it,bonafide
wavlm,despues,9.2055,-26.8297,it,bonafide
wavlm,despues,-0.1710,-19.9556,it,bonafide
wavlm,despues,9.7307,-31.7622,it,bonafide
wavlm,despues,-0.6902,-24.5771,it,bonafide
wavlm,despues,6.1590,-29.6669,it,bonafide
wavlm,despues,0.6306,-27.4654,it,bonafide
wavlm,despues,4.7649,-20.4334,it,bonafide
wavlm,despues,6.7043,-22.0954,it,bonafide
wavlm,despues,3.7122,-29.1407,it,bonafide
wavlm,despues,2.7826,-23.6523,it,bonafide
wavlm,despues,8.9494,-18.6232,it,bonafide
wavlm,despues,8.1114,-23.1970,it,bonafide
wavlm,despues,10.1750,-28.9625,it,bonafide
wavlm,despues,7.3865,-29.6378,it,bonafide
wavlm,despues,7.2520,-26.3901,it,bonafide
wavlm,despues,12.7221,-20.9244,it,bonafide
wavlm,despues,2.2914,-25.7773,it,bonafide
wavlm,despues,4.8378,-27.8210,it,bonafide
wavlm,despues,-5.0169,-8.1667,it,bonafide
wavlm,despues,12.9193,-17.1802,it,bonafide
wavlm,despues,3.6300,-25.6879,it,bonafide
wavlm,despues,2.0072,-27.9163,it,bonafide
wavlm,despues,1.3471,-27.7410,it,bonafide
wavlm,despues,11.5428,-24.8593,it,bonafide
wavlm,despues,11.9517,-29.0119,it,bonafide
wavlm,despues,-1.5886,-22.8525,it,bonafide
wavlm,despues,4.8446,-25.8455,it,bonafide
wavlm,despues,4.2393,-26.9708,it,bonafide
wavlm,despues,9.0329,-24.5103,it,bonafide
wavlm,despues,11.6563,-29.0188,it,bonafide
wavlm,despues,7.8089,-17.0274,it,bonafide
wavlm,despues,-2.6559,-25.8923,it,bonafide
wavlm,despues,10.7660,-29.9215,it,bonafide
wavlm,despues,4.4792,-19.2634,it,bonafide
wavlm,despues,0.0018,-20.2863,it,bonafide
wavlm,despues,5.1280,-29.1329,it,bonafide
wavlm,despues,4.8446,-21.8520,it,bonafide
wavlm,despues,4.6448,-24.4303,it,bonafide
wavlm,despues,7.2347,-24.9640,it,bonafide
wavlm,despues,8.2714,-29.4643,it,bonafide
wavlm,despues,3.3571,-25.8589,it,bonafide
wavlm,despues,6.6009,-25.9337,it,bonafide
wavlm,despues,10.0368,-24.7754,it,bonafide
wavlm,despues,9.9335,-25.2811,it,bonafide
wavlm,despues,8.0426,-17.5797,it,bonafide
wavlm,despues,8.7827,-29.2883,it,bonafide
wavlm,despues,5.4393,-24.1483,it,bonafide
wavlm,despues,8.0079,-22.3696,it,bonafide
wavlm,despues,5.5594,-16.8770,it,bonafide
wavlm,despues,-12.0087,1.1124,it,bonafide
wavlm,despues,10.2466,-12.3993,it,bonafide
wavlm,despues,8.2072,-28.6223,it,bonafide
wavlm,despues,13.8380,-29.6406,it,bonafide
wavlm,despues,11.5517,-28.3983,it,bonafide
wavlm,despues,-12.0621,1.1227,it,bonafide
wavlm,despues,11.4181,-32.3951,it,bonafide
wavlm,despues,3.3319,-27.9689,it,bonafide
wavlm,despues,2.5855,-23.8593,it,bonafide
wavlm,despues,1.0936,-25.0635,it,bonafide
wavlm,despues,8.4743,-26.6271,it,bonafide
wavlm,despues,6.3449,-26.1359,it,bonafide
wavlm,despues,8.5646,-14.2189,it,bonafide
wavlm,despues,8.7978,-22.7512,it,bonafide
wavlm,despues,5.1696,-16.4048,it,bonafide
wavlm,despues,2.9031,-20.9784,it,bonafide
wavlm,despues,6.6298,-22.1676,it,bonafide
wavlm,despues,6.3823,-28.1140,it,bonafide
wavlm,despues,3.5862,-25.0495,it,bonafide
wavlm,despues,7.2454,-27.5894,it,bonafide
wavlm,despues,9.7113,-26.1806,it,bonafide
wavlm,despues,2.9740,-22.9986,it,bonafide
wavlm,despues,6.0760,-25.8388,it,bonafide
wavlm,despues,9.6301,-30.2300,it,bonafide
wavlm,despues,11.3966,-32.6365,it,bonafide
wavlm,despues,8.7078,-22.0120,it,bonafide
wavlm,despues,11.8892,-28.7548,it,bonafide
wavlm,despues,4.3784,-23.5488,it,bonafide
wavlm,despues,3.0440,-24.3770,it,bonafide
wavlm,despues,10.4669,-20.9274,it,bonafide
wavlm,despues,11.2320,-16.1647,it,bonafide
wavlm,despues,2.1362,-29.3350,it,bonafide
wavlm,despues,-2.6459,-25.8746,it,bonafide
wavlm,despues,13.7503,-29.6908,it,bonafide
wavlm,despues,8.7928,-14.0003,it,bonafide
wavlm,despues,9.8468,-30.4370,it,bonafide
wavlm,despues,9.8283,-18.2632,it,bonafide
wavlm,despues,1.2068,-25.2075,it,bonafide
wavlm,despues,5.2254,-28.3113,it,bonafide
wavlm,despues,11.6125,-31.6872,it,bonafide
wavlm,despues,1.9013,-26.7573,it,bonafide
wavlm,despues,5.2800,-24.9875,it,bonafide
wavlm,despues,10.1620,-27.6518,it,bonafide
wavlm,despues,4.7579,-28.2294,it,bonafide
wavlm,despues,9.7046,-25.2499,it,bonafide
wavlm,despues,9.3730,-26.6066,it,bonafide
wavlm,despues,12.9829,-17.1534,it,bonafide
wavlm,despues,5.6222,-24.4951,it,bonafide
wavlm,despues,8.3034,-14.9152,it,bonafide
wavlm,despues,0.6850,-25.1877,it,bonafide
wavlm,despues,2.6492,-21.3193,it,bonafide
wavlm,despues,1.8007,-30.0441,it,bonafide
wavlm,despues,7.5101,-24.8363,it,bonafide
wavlm,despues,8.2425,-21.8718,it,bonafide
wavlm,despues,0.5818,-27.4830,it,bonafide
wavlm,despues,5.2730,-15.6876,it,bonafide
wavlm,despues,9.1130,-17.5106,it,bonafide
wavlm,despues,-4.4559,-8.4504,it,bonafide
wavlm,despues,10.1073,-24.0019,it,bonafide
wavlm,despues,1.2860,-24.6118,it,bonafide
wavlm,despues,1.9019,-19.2312,it,bonafide
wavlm,despues,10.6622,-30.2885,it,bonafide
wavlm,despues,12.8416,-28.5096,it,bonafide
wavlm,despues,12.7075,-28.0814,it,bonafide
wavlm,despues,8.4372,-28.8452,it,bonafide
wavlm,despues,8.6834,-25.9440,it,bonafide
wavlm,despues,8.2000,-24.4126,it,bonafide
wavlm,despues,4.6040,-25.8642,it,bonafide
wavlm,despues,2.8840,-23.9917,it,bonafide
wavlm,despues,7.9826,-27.1062,it,bonafide
wavlm,despues,8.1143,-21.9798,it,bonafide
wavlm,despues,6.0295,-20.0552,it,bonafide
wavlm,despues,10.8263,-21.0141,it,bonafide
wavlm,despues,14.2888,-24.6813,it,bonafide
wavlm,despues,-1.5878,-22.8896,it,bonafide
wavlm,despues,5.5042,-26.4566,it,bonafide
wavlm,despues,9.2082,-18.3561,it,bonafide
wavlm,despues,10.6315,-26.7419,it,bonafide
wavlm,despues,-0.8990,-13.1208,it,spoof
wavlm,despues,4.2379,-18.3729,it,spoof
wavlm,despues,16.7257,-25.0566,it,spoof
wavlm,despues,15.3231,-28.9790,it,spoof
wavlm,despues,1.0505,-24.3113,it,spoof
wavlm,despues,12.0300,-22.6103,it,spoof
wavlm,despues,15.8326,-18.9524,it,spoof
wavlm,despues,3.9648,-27.9847,it,spoof
wavlm,despues,12.1907,-20.2725,it,spoof
wavlm,despues,-3.5726,-16.1480,it,spoof
wavlm,despues,-29.1226,29.7132,it,spoof
wavlm,despues,11.6309,-17.1430,it,spoof
wavlm,despues,1.3970,-13.7019,it,spoof
wavlm,despues,13.1984,-20.6065,it,spoof
wavlm,despues,7.1341,-30.0901,it,spoof
wavlm,despues,4.8476,-27.6633,it,spoof
wavlm,despues,1.6336,-12.3255,it,spoof
wavlm,despues,5.1669,-30.9688,it,spoof
wavlm,despues,9.3279,-27.7118,it,spoof
wavlm,despues,-2.6228,-17.6802,it,spoof
wavlm,despues,-0.2352,-12.6317,it,spoof
wavlm,despues,17.1243,-23.4902,it,spoof
wavlm,despues,2.4144,-13.5510,it,spoof
wavlm,despues,2.3261,-22.9649,it,spoof
wavlm,despues,18.0088,-22.3213,it,spoof
wavlm,despues,6.8008,-33.8536,it,spoof
wavlm,despues,5.5950,-18.2158,it,spoof
wavlm,despues,2.2069,-18.1470,it,spoof
wavlm,despues,11.9437,-26.2076,it,spoof
wavlm,despues,13.1927,-24.7172,it,spoof
wavlm,despues,-4.1892,-16.5177,it,spoof
wavlm,despues,2.3163,-12.9535,it,spoof
wavlm,despues,12.0211,-25.3915,it,spoof
wavlm,despues,16.0391,-18.1710,it,spoof
wavlm,despues,16.1215,-27.0037,it,spoof
wavlm,despues,11.5182,-24.1134,it,spoof
wavlm,despues,2.4219,-21.9322,it,spoof
wavlm,despues,-2.9302,-18.0962,it,spoof
wavlm,despues,0.7008,-22.7776,it,spoof
wavlm,despues,-27.5197,-9.5859,it,spoof
wavlm,despues,-0.2885,-16.9635,it,spoof
wavlm,despues,7.5861,-28.1936,it,spoof
wavlm,despues,6.1600,-28.0856,it,spoof
wavlm,despues,2.3355,-13.4958,it,spoof
wavlm,despues,-1.0084,-12.9475,it,spoof
wavlm,despues,6.8441,-33.7598,it,spoof
wavlm,despues,17.8394,-22.6482,it,spoof
wavlm,despues,12.9289,-21.2693,it,spoof
wavlm,despues,-4.8255,-19.5705,it,spoof
wavlm,despues,4.4568,-33.3493,it,spoof
wavlm,despues,13.2240,-22.4095,it,spoof
wavlm,despues,11.0181,-27.0083,it,spoof
wavlm,despues,11.8574,-18.8430,it,spoof
wavlm,despues,18.2961,-22.0406,it,spoof
wavlm,despues,11.0383,-25.9213,it,spoof
wavlm,despues,12.9173,-7.5721,it,spoof
wavlm,despues,13.4384,-25.7692,it,spoof
wavlm,despues,6.8691,-23.8141,it,spoof
wavlm,despues,7.1594,-23.8360,it,spoof
wavlm,despues,4.7240,-15.3665,it,spoof
wavlm,despues,14.6929,-26.2556,it,spoof
wavlm,despues,-16.8558,-6.9613,it,spoof
wavlm,despues,3.6185,-30.2315,it,spoof
wavlm,despues,6.7813,-22.4394,it,spoof
wavlm,despues,6.7864,-30.7691,it,spoof
wavlm,despues,3.9288,-22.7408,it,spoof
wavlm,despues,-0.4593,-28.9962,it,spoof
wavlm,despues,6.0440,-21.2211,it,spoof
wavlm,despues,11.1169,-27.5977,it,spoof
wavlm,despues,-0.7532,-14.2866,it,spoof
wavlm,despues,10.3242,-25.8950,it,spoof
wavlm,despues,0.9169,-9.6306,it,spoof
wavlm,despues,-4.2988,-16.1318,it,spoof
wavlm,despues,12.9321,-21.2200,it,spoof
wavlm,despues,6.8444,-33.8635,it,spoof
wavlm,despues,-4.7805,-15.9375,it,spoof
wavlm,despues,3.1215,-23.2948,it,spoof
wavlm,despues,-3.6782,-18.5377,it,spoof
wavlm,despues,9.7456,-23.3432,it,spoof
wavlm,despues,2.1802,-18.5233,it,spoof
wavlm,despues,7.8233,-20.3144,it,spoof
wavlm,despues,16.0589,-24.7950,it,spoof
wavlm,despues,2.9308,-16.6947,it,spoof
wavlm,despues,-4.6005,-17.4717,it,spoof
wavlm,despues,15.8155,-19.0352,it,spoof
wavlm,despues,-10.2452,-13.8785,it,spoof
wavlm,despues,-4.5061,-24.7710,it,spoof
wavlm,despues,4.4300,-17.1972,it,spoof
wavlm,despues,4.6615,-23.5763,it,spoof
wavlm,despues,13.5094,-22.7738,it,spoof
wavlm,despues,13.9044,-21.9095,it,spoof
wavlm,despues,9.0673,-19.1378,it,spoof
wavlm,despues,14.9998,-22.3318,it,spoof
wavlm,despues,0.0074,-13.8153,it,spoof
wavlm,despues,-0.1009,-13.6721,it,spoof
wavlm,despues,-0.2830,-13.3607,it,spoof
wavlm,despues,7.5559,-19.8812,it,spoof
wavlm,despues,-1.3027,-17.5515,it,spoof
wavlm,despues,12.0526,-23.3121,it,spoof
wavlm,despues,6.4745,-34.4680,it,spoof
wavlm,despues,-2.6108,-17.5744,it,spoof
wavlm,despues,0.3593,-34.1850,it,spoof
wavlm,despues,16.9034,-20.5263,it,spoof
wavlm,despues,10.9143,-21.5540,it,spoof
wavlm,despues,0.7753,-22.9604,it,spoof
wavlm,despues,17.4265,-25.1412,it,spoof
wavlm,despues,-4.5301,-17.4338,it,spoof
wavlm,despues,16.9578,-20.7026,it,spoof
wavlm,despues,16.9149,-20.2501,it,spoof
wavlm,despues,0.3759,-20.7420,it,spoof
wavlm,despues,-0.7125,-17.3777,it,spoof
wavlm,despues,11.6282,-30.4052,it,spoof
wavlm,despues,14.6086,-23.5862,it,spoof
wavlm,despues,2.8611,-16.6152,it,spoof
wavlm,despues,4.4124,-19.1529,it,spoof
wavlm,despues,4.3170,-15.5156,it,spoof
wavlm,despues,12.5640,-21.3232,it,spoof
wavlm,despues,11.2461,-20.3439,it,spoof
wavlm,despues,-3.8685,-16.4002,it,spoof
wavlm,despues,13.2564,-26.0090,it,spoof
wavlm,despues,0.6780,-17.8624,it,spoof
wavlm,despues,0.4201,-21.8169,it,spoof
wavlm,despues,3.7898,-29.3896,it,spoof
wavlm,despues,14.2591,-27.4577,it,spoof
wavlm,despues,0.3382,-24.1783,it,spoof
wavlm,despues,-3.7873,-16.4412,it,spoof
wavlm,despues,-1.6086,-21.1597,it,spoof
wavlm,despues,16.5832,-23.8868,it,spoof
wavlm,despues,12.1103,-24.1770,it,spoof
wavlm,despues,6.5452,-34.2404,it,spoof
wavlm,despues,-0.2901,-13.4215,it,spoof
wavlm,despues,10.2571,-22.3536,it,spoof
wavlm,despues,13.2693,-26.8096,it,spoof
wavlm,despues,7.4116,-31.0946,it,spoof
wavlm,despues,-0.5858,-13.4574,it,spoof
wavlm,despues,17.9075,-22.4701,it,spoof
wavlm,despues,-0.7219,-13.2642,it,spoof
wavlm,despues,-3.4200,-18.5440,it,spoof
wavlm,despues,3.5214,-27.3011,it,spoof
wavlm,despues,0.4483,-22.8947,it,spoof
wavlm,despues,1.5375,-15.3311,it,spoof
wavlm,despues,5.8821,-18.9422,it,spoof
wavlm,despues,12.2126,-23.9832,it,spoof
wavlm,despues,6.9134,-33.6761,it,spoof
wavlm,despues,16.3240,-24.7168,it,spoof
wavlm,despues,2.8200,-19.1135,it,spoof
wavlm,despues,11.8264,-18.5515,it,spoof
wavlm,despues,3.0340,-14.1290,it,spoof
wavlm,despues,-0.3568,-21.9467,it,spoof
wavlm,despues,-24.0942,38.9727,it,spoof
wavlm,despues,7.4792,37.7987,pl,bonafide
wavlm,despues,9.5751,38.5180,pl,bonafide
wavlm,despues,12.6663,39.5136,pl,bonafide
wavlm,despues,20.4334,24.2112,pl,bonafide
wavlm,despues,7.8937,37.2987,pl,bonafide
wavlm,despues,22.7400,26.2220,pl,bonafide
wavlm,despues,22.1824,25.3205,pl,bonafide
wavlm,despues,7.3471,32.5154,pl,bonafide
wavlm,despues,9.1432,36.4424,pl,bonafide
wavlm,despues,10.9681,37.8499,pl,bonafide
wavlm,despues,7.0501,39.4608,pl,bonafide
wavlm,despues,9.1471,39.7832,pl,bonafide
wavlm,despues,9.9498,36.6530,pl,bonafide
wavlm,despues,20.8297,23.6757,pl,bonafide
wavlm,despues,-12.4784,1.8363,pl,bonafide
wavlm,despues,22.6814,23.3036,pl,bonafide
wavlm,despues,-8.8297,-3.3708,pl,bonafide
wavlm,despues,7.4874,40.5069,pl,bonafide
wavlm,despues,7.9212,36.7614,pl,bonafide
wavlm,despues,4.0269,37.6098,pl,bonafide
wavlm,despues,18.7432,28.5852,pl,bonafide
wavlm,despues,24.6378,27.7887,pl,bonafide
wavlm,despues,19.3515,27.7463,pl,bonafide
wavlm,despues,10.1452,37.9624,pl,bonafide
wavlm,despues,23.0805,25.6323,pl,bonafide
wavlm,despues,4.9408,40.1295,pl,bonafide
wavlm,despues,7.6771,30.7079,pl,bonafide
wavlm,despues,27.2793,17.8400,pl,bonafide
wavlm,despues,21.0829,24.7174,pl,bonafide
wavlm,despues,23.8509,24.7045,pl,bonafide
wavlm,despues,6.9244,37.8920,pl,bonafide
wavlm,despues,19.6599,23.9642,pl,bonafide
wavlm,despues,8.2008,37.7798,pl,bonafide
wavlm,despues,9.7511,-10.7626,pl,bonafide
wavlm,despues,9.4994,36.2999,pl,bonafide
wavlm,despues,22.5865,27.4550,pl,bonafide
wavlm,despues,10.8339,34.7380,pl,bonafide
wavlm,despues,9.4362,40.7232,pl,bonafide
wavlm,despues,24.1992,24.2642,pl,bonafide
wavlm,despues,8.2019,31.7446,pl,bonafide
wavlm,despues,10.5268,41.4510,pl,bonafide
wavlm,despues,20.1911,26.8748,pl,bonafide
wavlm,despues,8.4767,30.5405,pl,bonafide
wavlm,despues,24.3036,25.0689,pl,bonafide
wavlm,despues,12.1299,39.3250,pl,bonafide
wavlm,despues,21.9840,24.9906,pl,bonafide
wavlm,despues,24.4817,26.5759,pl,bonafide
wavlm,despues,9.8898,39.7143,pl,bonafide
wavlm,despues,7.9357,33.5667,pl,bonafide
wavlm,despues,22.1411,25.4343,pl,bonafide
wavlm,despues,21.1306,23.5974,pl,bonafide
wavlm,despues,23.0790,25.5058,pl,bonafide
wavlm,despues,22.1361,23.5014,pl,bonafide
wavlm,despues,8.8892,37.6549,pl,bonafide
wavlm,despues,22.4958,27.2401,pl,bonafide
wavlm,despues,23.2530,24.2336,pl,bonafide
wavlm,despues,9.0367,39.1859,pl,bonafide
wavlm,despues,6.8010,40.5743,pl,bonafide
wavlm,despues,7.7248,38.8252,pl,bonafide
wavlm,despues,10.1002,37.8742,pl,bonafide
wavlm,despues,10.2363,37.2058,pl,bonafide
wavlm,despues,4.4994,36.4143,pl,bonafide
wavlm,despues,10.4362,39.8603,pl,bonafide
wavlm,despues,7.8347,33.1608,pl,bonafide
wavlm,despues,24.8523,25.5476,pl,bonafide
wavlm,despues,20.6565,27.4427,pl,bonafide
wavlm,despues,19.9781,25.1733,pl,bonafide
wavlm,despues,19.7292,21.9908,pl,bonafide
wavlm,despues,22.4915,23.1474,pl,bonafide
wavlm,despues,21.4920,27.3510,pl,bonafide
wavlm,despues,5.5349,37.0675,pl,bonafide
wavlm,despues,7.6935,34.3924,pl,bonafide
wavlm,despues,8.0598,39.7753,pl,bonafide
wavlm,despues,8.7070,34.1692,pl,bonafide
wavlm,despues,6.8565,38.7714,pl,bonafide
wavlm,despues,-11.5674,3.0780,pl,bonafide
wavlm,despues,20.7552,22.8409,pl,bonafide
wavlm,despues,9.7037,39.4293,pl,bonafide
wavlm,despues,7.4544,40.9208,pl,bonafide
wavlm,despues,21.1519,27.3126,pl,bonafide
wavlm,despues,8.4394,36.2429,pl,bonafide
wavlm,despues,4.7508,37.2988,pl,bonafide
wavlm,despues,9.1638,38.4611,pl,bonafide
wavlm,despues,22.5323,27.9687,pl,bonafide
wavlm,despues,24.0294,20.2512,pl,bonafide
wavlm,despues,22.5623,23.9566,pl,bonafide
wavlm,despues,7.1769,38.9182,pl,bonafide
wavlm,despues,11.0208,38.8190,pl,bonafide
wavlm,despues,9.6713,36.4301,pl,bonafide
wavlm,despues,6.9479,31.0938,pl,bonafide
wavlm,despues,21.6545,23.3827,pl,bonafide
wavlm,despues,21.5068,26.2592,pl,bonafide
wavlm,despues,8.7769,35.7298,pl,bonafide
wavlm,despues,2.9923,37.4948,pl,bonafide
wavlm,despues,21.7441,24.0525,pl,bonafide
wavlm,despues,7.1549,35.4905,pl,bonafide
wavlm,despues,8.2497,38.3958,pl,bonafide
wavlm,despues,5.4528,40.0881,pl,bonafide
wavlm,despues,20.3735,26.2226,pl,bonafide
wavlm,despues,8.7791,37.5505,pl,bonafide
wavlm,despues,9.7570,35.8632,pl,bonafide
wavlm,despues,19.5024,27.1656,pl,bonafide
wavlm,despues,9.4153,38.6723,pl,bonafide
wavlm,despues,9.7550,37.1650,pl,bonafide
wavlm,despues,8.1521,39.4872,pl,bonafide
wavlm,despues,20.3450,26.2013,pl,bonafide
wavlm,despues,6.9607,36.8444,pl,bonafide
wavlm,despues,8.0486,35.5522,pl,bonafide
wavlm,despues,12.5018,40.6617,pl,bonafide
wavlm,despues,21.9533,25.5271,pl,bonafide
wavlm,despues,20.7244,23.6942,pl,bonafide
wavlm,despues,23.6023,19.2973,pl,bonafide
wavlm,despues,-4.0217,23.3158,pl,bonafide
wavlm,despues,8.8194,38.1312,pl,bonafide
wavlm,despues,7.6136,36.3879,pl,bonafide
wavlm,despues,20.1657,22.9495,pl,bonafide
wavlm,despues,4.5880,37.2750,pl,bonafide
wavlm,despues,6.6509,32.3714,pl,bonafide
wavlm,despues,18.8287,25.2492,pl,bonafide
wavlm,despues,4.9651,37.4690,pl,bonafide
wavlm,despues,11.7970,36.6722,pl,bonafide
wavlm,despues,20.0624,24.5715,pl,bonafide
wavlm,despues,22.4523,24.9334,pl,bonafide
wavlm,despues,6.5164,36.0007,pl,bonafide
wavlm,despues,20.8464,23.7510,pl,bonafide
wavlm,despues,9.5953,41.7113,pl,bonafide
wavlm,despues,21.0945,27.9710,pl,bonafide
wavlm,despues,21.6781,26.2197,pl,bonafide
wavlm,despues,19.1172,24.1725,pl,bonafide
wavlm,despues,11.8833,38.8103,pl,bonafide
wavlm,despues,22.7961,23.8787,pl,bonafide
wavlm,despues,10.1963,38.9431,pl,bonafide
wavlm,despues,7.6729,37.4400,pl,bonafide
wavlm,despues,9.2445,37.1399,pl,bonafide
wavlm,despues,3.3922,37.5760,pl,bonafide
wavlm,despues,9.0304,41.4241,pl,bonafide
wavlm,despues,9.2441,37.9036,pl,bonafide
wavlm,despues,21.3062,24.0532,pl,bonafide
wavlm,despues,21.7613,24.8449,pl,bonafide
wavlm,despues,-16.0758,1.3310,pl,bonafide
wavlm,despues,10.0280,37.1790,pl,bonafide
wavlm,despues,9.6782,35.5293,pl,bonafide
wavlm,despues,20.9121,25.8395,pl,bonafide
wavlm,despues,18.5715,28.6872,pl,bonafide
wavlm,despues,4.6276,37.9485,pl,bonafide
wavlm,despues,10.7488,37.4528,pl,bonafide
wavlm,despues,6.3750,35.5978,pl,bonafide
wavlm,despues,5.4725,38.7457,pl,bonafide
wavlm,despues,4.1469,38.6639,pl,bonafide
wavlm,despues,20.1808,24.1740,pl,bonafide
wavlm,despues,12.9348,39.5304,pl,spoof
wavlm,despues,12.9443,24.7981,pl,spoof
wavlm,despues,11.8461,15.9545,pl,spoof
wavlm,despues,14.0379,31.4480,pl,spoof
wavlm,despues,27.2933,21.4579,pl,spoof
wavlm,despues,11.2823,37.3574,pl,spoof
wavlm,despues,24.0435,14.9538,pl,spoof
wavlm,despues,12.1129,21.9369,pl,spoof
wavlm,despues,21.7595,22.9040,pl,spoof
wavlm,despues,13.5733,19.2338,pl,spoof
wavlm,despues,-16.1320,-7.9377,pl,spoof
wavlm,despues,19.1722,20.8244,pl,spoof
wavlm,despues,21.4554,22.0641,pl,spoof
wavlm,despues,5.5551,34.8552,pl,spoof
wavlm,despues,6.1108,19.8808,pl,spoof
wavlm,despues,16.7622,16.4362,pl,spoof
wavlm,despues,17.5006,22.3601,pl,spoof
wavlm,despues,10.0431,34.7265,pl,spoof
wavlm,despues,-16.5308,-7.4609,pl,spoof
wavlm,despues,8.1934,23.0116,pl,spoof
wavlm,despues,15.9767,24.3393,pl,spoof
wavlm,despues,13.8489,24.7872,pl,spoof
wavlm,despues,-36.4291,3.0367,pl,spoof
wavlm,despues,13.9147,34.9912,pl,spoof
wavlm,despues,14.6176,26.3564,pl,spoof
wavlm,despues,21.0811,21.4174,pl,spoof
wavlm,despues,-8.2041,-3.3608,pl,spoof
wavlm,despues,25.6058,21.2018,pl,spoof
wavlm,despues,10.3636,36.1738,pl,spoof
wavlm,despues,10.9660,21.6393,pl,spoof
wavlm,despues,16.9684,23.7376,pl,spoof
wavlm,despues,22.8404,29.7328,pl,spoof
wavlm,despues,17.5298,26.9706,pl,spoof
wavlm,despues,23.9626,22.6290,pl,spoof
wavlm,despues,16.0250,18.2892,pl,spoof
wavlm,despues,22.1807,16.6453,pl,spoof
wavlm,despues,7.2171,32.8287,pl,spoof
wavlm,despues,22.9249,22.4324,pl,spoof
wavlm,despues,15.3191,26.9144,pl,spoof
wavlm,despues,9.2787,20.2760,pl,spoof
wavlm,despues,12.1862,37.2950,pl,spoof
wavlm,despues,15.1849,19.4599,pl,spoof
wavlm,despues,14.0047,21.9807,pl,spoof
wavlm,despues,22.2128,19.4361,pl,spoof
wavlm,despues,25.0794,28.0373,pl,spoof
wavlm,despues,17.4068,18.0160,pl,spoof
wavlm,despues,14.1142,25.1098,pl,spoof
wavlm,despues,10.9023,36.0664,pl,spoof
wavlm,despues,20.7770,20.8803,pl,spoof
wavlm,despues,12.1560,33.0149,pl,spoof
wavlm,despues,16.9809,24.9561,pl,spoof
wavlm,despues,25.6712,13.9692,pl,spoof
wavlm,despues,10.7408,40.3684,pl,spoof
wavlm,despues,16.0723,28.1114,pl,spoof
wavlm,despues,23.7025,23.6122,pl,spoof
wavlm,despues,8.5647,19.9999,pl,spoof
wavlm,despues,6.9777,21.1497,pl,spoof
wavlm,despues,8.4841,29.7120,pl,spoof
wavlm,despues,12.9052,23.0783,pl,spoof
wavlm,despues,8.1234,21.7461,pl,spoof
wavlm,despues,16.1449,22.3251,pl,spoof
wavlm,despues,26.3997,21.8876,pl,spoof
wavlm,despues,7.7520,21.8567,pl,spoof
wavlm,despues,-5.3928,-2.4698,pl,spoof
wavlm,despues,22.2440,19.0589,pl,spoof
wavlm,despues,4.8654,-14.2079,pl,spoof
wavlm,despues,21.6697,19.8782,pl,spoof
wavlm,despues,2.9945,18.6180,pl,spoof
wavlm,despues,18.5455,20.8893,pl,spoof
wavlm,despues,23.2131,22.1246,pl,spoof
wavlm,despues,16.2168,24.6470,pl,spoof
wavlm,despues,8.7337,20.1846,pl,spoof
wavlm,despues,12.2886,20.8211,pl,spoof
wavlm,despues,10.5960,34.3540,pl,spoof
wavlm,despues,21.1492,9.3027,pl,spoof
wavlm,despues,9.9191,22.4695,pl,spoof
wavlm,despues,18.2050,17.8893,pl,spoof
wavlm,despues,15.4173,19.8651,pl,spoof
wavlm,despues,14.2607,18.4374,pl,spoof
wavlm,despues,9.7762,20.4253,pl,spoof
wavlm,despues,10.2696,36.4196,pl,spoof
wavlm,despues,11.7507,35.8434,pl,spoof
wavlm,despues,-7.9554,-2.5296,pl,spoof
wavlm,despues,5.7171,33.9640,pl,spoof
wavlm,despues,18.9888,26.5109,pl,spoof
wavlm,despues,13.7216,19.4426,pl,spoof
wavlm,despues,15.6780,18.5093,pl,spoof
wavlm,despues,14.9658,15.8277,pl,spoof
wavlm,despues,23.8457,19.6218,pl,spoof
wavlm,despues,12.5234,25.0260,pl,spoof
wavlm,despues,19.0912,20.4011,pl,spoof
wavlm,despues,7.3583,22.0066,pl,spoof
wavlm,despues,16.7639,24.0495,pl,spoof
wavlm,despues,8.6156,20.5581,pl,spoof
wavlm,despues,14.7656,26.4663,pl,spoof
wavlm,despues,14.0342,21.8108,pl,spoof
wavlm,despues,11.5929,32.3227,pl,spoof
wavlm,despues,2.1182,18.3678,pl,spoof
wavlm,despues,13.2578,19.0714,pl,spoof
wavlm,despues,15.8474,17.7917,pl,spoof
wavlm,despues,20.9022,28.9518,pl,spoof
wavlm,despues,11.2655,21.2875,pl,spoof
wavlm,despues,13.0562,37.8177,pl,spoof
wavlm,despues,16.9074,20.3321,pl,spoof
wavlm,despues,9.0453,21.6316,pl,spoof
wavlm,despues,17.7122,18.0305,pl,spoof
wavlm,despues,23.0858,28.3043,pl,spoof
wavlm,despues,3.7908,19.0772,pl,spoof
wavlm,despues,10.7573,23.9071,pl,spoof
wavlm,despues,8.3579,27.8420,pl,spoof
wavlm,despues,23.7057,17.6722,pl,spoof
wavlm,despues,5.4650,17.7318,pl,spoof
wavlm,despues,19.1559,21.8897,pl,spoof
wavlm,despues,16.6218,23.1669,pl,spoof
wavlm,despues,12.8300,24.9425,pl,spoof
wavlm,despues,8.3979,26.6280,pl,spoof
wavlm,despues,8.8823,21.8604,pl,spoof
wavlm,despues,26.9458,21.7396,pl,spoof
wavlm,despues,19.5438,25.4855,pl,spoof
wavlm,despues,11.4724,32.6446,pl,spoof
wavlm,despues,11.9027,21.0806,pl,spoof
wavlm,despues,14.0423,24.8683,pl,spoof
wavlm,despues,17.3683,25.2173,pl,spoof
wavlm,despues,22.1650,16.6591,pl,spoof
wavlm,despues,16.9747,24.2306,pl,spoof
wavlm,despues,18.6546,23.4341,pl,spoof
wavlm,despues,15.9950,15.5820,pl,spoof
wavlm,despues,14.0103,34.9467,pl,spoof
wavlm,despues,18.8080,23.4324,pl,spoof
wavlm,despues,8.3577,35.4906,pl,spoof
wavlm,despues,10.6953,21.7782,pl,spoof
wavlm,despues,-3.7569,23.2439,pl,spoof
wavlm,despues,14.2803,19.2799,pl,spoof
wavlm,despues,11.7925,21.1977,pl,spoof
wavlm,despues,9.5240,20.3225,pl,spoof
wavlm,despues,15.5124,28.5908,pl,spoof
wavlm,despues,16.3346,17.9424,pl,spoof
wavlm,despues,8.7056,19.0965,pl,spoof
wavlm,despues,22.8098,21.2283,pl,spoof
wavlm,despues,12.5521,25.0202,pl,spoof
wavlm,despues,16.3916,16.8736,pl,spoof
wavlm,despues,16.3268,17.9059,pl,spoof
wavlm,despues,8.7027,21.7109,pl,spoof
wavlm,despues,9.6438,25.5530,pl,spoof
wavlm,despues,5.0139,34.3417,pl,spoof
wavlm,despues,3.8626,19.1412,pl,spoof
wavlm,despues,22.3116,19.3797,pl,spoof
wavlm,despues,8.7246,29.5831,pl,spoof
wavlm,despues,10.1440,22.6896,pl,spoof
wavlm,despues,12.5938,36.5018,pl,spoof
wavlm,despues,6.0857,1.0612,ru,bonafide
wavlm,despues,2.3158,3.0817,ru,bonafide
wavlm,despues,2.9445,3.1005,ru,bonafide
wavlm,despues,-1.7837,7.0205,ru,bonafide
wavlm,despues,3.7951,2.4087,ru,bonafide
wavlm,despues,10.0225,3.7537,ru,bonafide
wavlm,despues,4.1601,8.6381,ru,bonafide
wavlm,despues,3.0101,4.6583,ru,bonafide
wavlm,despues,2.0936,4.0801,ru,bonafide
wavlm,despues,-11.2598,2.7786,ru,bonafide
wavlm,despues,-3.7734,8.3315,ru,bonafide
wavlm,despues,9.3855,2.3872,ru,bonafide
wavlm,despues,2.3947,8.7315,ru,bonafide
wavlm,despues,-0.4884,8.8196,ru,bonafide
wavlm,despues,2.2817,2.8565,ru,bonafide
wavlm,despues,2.1784,5.4547,ru,bonafide
wavlm,despues,1.1271,4.6886,ru,bonafide
wavlm,despues,4.7346,11.2121,ru,bonafide
wavlm,despues,13.4370,10.3222,ru,bonafide
wavlm,despues,0.5044,9.0241,ru,bonafide
wavlm,despues,-0.0286,3.4454,ru,bonafide
wavlm,despues,4.1316,10.0048,ru,bonafide
wavlm,despues,14.8557,10.2825,ru,bonafide
wavlm,despues,2.1560,14.4141,ru,bonafide
wavlm,despues,-0.0887,4.8697,ru,bonafide
wavlm,despues,-15.6335,1.5265,ru,bonafide
wavlm,despues,13.7575,8.5197,ru,bonafide
wavlm,despues,-8.8085,2.3962,ru,bonafide
wavlm,despues,-0.5136,1.7381,ru,bonafide
wavlm,despues,-3.0086,6.4526,ru,bonafide
wavlm,despues,4.7833,5.4469,ru,bonafide
wavlm,despues,4.5881,6.5780,ru,bonafide
wavlm,despues,16.4774,9.1014,ru,bonafide
wavlm,despues,-14.4930,1.3764,ru,bonafide
wavlm,despues,13.7731,8.9644,ru,bonafide
wavlm,despues,2.5348,5.0636,ru,bonafide
wavlm,despues,2.5099,10.6913,ru,bonafide
wavlm,despues,-13.3453,1.8352,ru,bonafide
wavlm,despues,-3.8609,5.5414,ru,bonafide
wavlm,despues,8.4767,1.4766,ru,bonafide
wavlm,despues,15.7872,8.3292,ru,bonafide
wavlm,despues,13.8535,8.3078,ru,bonafide
wavlm,despues,4.1686,6.2550,ru,bonafide
wavlm,despues,3.2829,9.0881,ru,bonafide
wavlm,despues,-8.3609,-1.0822,ru,bonafide
wavlm,despues,4.5670,6.0283,ru,bonafide
wavlm,despues,18.2880,8.6971,ru,bonafide
wavlm,despues,8.4541,-6.2457,ru,bonafide
wavlm,despues,8.8587,3.1190,ru,bonafide
wavlm,despues,9.4287,3.5353,ru,bonafide
wavlm,despues,7.4730,1.5404,ru,bonafide
wavlm,despues,8.7462,5.2943,ru,bonafide
wavlm,despues,2.4796,4.6860,ru,bonafide
wavlm,despues,16.9811,9.6949,ru,bonafide
wavlm,despues,1.3450,12.8566,ru,bonafide
wavlm,despues,8.5056,2.1804,ru,bonafide
wavlm,despues,5.1155,2.8083,ru,bonafide
wavlm,despues,17.1500,8.8739,ru,bonafide
wavlm,despues,-3.0264,4.1938,ru,bonafide
wavlm,despues,8.7625,2.4991,ru,bonafide
wavlm,despues,3.2443,11.6610,ru,bonafide
wavlm,despues,-2.1469,0.3826,ru,bonafide
wavlm,despues,11.7153,8.9941,ru,bonafide
wavlm,despues,7.0213,0.0381,ru,bonafide
wavlm,despues,-15.3666,1.0475,ru,bonafide
wavlm,despues,-1.6295,5.6917,ru,bonafide
wavlm,despues,9.8368,4.9371,ru,bonafide
wavlm,despues,-1.7655,7.0457,ru,bonafide
wavlm,despues,4.4560,6.0573,ru,bonafide
wavlm,despues,12.5690,11.1452,ru,bonafide
wavlm,despues,6.9438,1.7999,ru,bonafide
wavlm,despues,3.2532,4.0323,ru,bonafide
wavlm,despues,-3.0875,4.7692,ru,bonafide
wavlm,despues,1.3935,12.3976,ru,bonafide
wavlm,despues,12.4201,10.9865,ru,bonafide
wavlm,despues,14.6464,9.2076,ru,bonafide
wavlm,despues,1.2145,7.7421,ru,bonafide
wavlm,despues,6.4792,5.5775,ru,bonafide
wavlm,despues,4.2381,3.5854,ru,bonafide
wavlm,despues,8.6627,5.5642,ru,bonafide
wavlm,despues,3.7546,5.6791,ru,bonafide
wavlm,despues,3.4411,4.7741,ru,bonafide
wavlm,despues,-1.4906,3.3577,ru,bonafide
wavlm,despues,-8.2997,-1.1371,ru,bonafide
wavlm,despues,10.5845,5.1044,ru,bonafide
wavlm,despues,-6.6297,-1.5424,ru,bonafide
wavlm,despues,9.0033,3.3342,ru,bonafide
wavlm,despues,14.5363,12.3055,ru,bonafide
wavlm,despues,12.1765,7.2572,ru,bonafide
wavlm,despues,6.7959,1.4667,ru,bonafide
wavlm,despues,13.8820,9.5961,ru,bonafide
wavlm,despues,14.3265,9.3409,ru,bonafide
wavlm,despues,9.5751,5.3743,ru,bonafide
wavlm,despues,15.3675,9.9475,ru,bonafide
wavlm,despues,1.3579,8.2826,ru,bonafide
wavlm,despues,15.2159,6.9313,ru,bonafide
wavlm,despues,3.9203,7.6795,ru,bonafide
wavlm,despues,8.1602,1.3213,ru,bonafide
wavlm,despues,-15.9273,1.3911,ru,bonafide
wavlm,despues,14.6163,7.6446,ru,bonafide
wavlm,despues,3.4831,8.3145,ru,bonafide
wavlm,despues,15.3036,8.4848,ru,bonafide
wavlm,despues,-10.1241,10.8410,ru,bonafide
wavlm,despues,10.4888,5.9820,ru,bonafide
wavlm,despues,-0.8034,5.2883,ru,bonafide
wavlm,despues,18.5107,8.2957,ru,bonafide
wavlm,despues,4.1116,4.5500,ru,bonafide
wavlm,despues,-1.7770,7.1284,ru,bonafide
wavlm,despues,2.4897,15.7781,ru,bonafide
wavlm,despues,1.2510,2.9953,ru,bonafide
wavlm,despues,14.3661,12.7112,ru,bonafide
wavlm,despues,2.1830,4.2092,ru,bonafide
wavlm,despues,8.3554,1.1626,ru,bonafide
wavlm,despues,4.9578,2.0697,ru,bonafide
wavlm,despues,0.5830,3.2335,ru,bonafide
wavlm,despues,19.9427,8.4076,ru,bonafide
wavlm,despues,9.4643,4.2478,ru,bonafide
wavlm,despues,8.7887,4.1586,ru,bonafide
wavlm,despues,14.4720,7.1730,ru,bonafide
wavlm,despues,17.4969,9.2280,ru,bonafide
wavlm,despues,1.9593,3.0482,ru,bonafide
wavlm,despues,10.4440,12.5947,ru,bonafide
wavlm,despues,-13.8586,1.2845,ru,bonafide
wavlm,despues,2.2449,2.7655,ru,bonafide
wavlm,despues,14.3196,9.5301,ru,bonafide
wavlm,despues,2.6601,4.4141,ru,bonafide
wavlm,despues,2.1396,7.0601,ru,bonafide
wavlm,despues,8.5262,-6.2700,ru,bonafide
wavlm,despues,16.0189,8.5286,ru,bonafide
wavlm,despues,3.6924,4.7573,ru,bonafide
wavlm,despues,-8.8333,2.3931,ru,bonafide
wavlm,despues,7.0633,3.7332,ru,bonafide
wavlm,despues,9.8844,3.7516,ru,bonafide
wavlm,despues,10.9831,12.0652,ru,bonafide
wavlm,despues,4.3848,9.8095,ru,bonafide
wavlm,despues,8.8093,2.6301,ru,bonafide
wavlm,despues,-3.2055,4.7637,ru,bonafide
wavlm,despues,14.6539,10.9904,ru,bonafide
wavlm,despues,-3.2118,5.3026,ru,bonafide
wavlm,despues,-14.0009,1.4982,ru,bonafide
wavlm,despues,10.2120,3.4231,ru,bonafide
wavlm,despues,6.8049,1.7674,ru,bonafide
wavlm,despues,14.1573,8.8193,ru,bonafide
wavlm,despues,-2.2579,9.7620,ru,bonafide
wavlm,despues,14.6164,8.0037,ru,bonafide
wavlm,despues,10.0127,4.1131,ru,bonafide
wavlm,despues,12.7318,11.8447,ru,bonafide
wavlm,despues,10.9990,12.0823,ru,bonafide
wavlm,despues,-15.4823,1.6199,ru,bonafide
wavlm,despues,5.5832,7.8073,ru,bonafide
wavlm,despues,8.0896,4.9652,ru,spoof
wavlm,despues,10.8005,1.6067,ru,spoof
wavlm,despues,4.4558,-5.0356,ru,spoof
wavlm,despues,9.8404,0.8405,ru,spoof
wavlm,despues,-10.1289,10.8417,ru,spoof
wavlm,despues,6.9570,7.3843,ru,spoof
wavlm,despues,6.5663,7.0922,ru,spoof
wavlm,despues,12.5892,-1.6454,ru,spoof
wavlm,despues,1.3355,4.8091,ru,spoof
wavlm,despues,15.1546,5.3384,ru,spoof
wavlm,despues,12.7686,8.8470,ru,spoof
wavlm,despues,9.5670,9.8740,ru,spoof
wavlm,despues,3.9365,4.0303,ru,spoof
wavlm,despues,1.5150,1.1721,ru,spoof
wavlm,despues,17.6133,8.1265,ru,spoof
wavlm,despues,18.9346,8.1444,ru,spoof
wavlm,despues,16.6821,14.7304,ru,spoof
wavlm,despues,13.2328,0.5433,ru,spoof
wavlm,despues,2.5876,2.5098,ru,spoof
wavlm,despues,13.0606,-3.4686,ru,spoof
wavlm,despues,13.6030,-0.5330,ru,spoof
wavlm,despues,4.1572,4.0331,ru,spoof
wavlm,despues,2.1420,5.8375,ru,spoof
wavlm,despues,2.1695,10.8724,ru,spoof
wavlm,despues,4.8445,8.6762,ru,spoof
wavlm,despues,6.2900,13.1012,ru,spoof
wavlm,despues,5.6813,9.1357,ru,spoof
wavlm,despues,8.0406,6.4007,ru,spoof
wavlm,despues,12.6138,-2.6049,ru,spoof
wavlm,despues,11.5273,15.7815,ru,spoof
wavlm,despues,6.1788,4.1784,ru,spoof
wavlm,despues,11.8247,-1.7857,ru,spoof
wavlm,despues,14.4934,-1.1059,ru,spoof
wavlm,despues,1.7112,11.4427,ru,spoof
wavlm,despues,7.2312,9.6530,ru,spoof
wavlm,despues,3.0735,0.7888,ru,spoof
wavlm,despues,18.7439,7.9419,ru,spoof
wavlm,despues,6.7439,5.4570,ru,spoof
wavlm,despues,16.8472,13.0383,ru,spoof
wavlm,despues,10.6282,3.8636,ru,spoof
wavlm,despues,3.0835,11.6577,ru,spoof
wavlm,despues,-10.1151,10.8523,ru,spoof
wavlm,despues,3.8134,-6.1206,ru,spoof
wavlm,despues,4.9164,17.3668,ru,spoof
wavlm,despues,9.2309,-2.8669,ru,spoof
wavlm,despues,-5.4032,-2.5005,ru,spoof
wavlm,despues,9.1168,8.8007,ru,spoof
wavlm,despues,12.6253,-0.4562,ru,spoof
wavlm,despues,5.9768,4.1004,ru,spoof
wavlm,despues,12.5513,3.7079,ru,spoof
wavlm,despues,7.1930,8.4379,ru,spoof
wavlm,despues,7.2934,11.6126,ru,spoof
wavlm,despues,0.3363,-4.8582,ru,spoof
wavlm,despues,12.6477,3.9240,ru,spoof
wavlm,despues,9.3451,10.1785,ru,spoof
wavlm,despues,4.6156,3.8165,ru,spoof
wavlm,despues,21.7315,16.1145,ru,spoof
wavlm,despues,16.3584,9.3416,ru,spoof
wavlm,despues,6.8299,7.9790,ru,spoof
wavlm,despues,15.6593,7.3394,ru,spoof
wavlm,despues,13.7409,4.6200,ru,spoof
wavlm,despues,17.2583,6.9167,ru,spoof
wavlm,despues,13.0150,-0.2457,ru,spoof
wavlm,despues,1.8023,7.0446,ru,spoof
wavlm,despues,2.5119,15.7167,ru,spoof
wavlm,despues,4.2995,-5.3380,ru,spoof
wavlm,despues,13.1556,-0.3340,ru,spoof
wavlm,despues,13.9232,7.0534,ru,spoof
wavlm,despues,13.9823,11.2675,ru,spoof
wavlm,despues,14.9358,4.5883,ru,spoof
wavlm,despues,6.7531,11.0106,ru,spoof
wavlm,despues,17.3438,12.6884,ru,spoof
wavlm,despues,1.5426,0.9320,ru,spoof
wavlm,despues,12.3817,-2.5723,ru,spoof
wavlm,despues,13.9304,-0.2941,ru,spoof
wavlm,despues,11.1479,3.9821,ru,spoof
wavlm,despues,12.9171,0.2378,ru,spoof
wavlm,despues,7.7307,8.8279,ru,spoof
wavlm,despues,12.2592,3.9850,ru,spoof
wavlm,despues,-4.0836,6.4166,ru,spoof
wavlm,despues,-0.0169,4.9506,ru,spoof
wavlm,despues,9.0840,9.6886,ru,spoof
wavlm,despues,4.3801,13.2447,ru,spoof
wavlm,despues,11.1060,0.6055,ru,spoof
wavlm,despues,11.7191,4.0217,ru,spoof
wavlm,despues,4.9370,17.0039,ru,spoof
wavlm,despues,17.6481,12.8000,ru,spoof
wavlm,despues,3.1054,6.5194,ru,spoof
wavlm,despues,14.3144,7.0033,ru,spoof
wavlm,despues,12.4127,3.8542,ru,spoof
wavlm,despues,1.5516,8.3537,ru,spoof
wavlm,despues,7.2993,9.3266,ru,spoof
wavlm,despues,15.0523,2.9835,ru,spoof
wavlm,despues,-10.1244,10.8401,ru,spoof
wavlm,despues,7.0439,8.6282,ru,spoof
wavlm,despues,-4.4488,1.4650,ru,spoof
wavlm,despues,14.6684,6.2894,ru,spoof
wavlm,despues,3.9280,10.7835,ru,spoof
wavlm,despues,22.1806,18.0442,ru,spoof
wavlm,despues,13.3709,-0.7015,ru,spoof
wavlm,despues,6.8785,10.7603,ru,spoof
wavlm,despues,17.7568,11.7024,ru,spoof
wavlm,despues,0.0447,10.6460,ru,spoof
wavlm,despues,2.3358,7.0585,ru,spoof
wavlm,despues,1.9779,9.8554,ru,spoof
wavlm,despues,17.0731,12.5490,ru,spoof
wavlm,despues,13.0501,-2.1091,ru,spoof
wavlm,despues,13.2295,-0.2012,ru,spoof
wavlm,despues,3.8353,1.2094,ru,spoof
wavlm,despues,10.7044,2.4544,ru,spoof
wavlm,despues,2.1252,2.1811,ru,spoof
wavlm,despues,-1.3441,9.6061,ru,spoof
wavlm,despues,-3.4813,-0.4016,ru,spoof
wavlm,despues,17.7598,12.8495,ru,spoof
wavlm,despues,16.1416,10.1537,ru,spoof
wavlm,despues,14.0105,-0.5800,ru,spoof
wavlm,despues,23.9037,15.0760,ru,spoof
wavlm,despues,11.9276,7.2274,ru,spoof
wavlm,despues,15.6349,9.1160,ru,spoof
wavlm,despues,16.5502,-0.5309,ru,spoof
wavlm,despues,0.1401,9.9970,ru,spoof
wavlm,despues,4.4041,-5.1950,ru,spoof
wavlm,despues,7.1278,13.8585,ru,spoof
wavlm,despues,4.0157,8.0480,ru,spoof
wavlm,despues,17.1836,11.2396,ru,spoof
wavlm,despues,18.7190,11.7826,ru,spoof
wavlm,despues,12.9400,5.5813,ru,spoof
wavlm,despues,16.8493,12.6779,ru,spoof
wavlm,despues,9.4203,9.6301,ru,spoof
wavlm,despues,-2.9638,17.4777,ru,spoof
wavlm,despues,1.5518,5.0526,ru,spoof
wavlm,despues,9.6727,7.2098,ru,spoof
wavlm,despues,8.3067,3.6219,ru,spoof
wavlm,despues,-2.7294,-2.3718,ru,spoof
wavlm,despues,-1.7497,-1.0741,ru,spoof
wavlm,despues,2.1923,10.1429,ru,spoof
wavlm,despues,0.2892,-4.8810,ru,spoof
wavlm,despues,19.3890,8.2089,ru,spoof
wavlm,despues,13.2193,-0.6749,ru,spoof
wavlm,despues,-30.4007,-10.3378,ru,spoof
wavlm,despues,12.9205,3.1558,ru,spoof
wavlm,despues,11.2114,5.2265,ru,spoof
wavlm,despues,0.6221,18.1547,ru,spoof
wavlm,despues,-4.1183,3.1061,ru,spoof
wavlm,despues,5.9410,6.4701,ru,spoof
wavlm,despues,13.6206,-2.4644,ru,spoof
wavlm,despues,13.7732,7.1762,ru,spoof
wavlm,despues,10.4099,7.2098,ru,spoof
wavlm,despues,17.8579,11.7340,ru,spoof
wavlm,despues,13.3624,4.1119,ru,spoof
whisper,antes,5.1527,37.4182,de,bonafide
whisper,antes,10.4361,37.4967,de,bonafide
whisper,antes,10.4991,18.7824,de,bonafide
whisper,antes,9.3041,27.6459,de,bonafide
whisper,antes,5.6459,40.6782,de,bonafide
whisper,antes,10.0702,50.1899,de,bonafide
whisper,antes,9.2958,48.0352,de,bonafide
whisper,antes,13.8314,39.4454,de,bonafide
whisper,antes,8.0446,45.2113,de,bonafide
whisper,antes,13.9144,40.1235,de,bonafide
whisper,antes,10.6170,25.0882,de,bonafide
whisper,antes,6.1836,38.2990,de,bonafide
whisper,antes,11.3895,33.0451,de,bonafide
whisper,antes,9.2263,31.4393,de,bonafide
whisper,antes,10.6396,39.4607,de,bonafide
whisper,antes,11.1899,17.3894,de,bonafide
whisper,antes,6.0444,32.5455,de,bonafide
whisper,antes,9.2341,33.6071,de,bonafide
whisper,antes,9.2381,19.1172,de,bonafide
whisper,antes,10.8950,46.8155,de,bonafide
whisper,antes,11.9391,48.6909,de,bonafide
whisper,antes,8.0523,41.3037,de,bonafide
whisper,antes,7.1735,21.9960,de,bonafide
whisper,antes,10.8353,18.5806,de,bonafide
whisper,antes,8.0284,41.3899,de,bonafide
whisper,antes,8.0340,42.0300,de,bonafide
whisper,antes,9.0336,32.7687,de,bonafide
whisper,antes,9.8349,29.5330,de,bonafide
whisper,antes,8.2802,22.6497,de,bonafide
whisper,antes,12.8844,47.6450,de,bonafide
whisper,antes,10.7930,17.6918,de,bonafide
whisper,antes,13.9094,22.6945,de,bonafide
whisper,antes,9.5074,32.7859,de,bonafide
whisper,antes,8.9852,26.4121,de,bonafide
whisper,antes,10.3682,40.2747,de,bonafide
whisper,antes,10.1652,49.4277,de,bonafide
whisper,antes,8.6632,42.4585,de,bonafide
whisper,antes,11.2946,33.2157,de,bonafide
whisper,antes,6.0222,39.5249,de,bonafide
whisper,antes,13.8943,39.4754,de,bonafide
whisper,antes,5.9687,39.7762,de,bonafide
whisper,antes,8.9608,48.4193,de,bonafide
whisper,antes,8.2447,29.2308,de,bonafide
whisper,antes,7.0899,39.7395,de,bonafide
whisper,antes,12.5310,16.3629,de,bonafide
whisper,antes,10.4230,45.1175,de,bonafide
whisper,antes,10.4988,45.9814,de,bonafide
whisper,antes,7.2884,42.6951,de,bonafide
whisper,antes,11.7129,32.3567,de,bonafide
whisper,antes,12.3100,15.1750,de,bonafide
whisper,antes,10.0228,50.7053,de,bonafide
whisper,antes,10.3074,46.1533,de,bonafide
whisper,antes,10.2960,17.5889,de,bonafide
whisper,antes,7.9030,23.6845,de,bonafide
whisper,antes,10.2952,42.7742,de,bonafide
whisper,antes,11.9159,29.8719,de,bonafide
whisper,antes,10.9049,49.8455,de,bonafide
whisper,antes,7.8622,37.8501,de,bonafide
whisper,antes,9.7220,31.1634,de,bonafide
whisper,antes,13.8311,29.1401,de,bonafide
whisper,antes,10.4461,42.3966,de,bonafide
whisper,antes,10.3127,48.7428,de,bonafide
whisper,antes,10.4069,45.5479,de,bonafide
whisper,antes,8.4485,27.7429,de,bonafide
whisper,antes,7.9253,37.3613,de,bonafide
whisper,antes,14.0920,28.9944,de,bonafide
whisper,antes,8.8600,22.7804,de,bonafide
whisper,antes,9.1328,26.9036,de,bonafide
whisper,antes,11.1977,16.5302,de,bonafide
whisper,antes,7.7895,34.6295,de,bonafide
whisper,antes,6.7625,23.8862,de,bonafide
whisper,antes,12.8398,46.0426,de,bonafide
whisper,antes,10.6897,21.1997,de,bonafide
whisper,antes,10.0523,33.2082,de,bonafide
whisper,antes,13.9274,40.9678,de,bonafide
whisper,antes,5.3335,38.5711,de,bonafide
whisper,antes,13.1122,33.7365,de,bonafide
whisper,antes,8.2592,41.0188,de,bonafide
whisper,antes,9.8519,41.0397,de,bonafide
whisper,antes,9.9393,26.3983,de,bonafide
whisper,antes,9.3588,21.9891,de,bonafide
whisper,antes,2.9117,38.8794,de,bonafide
whisper,antes,8.9470,41.5215,de,bonafide
whisper,antes,12.1019,15.8081,de,bonafide
whisper,antes,10.3602,42.8720,de,bonafide
whisper,antes,14.3477,19.0699,de,bonafide
whisper,antes,10.1659,32.9829,de,bonafide
whisper,antes,9.4698,48.1368,de,bonafide
whisper,antes,9.8573,45.2833,de,bonafide
whisper,antes,7.7494,23.3299,de,bonafide
whisper,antes,9.5857,37.5871,de,bonafide
whisper,antes,11.4663,33.7212,de,bonafide
whisper,antes,9.9466,50.8019,de,bonafide
whisper,antes,10.6092,19.9355,de,bonafide
whisper,antes,5.5837,38.4956,de,bonafide
whisper,antes,10.6181,28.9690,de,bonafide
whisper,antes,9.6018,38.5057,de,bonafide
whisper,antes,10.7889,41.7790,de,bonafide
whisper,antes,9.0005,36.1811,de,bonafide
whisper,antes,9.0800,41.2862,de,bonafide
whisper,antes,13.7310,26.1399,de,bonafide
whisper,antes,12.2480,33.3932,de,bonafide
whisper,antes,21.9235,-6.3178,de,bonafide
whisper,antes,12.6322,16.3342,de,bonafide
whisper,antes,7.4277,23.9560,de,bonafide
whisper,antes,8.0032,40.9821,de,bonafide
whisper,antes,13.8190,26.2938,de,bonafide
whisper,antes,2.8044,38.9593,de,bonafide
whisper,antes,7.8958,46.9803,de,bonafide
whisper,antes,6.7981,38.1894,de,bonafide
whisper,antes,10.4528,48.7443,de,bonafide
whisper,antes,11.2640,49.9718,de,bonafide
whisper,antes,5.5472,34.1593,de,bonafide
whisper,antes,9.1179,49.5685,de,bonafide
whisper,antes,10.8823,19.7488,de,bonafide
whisper,antes,10.2462,47.7608,de,bonafide
whisper,antes,11.7922,30.1597,de,bonafide
whisper,antes,8.9494,36.9983,de,bonafide
whisper,antes,10.5807,19.8693,de,bonafide
whisper,antes,9.7382,25.4736,de,bonafide
whisper,antes,6.7060,36.7398,de,bonafide
whisper,antes,12.9071,47.7129,de,bonafide
whisper,antes,10.0042,34.0097,de,bonafide
whisper,antes,9.2203,26.2529,de,bonafide
whisper,antes,9.3527,32.4344,de,bonafide
whisper,antes,8.0401,42.4800,de,bonafide
whisper,antes,9.3388,16.8014,de,bonafide
whisper,antes,10.5245,42.3231,de,bonafide
whisper,antes,9.3981,18.7283,de,bonafide
whisper,antes,14.3193,18.7673,de,bonafide
whisper,antes,9.9305,20.7716,de,bonafide
whisper,antes,7.0776,40.8746,de,bonafide
whisper,antes,10.2130,20.7644,de,bonafide
whisper,antes,7.4888,26.3127,de,bonafide
whisper,antes,9.2834,37.7269,de,bonafide
whisper,antes,14.3184,18.5333,de,bonafide
whisper,antes,8.1879,45.2308,de,bonafide
whisper,antes,7.4611,25.9339,de,bonafide
whisper,antes,8.9263,42.1063,de,bonafide
whisper,antes,7.1051,22.3037,de,bonafide
whisper,antes,10.2389,17.1236,de,bonafide
whisper,antes,11.4565,15.8891,de,bonafide
whisper,antes,12.3762,48.0741,de,bonafide
whisper,antes,8.8976,49.6178,de,bonafide
whisper,antes,9.2143,22.9189,de,bonafide
whisper,antes,7.8832,36.3177,de,bonafide
whisper,antes,8.8442,31.9896,de,bonafide
whisper,antes,8.9108,33.3156,de,bonafide
whisper,antes,11.4742,32.9600,de,bonafide
whisper,antes,5.6599,32.9473,de,bonafide
whisper,antes,8.0355,30.4268,de,spoof
whisper,antes,11.8063,24.7560,de,spoof
whisper,antes,2.8500,39.6019,de,spoof
whisper,antes,9.6654,38.1570,de,spoof
whisper,antes,13.5325,24.5788,de,spoof
whisper,antes,13.7975,29.7619,de,spoof
whisper,antes,7.9025,18.7398,de,spoof
whisper,antes,11.4743,23.8412,de,spoof
whisper,antes,13.6350,9.2258,de,spoof
whisper,antes,12.3923,37.9928,de,spoof
whisper,antes,10.9702,22.7474,de,spoof
whisper,antes,9.2756,44.6881,de,spoof
whisper,antes,8.3151,22.7182,de,spoof
whisper,antes,14.2165,17.6191,de,spoof
whisper,antes,7.9081,30.5118,de,spoof
whisper,antes,11.4142,25.8732,de,spoof
whisper,antes,11.9294,16.1217,de,spoof
whisper,antes,2.9099,40.1189,de,spoof
whisper,antes,9.9180,41.2086,de,spoof
whisper,antes,-3.1857,36.6057,de,spoof
whisper,antes,10.7314,31.5553,de,spoof
whisper,antes,7.9767,39.6951,de,spoof
whisper,antes,7.0823,45.5424,de,spoof
whisper,antes,7.1217,33.4638,de,spoof
whisper,antes,11.1433,46.7359,de,spoof
whisper,antes,13.1131,22.8723,de,spoof
whisper,antes,13.1242,35.3606,de,spoof
whisper,antes,-46.4003,-4.4101,de,spoof
whisper,antes,9.0511,39.3502,de,spoof
whisper,antes,10.3091,31.0897,de,spoof
whisper,antes,8.0280,22.0606,de,spoof
whisper,antes,5.4987,36.3205,de,spoof
whisper,antes,10.6779,29.3243,de,spoof
whisper,antes,9.6635,29.0910,de,spoof
whisper,antes,8.6763,44.0604,de,spoof
whisper,antes,8.7342,46.6689,de,spoof
whisper,antes,8.6776,24.5716,de,spoof
whisper,antes,12.0016,19.4738,de,spoof
whisper,antes,10.2919,35.0221,de,spoof
whisper,antes,7.8659,33.9944,de,spoof
whisper,antes,7.4677,47.6262,de,spoof
whisper,antes,11.8849,17.8612,de,spoof
whisper,antes,11.7596,44.6224,de,spoof
whisper,antes,9.0801,46.3811,de,spoof
whisper,antes,12.7950,43.5779,de,spoof
whisper,antes,12.3414,18.6302,de,spoof
whisper,antes,3.2986,34.9958,de,spoof
whisper,antes,8.2102,47.5708,de,spoof
whisper,antes,8.2974,39.5603,de,spoof
whisper,antes,13.6444,31.4552,de,spoof
whisper,antes,7.5360,32.5200,de,spoof
whisper,antes,8.3293,31.4994,de,spoof
whisper,antes,5.6732,43.2464,de,spoof
whisper,antes,9.3712,39.3268,de,spoof
whisper,antes,12.1150,22.4161,de,spoof
whisper,antes,12.7852,20.7854,de,spoof
whisper,antes,10.8674,35.4927,de,spoof
whisper,antes,11.2617,26.5481,de,spoof
whisper,antes,11.6565,20.1223,de,spoof
whisper,antes,8.7703,46.9621,de,spoof
whisper,antes,11.9046,20.9222,de,spoof
whisper,antes,8.2423,46.6680,de,spoof
whisper,antes,7.1493,39.4813,de,spoof
whisper,antes,10.8779,35.3469,de,spoof
whisper,antes,14.8919,2.7918,de,spoof
whisper,antes,12.1510,44.1678,de,spoof
whisper,antes,-4.3179,36.6546,de,spoof
whisper,antes,12.6926,20.1895,de,spoof
whisper,antes,11.1177,38.5149,de,spoof
whisper,antes,6.9713,31.6250,de,spoof
whisper,antes,10.2667,32.3986,de,spoof
whisper,antes,9.1621,51.0381,de,spoof
whisper,antes,7.3349,34.0747,de,spoof
whisper,antes,8.8387,50.5106,de,spoof
whisper,antes,3.1717,35.0047,de,spoof
whisper,antes,11.5548,44.3192,de,spoof
whisper,antes,7.6040,45.9539,de,spoof
whisper,antes,13.7366,30.2380,de,spoof
whisper,antes,11.6397,44.9088,de,spoof
whisper,antes,14.4396,31.3343,de,spoof
whisper,antes,13.3832,30.9092,de,spoof
whisper,antes,11.8158,18.1398,de,spoof
whisper,antes,21.4905,-7.3814,de,spoof
whisper,antes,5.8961,31.4533,de,spoof
whisper,antes,8.7500,50.9060,de,spoof
whisper,antes,9.1646,25.4298,de,spoof
whisper,antes,11.9165,35.2431,de,spoof
whisper,antes,9.9023,21.2634,de,spoof
whisper,antes,10.6290,30.6022,de,spoof
whisper,antes,10.3723,38.2826,de,spoof
whisper,antes,6.5964,34.0365,de,spoof
whisper,antes,11.4145,23.9661,de,spoof
whisper,antes,5.4308,36.5405,de,spoof
whisper,antes,9.9222,31.6962,de,spoof
whisper,antes,11.8060,46.1572,de,spoof
whisper,antes,10.6506,21.8982,de,spoof
whisper,antes,3.1942,35.0654,de,spoof
whisper,antes,8.0273,47.6858,de,spoof
whisper,antes,10.7710,22.8066,de,spoof
whisper,antes,12.3569,23.5743,de,spoof
whisper,antes,10.1880,48.9678,de,spoof
whisper,antes,9.1068,46.9291,de,spoof
whisper,antes,7.6317,48.1524,de,spoof
whisper,antes,11.9971,45.6497,de,spoof
whisper,antes,7.6332,18.8140,de,spoof
whisper,antes,12.1675,14.8282,de,spoof
whisper,antes,11.8608,19.4560,de,spoof
whisper,antes,14.7061,29.6948,de,spoof
whisper,antes,10.2097,37.0254,de,spoof
whisper,antes,9.4881,35.1503,de,spoof
whisper,antes,7.5517,48.7600,de,spoof
whisper,antes,12.3278,37.8079,de,spoof
whisper,antes,5.1645,38.2800,de,spoof
whisper,antes,7.3754,32.5155,de,spoof
whisper,antes,11.4629,35.5973,de,spoof
whisper,antes,7.4404,39.4216,de,spoof
whisper,antes,13.9317,17.5847,de,spoof
whisper,antes,11.7794,26.9838,de,spoof
whisper,antes,12.5800,17.4080,de,spoof
whisper,antes,6.1137,32.1225,de,spoof
whisper,antes,10.8913,25.3829,de,spoof
whisper,antes,10.7152,31.7450,de,spoof
whisper,antes,12.8451,43.6013,de,spoof
whisper,antes,12.2490,23.5912,de,spoof
whisper,antes,12.5347,24.9767,de,spoof
whisper,antes,10.8782,24.6124,de,spoof
whisper,antes,13.7501,39.2306,de,spoof
whisper,antes,10.6633,21.9195,de,spoof
whisper,antes,14.3712,32.7451,de,spoof
whisper,antes,7.1790,36.1749,de,spoof
whisper,antes,7.1779,18.8842,de,spoof
whisper,antes,13.3279,16.6794,de,spoof
whisper,antes,12.2799,32.3555,de,spoof
whisper,antes,14.9174,30.2309,de,spoof
whisper,antes,5.4591,36.2125,de,spoof
whisper,antes,12.1027,24.1005,de,spoof
whisper,antes,11.6620,23.3946,de,spoof
whisper,antes,7.0321,29.9900,de,spoof
whisper,antes,12.2919,38.6605,de,spoof
whisper,antes,8.0718,33.6308,de,spoof
whisper,antes,6.9449,47.5774,de,spoof
whisper,antes,9.7156,39.3371,de,spoof
whisper,antes,13.7624,24.1754,de,spoof
whisper,antes,11.6838,38.3427,de,spoof
whisper,antes,10.7565,23.5404,de,spoof
whisper,antes,14.4994,17.5971,de,spoof
whisper,antes,11.0765,24.9476,de,spoof
whisper,antes,7.0043,45.8236,de,spoof
whisper,antes,14.5598,32.2250,de,spoof
whisper,antes,8.6573,21.0098,de,spoof
whisper,antes,-23.0856,-23.5255,en,bonafide
whisper,antes,-35.7820,-23.8719,en,bonafide
whisper,antes,-35.6145,-23.3173,en,bonafide
whisper,antes,-31.9313,-24.6612,en,bonafide
whisper,antes,-41.6545,-21.8754,en,bonafide
whisper,antes,-51.8551,-8.9376,en,bonafide
whisper,antes,-29.4336,-23.1752,en,bonafide
whisper,antes,-27.6668,-25.3394,en,bonafide
whisper,antes,-51.3748,-16.6860,en,bonafide
whisper,antes,-25.7129,-22.5532,en,bonafide
whisper,antes,-30.9307,-22.7064,en,bonafide
whisper,antes,-26.4925,-23.5317,en,bonafide
whisper,antes,-22.7796,-23.3639,en,bonafide
whisper,antes,-31.6157,-24.8674,en,bonafide
whisper,antes,-34.1014,-23.0220,en,bonafide
whisper,antes,-26.1460,-22.5899,en,bonafide
whisper,antes,-53.6357,-10.5954,en,bonafide
whisper,antes,-29.1452,-24.2009,en,bonafide
whisper,antes,-49.6134,-10.0258,en,bonafide
whisper,antes,-28.4903,-23.8750,en,bonafide
whisper,antes,-48.8396,-8.9609,en,bonafide
whisper,antes,-25.1317,-23.2169,en,bonafide
whisper,antes,-49.6086,-18.7258,en,bonafide
whisper,antes,-33.0820,-23.0235,en,bonafide
whisper,antes,-52.1041,-16.0055,en,bonafide
whisper,antes,-51.7473,-7.0509,en,bonafide
whisper,antes,-38.4347,-24.7278,en,bonafide
whisper,antes,-33.0308,-20.1316,en,bonafide
whisper,antes,-50.7440,-5.8568,en,bonafide
whisper,antes,-35.4031,-23.9302,en,bonafide
whisper,antes,-48.9385,-12.6723,en,bonafide
whisper,antes,-43.6352,-15.0137,en,bonafide
whisper,antes,-44.0025,-10.5323,en,bonafide
whisper,antes,-35.4223,-20.3613,en,bonafide
whisper,antes,-38.3732,-18.7395,en,bonafide
whisper,antes,-29.4773,-21.5797,en,bonafide
whisper,antes,-33.2353,-22.5015,en,bonafide
whisper,antes,-47.4496,-9.0187,en,bonafide
whisper,antes,-38.5773,-22.7722,en,bonafide
whisper,antes,-48.0150,-8.4108,en,bonafide
whisper,antes,-33.9634,-20.9575,en,bonafide
whisper,antes,-47.6349,-10.5534,en,bonafide
whisper,antes,-31.8481,-23.3228,en,bonafide
whisper,antes,-37.4477,-19.6287,en,bonafide
whisper,antes,-40.2038,-20.5353,en,bonafide
whisper,antes,-34.0913,-23.1749,en,bonafide
whisper,antes,-25.7440,-21.8282,en,bonafide
whisper,antes,-34.5585,-23.7238,en,bonafide
whisper,antes,-33.2520,-23.7167,en,bonafide
whisper,antes,-42.3691,-15.9346,en,bonafide
whisper,antes,-51.2789,-7.9093,en,bonafide
whisper,antes,-30.2838,-22.3387,en,bonafide
whisper,antes,-27.1287,-23.5160,en,bonafide
whisper,antes,-52.9097,-6.4184,en,bonafide
whisper,antes,-49.2143,-17.4633,en,bonafide
whisper,antes,-34.2060,-25.4191,en,bonafide
whisper,antes,-38.6492,-23.7433,en,bonafide
whisper,antes,-34.9290,-23.4995,en,bonafide
whisper,antes,-44.5484,-14.4518,en,bonafide
whisper,antes,-43.4969,-12.2724,en,bonafide
whisper,antes,-39.4741,-19.8373,en,bonafide
whisper,antes,-26.4358,-22.5257,en,bonafide
whisper,antes,-38.2717,-23.4890,en,bonafide
whisper,antes,-54.1167,-11.4472,en,bonafide
whisper,antes,-41.0002,-20.6660,en,bonafide
whisper,antes,-47.9746,-3.6511,en,bonafide
whisper,antes,-54.1221,-7.6992,en,bonafide
whisper,antes,-33.5810,-24.2643,en,bonafide
whisper,antes,-33.7836,-20.1039,en,bonafide
whisper,antes,-30.9895,-21.9124,en,bonafide
whisper,antes,-33.4783,-21.7282,en,bonafide
whisper,antes,-50.7871,-8.7752,en,bonafide
whisper,antes,-29.9965,-21.5852,en,bonafide
whisper,antes,-52.6084,-13.9222,en,bonafide
whisper,antes,-40.2165,-22.0931,en,bonafide
whisper,antes,-53.5944,-18.0665,en,bonafide
whisper,antes,-38.0307,-23.2547,en,bonafide
whisper,antes,-39.9742,-20.2108,en,bonafide
whisper,antes,-53.8965,-5.7270,en,bonafide
whisper,antes,-33.9829,-24.6822,en,bonafide
whisper,antes,-34.1140,-23.1053,en,bonafide
whisper,antes,-41.8866,-15.1904,en,bonafide
whisper,antes,-38.9698,-23.2255,en,bonafide
whisper,antes,-39.9969,-22.4602,en,bonafide
whisper,antes,-36.1303,-23.0253,en,bonafide
whisper,antes,-29.3624,-22.5402,en,bonafide
whisper,antes,-54.8774,-14.1384,en,bonafide
whisper,antes,-26.0350,-23.7332,en,bonafide
whisper,antes,-47.9659,-15.7459,en,bonafide
whisper,antes,-53.5085,-18.1551,en,bonafide
whisper,antes,-43.2787,-17.0202,en,bonafide
whisper,antes,-40.6613,-18.8047,en,bonafide
whisper,antes,-44.1163,-15.2676,en,bonafide
whisper,antes,-38.8135,-21.4700,en,bonafide
whisper,antes,-50.9208,-16.6870,en,bonafide
whisper,antes,-36.9719,-23.0290,en,bonafide
whisper,antes,-30.0665,-21.2188,en,bonafide
whisper,antes,-52.3541,-11.9491,en,bonafide
whisper,antes,-33.8078,-21.7665,en,bonafide
whisper,antes,-23.7325,-24.2176,en,bonafide
whisper,antes,-55.4284,-10.7049,en,bonafide
whisper,antes,-41.2965,-21.5353,en,bonafide
whisper,antes,-47.3993,-12.2595,en,bonafide
whisper,antes,-30.1713,-22.8244,en,bonafide
whisper,antes,-34.6746,-25.0406,en,bonafide
whisper,antes,-44.5234,-13.9309,en,bonafide
whisper,antes,-38.3769,-17.9148,en,bonafide
whisper,antes,-49.3960,-18.6369,en,bonafide
whisper,antes,-24.1076,-23.5530,en,bonafide
whisper,antes,-30.5322,-24.1635,en,bonafide
whisper,antes,-42.0331,-12.7665,en,bonafide
whisper,antes,-55.4512,-13.6719,en,bonafide
whisper,antes,-24.8906,-23.6660,en,bonafide
whisper,antes,-52.6328,-8.2613,en,bonafide
whisper,antes,-27.0132,-23.4829,en,bonafide
whisper,antes,-36.9476,-23.1108,en,bonafide
whisper,antes,-54.5437,-12.1497,en,bonafide
whisper,antes,-48.7903,-14.2291,en,bonafide
whisper,antes,-32.5700,-23.9261,en,bonafide
whisper,antes,-34.4069,-22.3570,en,bonafide
whisper,antes,-33.4620,-20.1772,en,bonafide
whisper,antes,-38.9579,-23.3425,en,bonafide
whisper,antes,-32.6320,-24.3816,en,bonafide
whisper,antes,-27.1930,-22.3122,en,bonafide
whisper,antes,-49.5711,-8.6269,en,bonafide
whisper,antes,-28.0282,-24.4270,en,bonafide
whisper,antes,-39.8532,-21.2228,en,bonafide
whisper,antes,-37.0038,-24.0901,en,bonafide
whisper,antes,-26.3918,-22.7393,en,bonafide
whisper,antes,-25.6624,-21.7912,en,bonafide
whisper,antes,-26.8084,-23.5766,en,bonafide
whisper,antes,-42.2062,-14.1139,en,bonafide
whisper,antes,-38.0479,-23.2937,en,bonafide
whisper,antes,-51.5189,-8.5175,en,bonafide
whisper,antes,-23.2836,-23.7032,en,bonafide
whisper,antes,-43.2419,-12.8974,en,bonafide
whisper,antes,-45.3909,-16.2512,en,bonafide
whisper,antes,-32.2534,-22.6426,en,bonafide
whisper,antes,-48.7251,-9.5920,en,bonafide
whisper,antes,-52.1726,-11.6549,en,bonafide
whisper,antes,-54.2703,-13.8310,en,bonafide
whisper,antes,-46.0142,-8.4077,en,bonafide
whisper,antes,-34.4781,-24.3573,en,bonafide
whisper,antes,-47.7883,-7.3011,en,bonafide
whisper,antes,-49.7683,-13.1977,en,bonafide
whisper,antes,-27.3858,-24.1911,en,bonafide
whisper,antes,-53.7936,-17.3034,en,bonafide
whisper,antes,-51.7515,-7.1120,en,bonafide
whisper,antes,-30.0039,-21.8460,en,bonafide
whisper,antes,-22.7610,-24.2028,en,bonafide
whisper,antes,-49.8132,-6.5477,en,spoof
whisper,antes,-36.7228,-19.1451,en,spoof
whisper,antes,-45.1206,-12.3990,en,spoof
whisper,antes,-48.8750,-19.6030,en,spoof
whisper,antes,-33.6399,-22.5363,en,spoof
whisper,antes,-45.5816,-12.5516,en,spoof
whisper,antes,-43.6701,-14.9281,en,spoof
whisper,antes,-42.3593,-12.2942,en,spoof
whisper,antes,-31.2551,-22.3610,en,spoof
whisper,antes,-44.2366,-16.0436,en,spoof
whisper,antes,-46.2894,-13.6293,en,spoof
whisper,antes,-51.0552,-10.4904,en,spoof
whisper,antes,-54.6315,-14.8513,en,spoof
whisper,antes,-50.7708,-6.8380,en,spoof
whisper,antes,-49.1954,-12.3876,en,spoof
whisper,antes,-50.0045,-8.2954,en,spoof
whisper,antes,-46.5805,-10.0119,en,spoof
whisper,antes,-55.9002,-13.1587,en,spoof
whisper,antes,-36.3661,-24.4670,en,spoof
whisper,antes,-42.5770,-21.7113,en,spoof
whisper,antes,-53.8542,-8.6926,en,spoof
whisper,antes,4.6362,-10.2277,en,spoof
whisper,antes,-47.8935,-9.1663,en,spoof
whisper,antes,-51.8643,-12.2075,en,spoof
whisper,antes,-42.6739,-15.7216,en,spoof
whisper,antes,-47.4014,-11.6737,en,spoof
whisper,antes,-42.7456,-16.9549,en,spoof
whisper,antes,-26.6221,-24.0534,en,spoof
whisper,antes,-53.4651,-9.0683,en,spoof
whisper,antes,-46.3320,-16.8276,en,spoof
whisper,antes,-54.0659,-13.0311,en,spoof
whisper,antes,-53.4242,-12.2133,en,spoof
whisper,antes,-47.8035,-14.1062,en,spoof
whisper,antes,-28.7293,-21.7055,en,spoof
whisper,antes,-49.7838,-10.5884,en,spoof
whisper,antes,-41.6092,-16.0660,en,spoof
whisper,antes,-52.7121,-12.7654,en,spoof
whisper,antes,-51.4061,-10.6795,en,spoof
whisper,antes,-49.0297,-14.3103,en,spoof
whisper,antes,-50.2378,-9.3894,en,spoof
whisper,antes,-52.0871,-11.5244,en,spoof
whisper,antes,-50.4703,-11.4630,en,spoof
whisper,antes,-36.9686,-20.6121,en,spoof
whisper,antes,-51.0348,-6.8354,en,spoof
whisper,antes,-38.0937,-20.7545,en,spoof
whisper,antes,-53.0724,-9.7829,en,spoof
whisper,antes,-53.9474,-7.6681,en,spoof
whisper,antes,-42.1616,-15.3118,en,spoof
whisper,antes,-49.1014,-10.2280,en,spoof
whisper,antes,-36.8345,-19.0648,en,spoof
whisper,antes,-30.0024,-22.3945,en,spoof
whisper,antes,-56.5792,-9.8081,en,spoof
whisper,antes,-27.7496,-20.9695,en,spoof
whisper,antes,-48.9354,-12.0911,en,spoof
whisper,antes,-45.4101,-15.2010,en,spoof
whisper,antes,-48.4017,-5.6751,en,spoof
whisper,antes,-41.8357,-17.2159,en,spoof
whisper,antes,-50.4607,-4.1995,en,spoof
whisper,antes,-50.5989,-14.1336,en,spoof
whisper,antes,-47.8842,-7.5117,en,spoof
whisper,antes,-45.3662,-17.8057,en,spoof
whisper,antes,-46.1683,-15.9106,en,spoof
whisper,antes,-42.1116,-16.7469,en,spoof
whisper,antes,-51.0877,-8.4086,en,spoof
whisper,antes,-45.5362,-10.4227,en,spoof
whisper,antes,-52.6843,-11.0362,en,spoof
whisper,antes,-49.5833,-11.1039,en,spoof
whisper,antes,-26.8625,-24.1807,en,spoof
whisper,antes,-32.3810,-21.3340,en,spoof
whisper,antes,-37.5274,-20.5044,en,spoof
whisper,antes,-51.3234,-3.4386,en,spoof
whisper,antes,-53.8052,-14.7481,en,spoof
whisper,antes,-38.1423,-18.0159,en,spoof
whisper,antes,-54.4219,-8.1757,en,spoof
whisper,antes,-23.6355,-24.4007,en,spoof
whisper,antes,-25.0556,-22.3835,en,spoof
whisper,antes,-45.0953,-15.7434,en,spoof
whisper,antes,-47.0623,-16.8789,en,spoof
whisper,antes,-41.9569,-14.0622,en,spoof
whisper,antes,-38.1104,-17.9703,en,spoof
whisper,antes,-44.0584,-15.6336,en,spoof
whisper,antes,-48.6302,-5.6747,en,spoof
whisper,antes,-56.5449,-9.8094,en,spoof
whisper,antes,-47.5444,-7.2661,en,spoof
whisper,antes,-51.0655,-9.5234,en,spoof
whisper,antes,-43.1939,-17.7693,en,spoof
whisper,antes,-47.1952,-8.5598,en,spoof
whisper,antes,-44.6599,-15.8884,en,spoof
whisper,antes,-52.0267,-14.6027,en,spoof
whisper,antes,-51.4628,-9.4200,en,spoof
whisper,antes,-42.4741,-16.8792,en,spoof
whisper,antes,-52.3042,-9.5875,en,spoof
whisper,antes,-28.1665,-20.3211,en,spoof
whisper,antes,-54.3936,-14.0161,en,spoof
whisper,antes,-47.5739,-6.6354,en,spoof
whisper,antes,-53.2310,-8.8367,en,spoof
whisper,antes,-43.2909,-14.4864,en,spoof
whisper,antes,-55.5791,-14.0527,en,spoof
whisper,antes,-52.7326,-11.9590,en,spoof
whisper,antes,-35.7944,-19.0024,en,spoof
whisper,antes,-41.8281,-16.1200,en,spoof
whisper,antes,-53.5626,-10.2115,en,spoof
whisper,antes,-49.9510,-7.3381,en,spoof
whisper,antes,-44.3594,-17.1247,en,spoof
whisper,antes,-48.1832,-14.0130,en,spoof
whisper,antes,-50.4223,-4.4120,en,spoof
whisper,antes,-51.3111,-6.8947,en,spoof
whisper,antes,-48.5752,-13.3158,en,spoof
whisper,antes,-49.9830,-7.3873,en,spoof
whisper,antes,-35.7635,-19.0085,en,spoof
whisper,antes,-31.9422,-22.2534,en,spoof
whisper,antes,-48.3110,-9.9201,en,spoof
whisper,antes,-54.9033,-7.5974,en,spoof
whisper,antes,-55.6304,-13.6373,en,spoof
whisper,antes,-46.6258,-8.0280,en,spoof
whisper,antes,-47.7608,-15.2174,en,spoof
whisper,antes,-49.5581,-12.8898,en,spoof
whisper,antes,-44.8262,-15.6872,en,spoof
whisper,antes,-42.6562,-15.4707,en,spoof
whisper,antes,-54.5458,-10.7020,en,spoof
whisper,antes,-53.2895,-14.9642,en,spoof
whisper,antes,-37.7833,-21.8769,en,spoof
whisper,antes,-51.9247,-15.3303,en,spoof
whisper,antes,-43.7853,-13.7837,en,spoof
whisper,antes,-52.1368,-8.9490,en,spoof
whisper,antes,-52.1726,-12.4162,en,spoof
whisper,antes,-49.7140,-9.0809,en,spoof
whisper,antes,-45.0882,-14.1429,en,spoof
whisper,antes,-54.2176,-7.7207,en,spoof
whisper,antes,-46.1293,-10.5831,en,spoof
whisper,antes,-53.1147,-6.2873,en,spoof
whisper,antes,-49.3861,-9.2818,en,spoof
whisper,antes,-27.4622,-22.4755,en,spoof
whisper,antes,-54.4790,-9.4189,en,spoof
whisper,antes,-26.6764,-24.1232,en,spoof
whisper,antes,-45.8200,-19.9062,en,spoof
whisper,antes,-47.0586,-7.5989,en,spoof
whisper,antes,-43.4722,-15.9228,en,spoof
whisper,antes,-23.9001,-22.8662,en,spoof
whisper,antes,-45.8474,-19.8976,en,spoof
whisper,antes,-42.6709,-13.3470,en,spoof
whisper,antes,-53.6894,-17.0298,en,spoof
whisper,antes,-43.2024,-12.1361,en,spoof
whisper,antes,-51.2879,-14.8672,en,spoof
whisper,antes,-43.4741,-13.8226,en,spoof
whisper,antes,-42.8910,-13.9076,en,spoof
whisper,antes,-50.6893,-18.3506,en,spoof
whisper,antes,-54.4624,-13.5613,en,spoof
whisper,antes,-50.7260,-8.9504,en,spoof
whisper,antes,-48.9675,-5.1008,en,spoof
whisper,antes,-20.1724,-3.0980,es,bonafide
whisper,antes,-0.3457,0.7238,es,bonafide
whisper,antes,-7.2922,3.1430,es,bonafide
whisper,antes,-22.4856,3.4824,es,bonafide
whisper,antes,14.5939,-1.5284,es,bonafide
whisper,antes,-16.9944,0.2803,es,bonafide
whisper,antes,-19.1624,-1.7219,es,bonafide
whisper,antes,-8.4701,3.9056,es,bonafide
whisper,antes,-0.2493,0.7486,es,bonafide
whisper,antes,-3.3290,-0.1644,es,bonafide
whisper,antes,-23.0220,-2.2272,es,bonafide
whisper,antes,-10.1769,-2.3269,es,bonafide
whisper,antes,-3.3149,5.4674,es,bonafide
whisper,antes,-21.4908,1.1978,es,bonafide
whisper,antes,13.9322,-1.1624,es,bonafide
whisper,antes,-8.7181,3.4142,es,bonafide
whisper,antes,-15.8619,0.0431,es,bonafide
whisper,antes,-25.4755,-1.6994,es,bonafide
whisper,antes,-4.4652,5.4783,es,bonafide
whisper,antes,-15.0144,-0.3882,es,bonafide
whisper,antes,14.0769,-1.6238,es,bonafide
whisper,antes,-23.3780,-2.4461,es,bonafide
whisper,antes,-5.4653,4.1946,es,bonafide
whisper,antes,-3.9446,-0.0957,es,bonafide
whisper,antes,-14.5496,0.0615,es,bonafide
whisper,antes,-22.7589,-1.7695,es,bonafide
whisper,antes,-22.6617,-2.7536,es,bonafide
whisper,antes,-8.6105,-1.3885,es,bonafide
whisper,antes,-8.2159,-0.3005,es,bonafide
whisper,antes,-6.4718,9.4915,es,bonafide
whisper,antes,-25.7263,-1.6324,es,bonafide
whisper,antes,-23.7170,-0.8352,es,bonafide
whisper,antes,0.0667,-0.9424,es,bonafide
whisper,antes,-19.8826,-0.6357,es,bonafide
whisper,antes,-10.7293,0.2657,es,bonafide
whisper,antes,-1.3370,-1.5689,es,bonafide
whisper,antes,14.3031,-1.0881,es,bonafide
whisper,antes,-4.1602,8.1457,es,bonafide
whisper,antes,14.8343,2.1824,es,bonafide
whisper,antes,-18.5675,-0.5476,es,bonafide
whisper,antes,-13.8648,-0.7734,es,bonafide
whisper,antes,-19.2874,0.0985,es,bonafide
whisper,antes,0.1498,0.7520,es,bonafide
whisper,antes,-17.0256,3.3220,es,bonafide
whisper,antes,-24.9985,-1.3101,es,bonafide
whisper,antes,-8.6491,-1.4581,es,bonafide
whisper,antes,-5.1361,1.4281,es,bonafide
whisper,antes,-14.2335,1.2912,es,bonafide
whisper,antes,-12.5145,1.3549,es,bonafide
whisper,antes,-2.1347,0.2740,es,bonafide
whisper,antes,-22.6021,-0.8139,es,bonafide
whisper,antes,-22.5282,-2.7443,es,bonafide
whisper,antes,-5.7836,4.6161,es,bonafide
whisper,antes,-23.6981,-1.8719,es,bonafide
whisper,antes,-14.9482,1.6211,es,bonafide
whisper,antes,-21.4796,-1.5413,es,bonafide
whisper,antes,-1.8439,0.3433,es,bonafide
whisper,antes,-0.3063,3.6126,es,bonafide
whisper,antes,-12.8414,3.5074,es,bonafide
whisper,antes,14.5304,1.4411,es,bonafide
whisper,antes,-21.0439,-3.0932,es,bonafide
whisper,antes,14.6264,0.8645,es,bonafide
whisper,antes,-14.0448,-0.2324,es,bonafide
whisper,antes,-0.1550,5.1613,es,bonafide
whisper,antes,-24.4040,4.1644,es,bonafide
whisper,antes,-10.0858,-2.3950,es,bonafide
whisper,antes,-4.2705,-0.2063,es,bonafide
whisper,antes,-17.0488,3.2127,es,bonafide
whisper,antes,-22.4780,-2.1075,es,bonafide
whisper,antes,-18.8055,2.4524,es,bonafide
whisper,antes,-4.8432,4.8830,es,bonafide
whisper,antes,-4.8941,0.4077,es,bonafide
whisper,antes,-19.3329,-0.5095,es,bonafide
whisper,antes,-8.4630,-0.6072,es,bonafide
whisper,antes,-7.5514,7.8041,es,bonafide
whisper,antes,-17.2346,-1.0359,es,bonafide
whisper,antes,-11.1426,3.5890,es,bonafide
whisper,antes,-25.3632,-1.5952,es,bonafide
whisper,antes,-9.5046,-0.5680,es,bonafide
whisper,antes,-24.1737,-1.3415,es,bonafide
whisper,antes,-28.8540,0.3959,es,bonafide
whisper,antes,-13.2703,0.6607,es,bonafide
whisper,antes,-20.9485,-2.3944,es,bonafide
whisper,antes,0.2822,3.3896,es,bonafide
whisper,antes,-21.6688,2.7288,es,bonafide
whisper,antes,-4.5690,0.5416,es,bonafide
whisper,antes,-10.0831,-0.1388,es,bonafide
whisper,antes,-10.7568,0.2216,es,bonafide
whisper,antes,-9.3381,-0.2298,es,bonafide
whisper,antes,-20.4185,-0.9499,es,bonafide
whisper,antes,-13.2698,0.1627,es,bonafide
whisper,antes,-22.9529,-0.7084,es,bonafide
whisper,antes,-3.8010,7.9225,es,bonafide
whisper,antes,-20.1976,-0.5019,es,bonafide
whisper,antes,-2.1882,6.0103,es,bonafide
whisper,antes,0.6070,0.3005,es,bonafide
whisper,antes,-9.3714,4.0185,es,bonafide
whisper,antes,-17.4135,0.0088,es,bonafide
whisper,antes,-21.5564,1.1354,es,bonafide
whisper,antes,-18.0929,3.3967,es,bonafide
whisper,antes,-6.5914,2.7752,es,bonafide
whisper,antes,-16.2292,1.3418,es,bonafide
whisper,antes,-20.1296,-1.4150,es,bonafide
whisper,antes,-24.5405,-0.7635,es,bonafide
whisper,antes,-0.2807,2.7251,es,bonafide
whisper,antes,-17.1911,3.5549,es,bonafide
whisper,antes,-7.8994,3.2410,es,bonafide
whisper,antes,13.6331,-1.3570,es,bonafide
whisper,antes,-8.9549,4.2350,es,bonafide
whisper,antes,-14.4035,3.6898,es,bonafide
whisper,antes,-22.5903,1.6779,es,bonafide
whisper,antes,-23.8143,2.9300,es,bonafide
whisper,antes,-22.8597,-1.2329,es,bonafide
whisper,antes,0.0490,0.1790,es,bonafide
whisper,antes,-7.8662,3.0718,es,bonafide
whisper,antes,-0.5789,1.1510,es,bonafide
whisper,antes,-15.6440,4.0034,es,bonafide
whisper,antes,-13.8218,2.8786,es,bonafide
whisper,antes,-10.7929,-0.3076,es,bonafide
whisper,antes,0.3585,1.7908,es,bonafide
whisper,antes,2.3801,5.3743,es,bonafide
whisper,antes,-20.8370,-1.8231,es,bonafide
whisper,antes,-6.7043,9.5125,es,bonafide
whisper,antes,-6.5174,-1.3795,es,bonafide
whisper,antes,-14.3806,-0.7710,es,bonafide
whisper,antes,-3.1869,4.0425,es,bonafide
whisper,antes,-14.3713,0.7610,es,bonafide
whisper,antes,-4.7315,0.5146,es,bonafide
whisper,antes,-21.7182,-2.8424,es,bonafide
whisper,antes,-23.2255,-2.2972,es,bonafide
whisper,antes,-3.7368,6.4119,es,bonafide
whisper,antes,-24.7094,-0.5936,es,bonafide
whisper,antes,-7.1651,-1.5695,es,bonafide
whisper,antes,14.1020,-1.4966,es,bonafide
whisper,antes,-8.0588,7.8704,es,bonafide
whisper,antes,1.2576,0.0205,es,bonafide
whisper,antes,-23.5004,-3.0912,es,bonafide
whisper,antes,-7.0639,-1.2988,es,bonafide
whisper,antes,12.7813,-1.2232,es,bonafide
whisper,antes,12.4733,-1.1660,es,bonafide
whisper,antes,-25.7886,-2.5959,es,bonafide
whisper,antes,-3.5049,6.7424,es,bonafide
whisper,antes,-25.1667,-1.8857,es,bonafide
whisper,antes,-11.4298,3.7599,es,bonafide
whisper,antes,-17.6831,-0.8861,es,bonafide
whisper,antes,-12.4445,3.1168,es,bonafide
whisper,antes,-10.4203,6.7877,es,bonafide
whisper,antes,-5.2536,6.7880,es,bonafide
whisper,antes,-9.7123,0.0501,es,bonafide
whisper,antes,-22.2167,-1.9186,es,bonafide
whisper,antes,-14.7240,6.6618,es,spoof
whisper,antes,-5.2571,-0.3984,es,spoof
whisper,antes,-23.7638,4.9824,es,spoof
whisper,antes,-7.0312,0.1075,es,spoof
whisper,antes,-4.0029,4.3233,es,spoof
whisper,antes,-23.8758,4.8628,es,spoof
whisper,antes,-14.2858,2.1397,es,spoof
whisper,antes,-14.1542,4.0389,es,spoof
whisper,antes,-19.9696,1.7540,es,spoof
whisper,antes,-9.9831,6.0285,es,spoof
whisper,antes,-49.9315,-3.2006,es,spoof
whisper,antes,-9.4293,5.4912,es,spoof
whisper,antes,-6.7046,6.1640,es,spoof
whisper,antes,-12.2934,-0.5924,es,spoof
whisper,antes,15.2240,-0.0983,es,spoof
whisper,antes,14.3727,0.2216,es,spoof
whisper,antes,-6.9689,9.2099,es,spoof
whisper,antes,-22.2777,6.1634,es,spoof
whisper,antes,-7.2974,7.1860,es,spoof
whisper,antes,-14.7024,7.6641,es,spoof
whisper,antes,-3.4590,2.1010,es,spoof
whisper,antes,15.1042,0.2908,es,spoof
whisper,antes,-7.7312,8.6079,es,spoof
whisper,antes,-18.5062,6.6801,es,spoof
whisper,antes,-8.3100,6.9184,es,spoof
whisper,antes,-8.0992,4.5422,es,spoof
whisper,antes,-15.7594,5.2495,es,spoof
whisper,antes,-6.7647,8.9421,es,spoof
whisper,antes,-3.4484,0.7397,es,spoof
whisper,antes,-26.4974,0.6393,es,spoof
whisper,antes,-7.1424,0.2986,es,spoof
whisper,antes,-21.3162,0.9850,es,spoof
whisper,antes,-5.1008,3.5318,es,spoof
whisper,antes,-4.0631,-0.5244,es,spoof
whisper,antes,-15.1014,4.2305,es,spoof
whisper,antes,-11.8627,2.5710,es,spoof
whisper,antes,-7.2105,0.8980,es,spoof
whisper,antes,-6.0750,6.8968,es,spoof
whisper,antes,-16.7043,7.1988,es,spoof
whisper,antes,-25.3363,-2.8361,es,spoof
whisper,antes,-7.2008,7.1437,es,spoof
whisper,antes,-23.7707,2.3292,es,spoof
whisper,antes,-0.7916,-1.5941,es,spoof
whisper,antes,-18.6531,6.4992,es,spoof
whisper,antes,-7.3801,4.2698,es,spoof
whisper,antes,1.6778,5.1138,es,spoof
whisper,antes,-7.3887,1.9933,es,spoof
whisper,antes,-6.5924,6.6828,es,spoof
whisper,antes,-18.5338,6.4496,es,spoof
whisper,antes,-26.1869,-0.0699,es,spoof
whisper,antes,-8.4024,8.8705,es,spoof
whisper,antes,1.1069,4.6146,es,spoof
whisper,antes,-14.4050,7.0752,es,spoof
whisper,antes,-1.0814,1.7383,es,spoof
whisper,antes,-10.5156,-2.1159,es,spoof
whisper,antes,-20.0847,1.5270,es,spoof
whisper,antes,-15.8040,2.5851,es,spoof
whisper,antes,-23.3035,2.1517,es,spoof
whisper,antes,11.9091,-1.1500,es,spoof
whisper,antes,-14.5493,3.0104,es,spoof
whisper,antes,-5.7427,6.7334,es,spoof
whisper,antes,-19.8561,0.9507,es,spoof
whisper,antes,-19.9366,4.4062,es,spoof
whisper,antes,-7.2456,0.2853,es,spoof
whisper,antes,-11.4627,6.7167,es,spoof
whisper,antes,-15.5263,7.7439,es,spoof
whisper,antes,0.6808,0.9077,es,spoof
whisper,antes,-13.3954,1.1054,es,spoof
whisper,antes,-6.1940,5.3602,es,spoof
whisper,antes,14.4386,-1.3287,es,spoof
whisper,antes,-20.4516,2.2010,es,spoof
whisper,antes,-20.0336,4.4549,es,spoof
whisper,antes,-15.8200,1.6720,es,spoof
whisper,antes,-2.8322,4.7686,es,spoof
whisper,antes,-7.1761,0.7560,es,spoof
whisper,antes,-16.0984,6.6178,es,spoof
whisper,antes,-16.2691,7.0210,es,spoof
whisper,antes,-5.2903,-0.1722,es,spoof
whisper,antes,-5.8774,-1.0456,es,spoof
whisper,antes,-11.8525,2.4385,es,spoof
whisper,antes,-11.4215,1.2346,es,spoof
whisper,antes,-18.6390,6.6193,es,spoof
whisper,antes,-9.0441,6.8743,es,spoof
whisper,antes,-21.5644,5.5125,es,spoof
whisper,antes,14.9324,-0.5956,es,spoof
whisper,antes,-24.0489,1.6992,es,spoof
whisper,antes,0.9679,5.0894,es,spoof
whisper,antes,-6.2947,8.7160,es,spoof
whisper,antes,-25.2624,1.3885,es,spoof
whisper,antes,-20.9534,3.6324,es,spoof
whisper,antes,-21.7872,3.4834,es,spoof
whisper,antes,-15.4623,3.8849,es,spoof
whisper,antes,-1.6506,3.6167,es,spoof
whisper,antes,-21.3462,5.5026,es,spoof
whisper,antes,-4.1185,1.5773,es,spoof
whisper,antes,-4.3337,7.9024,es,spoof
whisper,antes,-26.9778,1.5876,es,spoof
whisper,antes,-15.5138,3.3690,es,spoof
whisper,antes,-19.6040,0.2012,es,spoof
whisper,antes,-3.1482,7.4288,es,spoof
whisper,antes,-11.9412,0.4164,es,spoof
whisper,antes,1.8959,5.2061,es,spoof
whisper,antes,-27.8360,1.2900,es,spoof
whisper,antes,-0.1530,1.6880,es,spoof
whisper,antes,-21.8086,2.6511,es,spoof
whisper,antes,-5.2035,4.0483,es,spoof
whisper,antes,-13.0636,7.4684,es,spoof
whisper,antes,-0.5220,2.6095,es,spoof
whisper,antes,-19.9476,-2.2041,es,spoof
whisper,antes,-15.6514,2.6291,es,spoof
whisper,antes,19.7497,-4.5472,es,spoof
whisper,antes,-20.6978,2.9513,es,spoof
whisper,antes,21.7364,-6.7646,es,spoof
whisper,antes,-14.5838,6.1392,es,spoof
whisper,antes,14.9435,-1.8125,es,spoof
whisper,antes,-12.4136,5.3461,es,spoof
whisper,antes,-11.2948,-0.7040,es,spoof
whisper,antes,-3.1940,-0.1420,es,spoof
whisper,antes,-4.1858,4.4473,es,spoof
whisper,antes,-5.1627,4.2516,es,spoof
whisper,antes,-14.7381,6.4218,es,spoof
whisper,antes,-15.5088,5.2901,es,spoof
whisper,antes,-25.2406,0.1785,es,spoof
whisper,antes,-9.3852,2.6281,es,spoof
whisper,antes,-3.8386,5.5991,es,spoof
whisper,antes,-25.9632,0.1798,es,spoof
whisper,antes,-5.0804,7.9234,es,spoof
whisper,antes,-15.4942,7.1757,es,spoof
whisper,antes,-27.0593,1.8407,es,spoof
whisper,antes,-7.4656,5.5478,es,spoof
whisper,antes,-12.4442,0.3313,es,spoof
whisper,antes,-8.8002,0.8150,es,spoof
whisper,antes,-17.8170,5.0304,es,spoof
whisper,antes,-0.6851,3.6645,es,spoof
whisper,antes,-21.3667,3.5749,es,spoof
whisper,antes,-20.6405,2.9424,es,spoof
whisper,antes,-3.6188,1.5926,es,spoof
whisper,antes,-0.7403,1.0222,es,spoof
whisper,antes,-12.1958,5.3703,es,spoof
whisper,antes,-16.5745,7.0719,es,spoof
whisper,antes,19.8035,-4.8648,es,spoof
whisper,antes,-12.8487,-1.3439,es,spoof
whisper,antes,0.9889,2.0893,es,spoof
whisper,antes,13.7928,-0.6727,es,spoof
whisper,antes,17.8012,-3.6921,es,spoof
whisper,antes,-27.0117,1.6202,es,spoof
whisper,antes,-4.4226,4.2103,es,spoof
whisper,antes,-24.2083,-2.5430,es,spoof
whisper,antes,-8.8543,2.8986,es,spoof
whisper,antes,-16.0237,5.1685,es,spoof
whisper,antes,29.2754,4.0892,fr,bonafide
whisper,antes,42.4200,17.7424,fr,bonafide
whisper,antes,38.1196,8.0389,fr,bonafide
whisper,antes,44.5813,16.4329,fr,bonafide
whisper,antes,44.8699,27.1689,fr,bonafide
whisper,antes,43.9900,24.4542,fr,bonafide
whisper,antes,39.8390,7.2006,fr,bonafide
whisper,antes,22.5591,-1.1028,fr,bonafide
whisper,antes,33.6746,5.5468,fr,bonafide
whisper,antes,41.9827,17.4285,fr,bonafide
whisper,antes,28.3697,2.8328,fr,bonafide
whisper,antes,36.0181,11.9002,fr,bonafide
whisper,antes,45.3555,21.1595,fr,bonafide
whisper,antes,23.7205,2.8007,fr,bonafide
whisper,antes,21.6933,-3.7116,fr,bonafide
whisper,antes,39.8197,10.1718,fr,bonafide
whisper,antes,36.9402,9.4763,fr,bonafide
whisper,antes,34.8171,7.9642,fr,bonafide
whisper,antes,35.2439,8.3984,fr,bonafide
whisper,antes,41.1158,18.6955,fr,bonafide
whisper,antes,36.3505,11.8839,fr,bonafide
whisper,antes,42.1032,16.9169,fr,bonafide
whisper,antes,46.7541,18.9909,fr,bonafide
whisper,antes,25.9094,4.1554,fr,bonafide
whisper,antes,41.5458,16.9825,fr,bonafide
whisper,antes,25.0577,0.8671,fr,bonafide
whisper,antes,45.0891,20.5663,fr,bonafide
whisper,antes,21.6495,-3.8595,fr,bonafide
whisper,antes,32.8727,9.2475,fr,bonafide
whisper,antes,44.5089,22.0151,fr,bonafide
whisper,antes,30.9797,7.0038,fr,bonafide
whisper,antes,22.3199,-1.5652,fr,bonafide
whisper,antes,45.1496,23.8936,fr,bonafide
whisper,antes,45.6792,19.4016,fr,bonafide
whisper,antes,37.5068,6.3039,fr,bonafide
whisper,antes,24.5898,0.8439,fr,bonafide
whisper,antes,37.1656,7.0034,fr,bonafide
whisper,antes,42.0820,15.7880,fr,bonafide
whisper,antes,46.0455,20.4294,fr,bonafide
whisper,antes,35.1970,10.1085,fr,bonafide
whisper,antes,38.5215,9.0235,fr,bonafide
whisper,antes,43.1130,22.6381,fr,bonafide
whisper,antes,44.7112,25.3060,fr,bonafide
whisper,antes,30.5898,5.2969,fr,bonafide
whisper,antes,34.6688,9.1504,fr,bonafide
whisper,antes,42.6136,13.1081,fr,bonafide
whisper,antes,24.8769,3.5790,fr,bonafide
whisper,antes,31.4518,5.4304,fr,bonafide
whisper,antes,39.8666,9.4176,fr,bonafide
whisper,antes,28.6198,4.4111,fr,bonafide
whisper,antes,43.6702,14.9635,fr,bonafide
whisper,antes,43.0397,26.3183,fr,bonafide
whisper,antes,45.7797,22.7142,fr,bonafide
whisper,antes,43.2225,19.4517,fr,bonafide
whisper,antes,37.5538,7.3030,fr,bonafide
whisper,antes,44.3028,19.6097,fr,bonafide
whisper,antes,29.6809,4.2555,fr,bonafide
whisper,antes,22.4634,-0.7724,fr,bonafide
whisper,antes,45.0560,23.2544,fr,bonafide
whisper,antes,42.3588,18.7759,fr,bonafide
whisper,antes,30.1305,2.7584,fr,bonafide
whisper,antes,21.6397,-4.0478,fr,bonafide
whisper,antes,40.6022,10.1687,fr,bonafide
whisper,antes,43.4538,15.0605,fr,bonafide
whisper,antes,43.8888,18.9962,fr,bonafide
whisper,antes,37.7734,16.2365,fr,bonafide
whisper,antes,41.3361,11.2581,fr,bonafide
whisper,antes,38.9399,8.6949,fr,bonafide
whisper,antes,38.6680,8.0466,fr,bonafide
whisper,antes,45.4302,19.0190,fr,bonafide
whisper,antes,46.0805,21.9670,fr,bonafide
whisper,antes,44.9157,26.3437,fr,bonafide
whisper,antes,38.1406,16.2738,fr,bonafide
whisper,antes,35.7274,9.2305,fr,bonafide
whisper,antes,42.7111,14.0685,fr,bonafide
whisper,antes,44.9553,18.6253,fr,bonafide
whisper,antes,33.6221,9.6995,fr,bonafide
whisper,antes,36.8772,9.8807,fr,bonafide
whisper,antes,42.6962,18.3122,fr,bonafide
whisper,antes,36.6339,7.1959,fr,bonafide
whisper,antes,39.9865,9.2318,fr,bonafide
whisper,antes,31.7363,4.8972,fr,bonafide
whisper,antes,32.7642,9.2977,fr,bonafide
whisper,antes,26.1617,0.1541,fr,bonafide
whisper,antes,39.3639,7.8578,fr,bonafide
whisper,antes,27.3945,4.2208,fr,bonafide
whisper,antes,43.1329,16.3262,fr,bonafide
whisper,antes,23.2366,0.3037,fr,bonafide
whisper,antes,21.7678,-3.5139,fr,bonafide
whisper,antes,30.8176,3.6809,fr,bonafide
whisper,antes,43.0179,15.0911,fr,bonafide
whisper,antes,28.7888,2.2365,fr,bonafide
whisper,antes,46.3262,19.5491,fr,bonafide
whisper,antes,37.2098,7.8332,fr,bonafide
whisper,antes,41.6999,17.5716,fr,bonafide
whisper,antes,44.0208,19.9063,fr,bonafide
whisper,antes,28.3340,4.0026,fr,bonafide
whisper,antes,43.6667,21.0860,fr,bonafide
whisper,antes,29.8624,5.4266,fr,bonafide
whisper,antes,43.3213,26.3018,fr,bonafide
whisper,antes,42.1436,16.6052,fr,bonafide
whisper,antes,25.3887,0.6782,fr,bonafide
whisper,antes,29.8667,4.5171,fr,bonafide
whisper,antes,46.1529,23.6247,fr,bonafide
whisper,antes,44.6532,21.6588,fr,bonafide
whisper,antes,28.8027,6.2001,fr,bonafide
whisper,antes,38.7658,9.4564,fr,bonafide
whisper,antes,46.0355,21.1467,fr,bonafide
whisper,antes,34.5568,12.3432,fr,bonafide
whisper,antes,47.1023,24.2671,fr,bonafide
whisper,antes,35.5280,8.5863,fr,bonafide
whisper,antes,30.4618,5.7558,fr,bonafide
whisper,antes,27.6135,5.1316,fr,bonafide
whisper,antes,30.9983,3.8378,fr,bonafide
whisper,antes,36.1314,6.6998,fr,bonafide
whisper,antes,29.4066,5.6510,fr,bonafide
whisper,antes,36.6526,8.7027,fr,bonafide
whisper,antes,29.7073,7.0768,fr,bonafide
whisper,antes,36.1305,7.1331,fr,bonafide
whisper,antes,41.1284,8.7712,fr,bonafide
whisper,antes,41.8065,17.2132,fr,bonafide
whisper,antes,41.8296,9.8890,fr,bonafide
whisper,antes,46.2445,23.4660,fr,bonafide
whisper,antes,45.3054,24.1655,fr,bonafide
whisper,antes,36.0889,12.1472,fr,bonafide
whisper,antes,44.7179,26.4663,fr,bonafide
whisper,antes,21.8560,-3.7451,fr,bonafide
whisper,antes,45.5848,17.5794,fr,bonafide
whisper,antes,44.6196,25.8414,fr,bonafide
whisper,antes,22.3555,-1.3777,fr,bonafide
whisper,antes,32.1410,6.7964,fr,bonafide
whisper,antes,41.9850,15.6959,fr,bonafide
whisper,antes,36.9599,11.9875,fr,bonafide
whisper,antes,45.1577,18.3400,fr,bonafide
whisper,antes,39.7143,7.8538,fr,bonafide
whisper,antes,46.3833,17.6927,fr,bonafide
whisper,antes,31.1716,6.8864,fr,bonafide
whisper,antes,39.9159,8.5056,fr,bonafide
whisper,antes,43.9530,24.2865,fr,bonafide
whisper,antes,37.5548,8.5944,fr,bonafide
whisper,antes,46.7532,21.7690,fr,bonafide
whisper,antes,30.4599,5.9182,fr,bonafide
whisper,antes,43.8789,26.8854,fr,bonafide
whisper,antes,46.0382,22.7731,fr,bonafide
whisper,antes,44.5234,18.0733,fr,bonafide
whisper,antes,29.8149,7.0615,fr,bonafide
whisper,antes,45.4520,16.1102,fr,bonafide
whisper,antes,43.1083,23.1648,fr,bonafide
whisper,antes,28.7752,5.4833,fr,bonafide
whisper,antes,36.3750,8.6355,fr,bonafide
whisper,antes,35.4056,10.2177,fr,spoof
whisper,antes,39.9790,14.8800,fr,spoof
whisper,antes,23.8927,4.1977,fr,spoof
whisper,antes,22.2943,-1.5606,fr,spoof
whisper,antes,40.1044,16.6359,fr,spoof
whisper,antes,40.3168,8.9482,fr,spoof
whisper,antes,44.3078,12.3388,fr,spoof
whisper,antes,46.7742,22.6600,fr,spoof
whisper,antes,24.1161,1.4460,fr,spoof
whisper,antes,24.1548,0.1449,fr,spoof
whisper,antes,27.4874,1.5805,fr,spoof
whisper,antes,40.1114,12.2841,fr,spoof
whisper,antes,33.0515,4.3673,fr,spoof
whisper,antes,36.0153,14.9027,fr,spoof
whisper,antes,36.6005,3.9119,fr,spoof
whisper,antes,31.5912,4.4829,fr,spoof
whisper,antes,36.8475,3.1687,fr,spoof
whisper,antes,41.5138,12.0096,fr,spoof
whisper,antes,47.5847,22.3263,fr,spoof
whisper,antes,38.3339,10.6920,fr,spoof
whisper,antes,41.7629,13.9734,fr,spoof
whisper,antes,48.5211,23.7934,fr,spoof
whisper,antes,29.4801,4.6311,fr,spoof
whisper,antes,33.3710,3.1762,fr,spoof
whisper,antes,26.9699,3.0377,fr,spoof
whisper,antes,21.2070,-3.3216,fr,spoof
whisper,antes,35.6677,3.4028,fr,spoof
whisper,antes,48.1868,24.3077,fr,spoof
whisper,antes,36.1999,4.8963,fr,spoof
whisper,antes,44.8517,19.9941,fr,spoof
whisper,antes,49.8163,23.4802,fr,spoof
whisper,antes,36.2568,15.2055,fr,spoof
whisper,antes,44.3600,12.3606,fr,spoof
whisper,antes,33.9875,2.1370,fr,spoof
whisper,antes,39.8475,10.8526,fr,spoof
whisper,antes,32.3924,8.7546,fr,spoof
whisper,antes,43.7086,24.6779,fr,spoof
whisper,antes,44.6891,14.3935,fr,spoof
whisper,antes,23.2371,-0.0841,fr,spoof
whisper,antes,34.8338,4.7604,fr,spoof
whisper,antes,38.7898,14.6148,fr,spoof
whisper,antes,34.5711,3.7139,fr,spoof
whisper,antes,25.8182,-0.0641,fr,spoof
whisper,antes,43.7981,23.8795,fr,spoof
whisper,antes,42.0548,21.5575,fr,spoof
whisper,antes,35.1703,12.6843,fr,spoof
whisper,antes,24.0114,0.5294,fr,spoof
whisper,antes,45.8807,15.6971,fr,spoof
whisper,antes,39.1962,16.4930,fr,spoof
whisper,antes,38.0339,11.1771,fr,spoof
whisper,antes,34.0590,2.7732,fr,spoof
whisper,antes,34.3626,3.0901,fr,spoof
whisper,antes,38.9822,10.7534,fr,spoof
whisper,antes,44.7329,21.4610,fr,spoof
whisper,antes,44.2637,20.8991,fr,spoof
whisper,antes,44.7445,25.9707,fr,spoof
whisper,antes,22.8204,-0.3928,fr,spoof
whisper,antes,33.5682,6.1393,fr,spoof
whisper,antes,49.0032,21.2783,fr,spoof
whisper,antes,34.3291,3.1657,fr,spoof
whisper,antes,42.6112,21.7184,fr,spoof
whisper,antes,42.5935,14.1209,fr,spoof
whisper,antes,25.6051,1.5930,fr,spoof
whisper,antes,41.3687,18.2435,fr,spoof
whisper,antes,37.2778,5.4661,fr,spoof
whisper,antes,36.8998,13.4799,fr,spoof
whisper,antes,35.9404,10.3622,fr,spoof
whisper,antes,31.7715,3.9203,fr,spoof
whisper,antes,35.5535,10.0690,fr,spoof
whisper,antes,33.4288,5.2459,fr,spoof
whisper,antes,33.7769,2.1163,fr,spoof
whisper,antes,43.5939,22.4545,fr,spoof
whisper,antes,23.5851,4.0096,fr,spoof
whisper,antes,42.9952,25.4309,fr,spoof
whisper,antes,33.2119,2.0118,fr,spoof
whisper,antes,32.1477,3.2149,fr,spoof
whisper,antes,43.8197,26.5678,fr,spoof
whisper,antes,28.0286,2.6595,fr,spoof
whisper,antes,38.5699,14.2660,fr,spoof
whisper,antes,34.5814,5.1332,fr,spoof
whisper,antes,48.5597,24.4828,fr,spoof
whisper,antes,23.9230,2.5367,fr,spoof
whisper,antes,33.1997,3.3443,fr,spoof
whisper,antes,47.8362,22.7065,fr,spoof
whisper,antes,31.2565,5.2515,fr,spoof
whisper,antes,32.9006,3.3193,fr,spoof
whisper,antes,42.5413,14.1038,fr,spoof
whisper,antes,39.8911,14.8706,fr,spoof
whisper,antes,40.7715,11.3602,fr,spoof
whisper,antes,44.2643,10.7441,fr,spoof
whisper,antes,45.0061,12.7039,fr,spoof
whisper,antes,24.0138,1.6494,fr,spoof
whisper,antes,43.3503,16.8825,fr,spoof
whisper,antes,48.8144,24.4986,fr,spoof
whisper,antes,49.1599,24.3596,fr,spoof
whisper,antes,40.8066,20.7286,fr,spoof
whisper,antes,37.5648,13.5792,fr,spoof
whisper,antes,-46.6279,-3.2270,fr,spoof
whisper,antes,30.8110,3.1815,fr,spoof
whisper,antes,42.4701,23.0681,fr,spoof
whisper,antes,45.1558,22.0881,fr,spoof
whisper,antes,23.6392,-0.2573,fr,spoof
whisper,antes,22.9092,0.1388,fr,spoof
whisper,antes,35.3367,6.0392,fr,spoof
whisper,antes,25.3497,2.6124,fr,spoof
whisper,antes,40.8939,18.3504,fr,spoof
whisper,antes,26.6840,2.4144,fr,spoof
whisper,antes,43.7234,26.1911,fr,spoof
whisper,antes,38.6378,10.6381,fr,spoof
whisper,antes,37.1699,3.8895,fr,spoof
whisper,antes,38.2015,15.3729,fr,spoof
whisper,antes,41.9969,14.5968,fr,spoof
whisper,antes,35.0197,3.0851,fr,spoof
whisper,antes,21.2127,-2.9365,fr,spoof
whisper,antes,33.9518,1.2622,fr,spoof
whisper,antes,45.5838,25.7436,fr,spoof
whisper,antes,30.6299,2.0016,fr,spoof
whisper,antes,35.4020,12.7542,fr,spoof
whisper,antes,43.6103,11.5415,fr,spoof
whisper,antes,33.5152,3.8281,fr,spoof
whisper,antes,26.5388,1.7002,fr,spoof
whisper,antes,47.8034,23.0959,fr,spoof
whisper,antes,48.0919,23.5870,fr,spoof
whisper,antes,37.9824,9.7060,fr,spoof
whisper,antes,36.0651,4.2394,fr,spoof
whisper,antes,27.2973,1.3358,fr,spoof
whisper,antes,44.9444,22.7018,fr,spoof
whisper,antes,35.9043,14.0758,fr,spoof
whisper,antes,32.5715,1.0671,fr,spoof
whisper,antes,46.5890,16.1178,fr,spoof
whisper,antes,44.5518,15.5954,fr,spoof
whisper,antes,40.1693,16.4245,fr,spoof
whisper,antes,22.3461,1.3980,fr,spoof
whisper,antes,48.2812,23.5581,fr,spoof
whisper,antes,44.5039,16.5545,fr,spoof
whisper,antes,48.8667,24.7294,fr,spoof
whisper,antes,4.9873,-9.5597,fr,spoof
whisper,antes,33.5618,3.9366,fr,spoof
whisper,antes,44.8080,12.5695,fr,spoof
whisper,antes,40.4173,15.9612,fr,spoof
whisper,antes,26.8228,1.1070,fr,spoof
whisper,antes,39.7172,13.1932,fr,spoof
whisper,antes,37.7154,3.4479,fr,spoof
whisper,antes,47.1192,20.5485,fr,spoof
whisper,antes,43.2929,14.4491,fr,spoof
whisper,antes,39.3714,16.4159,fr,spoof
whisper,antes,40.9222,16.7126,fr,spoof
whisper,antes,35.8426,2.3132,fr,spoof
whisper,antes,46.9839,22.0121,fr,spoof
whisper,antes,39.3422,9.7381,fr,spoof
whisper,antes,-16.8783,28.5149,it,bonafide
whisper,antes,-21.1032,29.7731,it,bonafide
whisper,antes,-22.9361,36.3828,it,bonafide
whisper,antes,-21.6390,34.7013,it,bonafide
whisper,antes,-29.8565,35.8254,it,bonafide
whisper,antes,-24.1821,30.4257,it,bonafide
whisper,antes,-13.4932,27.5354,it,bonafide
whisper,antes,-33.2330,35.7631,it,bonafide
whisper,antes,-18.6212,33.6580,it,bonafide
whisper,antes,-23.0048,29.1197,it,bonafide
whisper,antes,-13.7670,28.9726,it,bonafide
whisper,antes,-24.1767,33.0423,it,bonafide
whisper,antes,-19.9703,31.0898,it,bonafide
whisper,antes,-21.6426,36.5984,it,bonafide
whisper,antes,-17.2228,29.1077,it,bonafide
whisper,antes,-23.6907,32.4982,it,bonafide
whisper,antes,-27.2734,36.0293,it,bonafide
whisper,antes,-16.8075,32.0856,it,bonafide
whisper,antes,-15.4606,28.9431,it,bonafide
whisper,antes,-14.0940,26.1581,it,bonafide
whisper,antes,-32.9440,33.2757,it,bonafide
whisper,antes,-20.0358,38.8498,it,bonafide
whisper,antes,-28.5449,33.1111,it,bonafide
whisper,antes,-26.1273,36.2426,it,bonafide
whisper,antes,-35.1524,36.7613,it,bonafide
whisper,antes,-24.8516,37.9479,it,bonafide
whisper,antes,-33.8236,35.5558,it,bonafide
whisper,antes,-17.7797,33.7701,it,bonafide
whisper,antes,-22.0618,33.6674,it,bonafide
whisper,antes,-27.9379,36.3854,it,bonafide
whisper,antes,-12.7209,25.3097,it,bonafide
whisper,antes,-25.7827,33.6690,it,bonafide
whisper,antes,-18.9297,33.9067,it,bonafide
whisper,antes,-22.7195,30.3057,it,bonafide
whisper,antes,-23.8626,32.9779,it,bonafide
whisper,antes,-14.2677,27.7318,it,bonafide
whisper,antes,-10.8437,24.3144,it,bonafide
whisper,antes,-21.3335,32.2437,it,bonafide
whisper,antes,-18.3686,35.3233,it,bonafide
whisper,antes,-28.5916,33.8873,it,bonafide
whisper,antes,-13.3097,26.6465,it,bonafide
whisper,antes,-35.4423,36.8805,it,bonafide
whisper,antes,-23.4673,33.6986,it,bonafide
whisper,antes,-15.5652,29.0430,it,bonafide
whisper,antes,-27.9108,34.0415,it,bonafide
whisper,antes,-30.2067,34.9950,it,bonafide
whisper,antes,-12.3263,26.1669,it,bonafide
whisper,antes,-25.6271,36.6213,it,bonafide
whisper,antes,-33.8091,35.9939,it,bonafide
whisper,antes,-27.4613,33.1917,it,bonafide
whisper,antes,-15.0189,27.7082,it,bonafide
whisper,antes,-20.5564,37.3125,it,bonafide
whisper,antes,-16.4103,28.9178,it,bonafide
whisper,antes,-30.8604,35.4732,it,bonafide
whisper,antes,-28.5107,36.8927,it,bonafide
whisper,antes,-13.8722,26.9665,it,bonafide
whisper,antes,-27.4601,35.0885,it,bonafide
whisper,antes,-33.3637,30.6094,it,bonafide
whisper,antes,-19.1830,34.1655,it,bonafide
whisper,antes,-23.6704,36.3198,it,bonafide
whisper,antes,-27.9928,34.0397,it,bonafide
whisper,antes,-20.5732,30.2521,it,bonafide
whisper,antes,-12.3474,28.4240,it,bonafide
whisper,antes,-15.4731,28.7070,it,bonafide
whisper,antes,-13.3296,26.3885,it,bonafide
whisper,antes,-20.2092,38.8635,it,bonafide
whisper,antes,-15.2774,29.5053,it,bonafide
whisper,antes,-31.7986,34.0701,it,bonafide
whisper,antes,-11.5873,25.6057,it,bonafide
whisper,antes,-30.4532,33.4909,it,bonafide
whisper,antes,-12.7350,28.4642,it,bonafide
whisper,antes,-16.2637,31.3850,it,bonafide
whisper,antes,-34.7953,36.4106,it,bonafide
whisper,antes,-32.6870,35.1053,it,bonafide
whisper,antes,-10.4994,23.9992,it,bonafide
whisper,antes,-15.9763,33.6280,it,bonafide
whisper,antes,-18.6467,33.6761,it,bonafide
whisper,antes,-35.3279,36.0911,it,bonafide
whisper,antes,-30.9913,36.7287,it,bonafide
whisper,antes,-20.5992,30.6743,it,bonafide
whisper,antes,-15.2480,29.8613,it,bonafide
whisper,antes,-21.4306,35.2366,it,bonafide
whisper,antes,-15.6136,34.9231,it,bonafide
whisper,antes,-14.6116,27.3461,it,bonafide
whisper,antes,-29.7980,38.4064,it,bonafide
whisper,antes,-24.5729,32.7018,it,bonafide
whisper,antes,-14.6865,26.6038,it,bonafide
whisper,antes,-32.8502,36.1430,it,bonafide
whisper,antes,-24.2750,34.9146,it,bonafide
whisper,antes,-12.9986,28.1381,it,bonafide
whisper,antes,-25.0614,37.3321,it,bonafide
whisper,antes,-15.4614,26.4908,it,bonafide
whisper,antes,-28.1997,35.5282,it,bonafide
whisper,antes,-20.9200,36.4017,it,bonafide
whisper,antes,-20.1040,30.5233,it,bonafide
whisper,antes,-13.9814,26.8209,it,bonafide
whisper,antes,-33.4818,36.9219,it,bonafide
whisper,antes,-27.1276,32.3342,it,bonafide
whisper,antes,-21.5887,31.6342,it,bonafide
whisper,antes,-19.6486,34.6838,it,bonafide
whisper,antes,-24.1262,36.3456,it,bonafide
whisper,antes,-30.8655,36.1926,it,bonafide
whisper,antes,-35.3237,36.0681,it,bonafide
whisper,antes,-16.1206,27.5964,it,bonafide
whisper,antes,-33.9810,36.3834,it,bonafide
whisper,antes,-20.8993,32.7490,it,bonafide
whisper,antes,-30.1919,36.0714,it,bonafide
whisper,antes,-22.1087,31.6902,it,bonafide
whisper,antes,-31.3964,38.9870,it,bonafide
whisper,antes,-23.8961,36.1821,it,bonafide
whisper,antes,-12.6935,27.0833,it,bonafide
whisper,antes,-20.8830,36.3917,it,bonafide
whisper,antes,-23.3183,33.0139,it,bonafide
whisper,antes,-19.8397,36.6136,it,bonafide
whisper,antes,-14.5056,27.9578,it,bonafide
whisper,antes,-24.6779,39.3598,it,bonafide
whisper,antes,-26.9521,36.0434,it,bonafide
whisper,antes,-15.9754,33.5439,it,bonafide
whisper,antes,-23.7511,33.0850,it,bonafide
whisper,antes,-30.3456,33.4798,it,bonafide
whisper,antes,-32.8524,33.4363,it,bonafide
whisper,antes,-21.9205,34.5945,it,bonafide
whisper,antes,-33.7698,35.3589,it,bonafide
whisper,antes,-3.1979,36.9707,it,bonafide
whisper,antes,-14.2221,29.4440,it,bonafide
whisper,antes,-14.1794,29.9845,it,bonafide
whisper,antes,-27.2488,33.8505,it,bonafide
whisper,antes,-28.8542,37.4818,it,bonafide
whisper,antes,-33.4174,37.9649,it,bonafide
whisper,antes,-35.8289,36.3291,it,bonafide
whisper,antes,-18.5229,32.9665,it,bonafide
whisper,antes,-21.7840,34.7525,it,bonafide
whisper,antes,-34.0473,36.4345,it,bonafide
whisper,antes,-25.1105,35.1728,it,bonafide
whisper,antes,-17.3336,29.2960,it,bonafide
whisper,antes,-24.8778,35.3313,it,bonafide
whisper,antes,-11.5289,24.7710,it,bonafide
whisper,antes,-15.6837,33.5671,it,bonafide
whisper,antes,-20.6584,39.2272,it,bonafide
whisper,antes,-22.3138,32.7339,it,bonafide
whisper,antes,-21.0277,36.7717,it,bonafide
whisper,antes,-20.5343,30.9906,it,bonafide
whisper,antes,-16.0954,25.6422,it,bonafide
whisper,antes,-27.6334,35.9296,it,bonafide
whisper,antes,-31.1877,35.6766,it,bonafide
whisper,antes,-29.5563,36.7347,it,bonafide
whisper,antes,-31.3905,36.9999,it,bonafide
whisper,antes,-15.5205,28.2637,it,bonafide
whisper,antes,-32.0790,34.6926,it,bonafide
whisper,antes,-11.5761,25.9764,it,bonafide
whisper,antes,-26.9504,24.7731,it,spoof
whisper,antes,-32.6440,29.9292,it,spoof
whisper,antes,-28.4544,29.3828,it,spoof
whisper,antes,-27.3501,29.9980,it,spoof
whisper,antes,-27.0813,28.4960,it,spoof
whisper,antes,-15.7231,33.9157,it,spoof
whisper,antes,-24.2726,28.2273,it,spoof
whisper,antes,-24.0842,31.4351,it,spoof
whisper,antes,-26.0633,31.3780,it,spoof
whisper,antes,-24.4712,24.7233,it,spoof
whisper,antes,5.7077,-8.8180,it,spoof
whisper,antes,-34.5331,34.5651,it,spoof
whisper,antes,-31.2006,26.6911,it,spoof
whisper,antes,-29.1458,28.7210,it,spoof
whisper,antes,-24.6199,39.3829,it,spoof
whisper,antes,-23.0057,27.4697,it,spoof
whisper,antes,-32.1809,27.1983,it,spoof
whisper,antes,-24.4718,31.2934,it,spoof
whisper,antes,-13.0056,24.9716,it,spoof
whisper,antes,-32.2702,27.0830,it,spoof
whisper,antes,-29.3102,26.9657,it,spoof
whisper,antes,-18.3032,26.7938,it,spoof
whisper,antes,4.3414,-8.1641,it,spoof
whisper,antes,-28.4202,33.0068,it,spoof
whisper,antes,-27.6899,27.6681,it,spoof
whisper,antes,-25.9240,26.9886,it,spoof
whisper,antes,-36.3983,33.7262,it,spoof
whisper,antes,-14.9101,24.8638,it,spoof
whisper,antes,-20.8808,27.7102,it,spoof
whisper,antes,-11.4389,27.6600,it,spoof
whisper,antes,-24.4628,24.7094,it,spoof
whisper,antes,-27.2273,28.6947,it,spoof
whisper,antes,-27.2856,30.6300,it,spoof
whisper,antes,-16.9442,26.8877,it,spoof
whisper,antes,-18.5731,29.8923,it,spoof
whisper,antes,-18.1183,24.8724,it,spoof
whisper,antes,-32.9796,30.0724,it,spoof
whisper,antes,-32.3965,26.6287,it,spoof
whisper,antes,-27.3667,28.4411,it,spoof
whisper,antes,-51.2915,-3.4380,it,spoof
whisper,antes,-28.8937,28.5528,it,spoof
whisper,antes,-9.9448,23.4116,it,spoof
whisper,antes,-14.6026,28.7201,it,spoof
whisper,antes,-15.8550,23.3019,it,spoof
whisper,antes,-27.3758,25.5127,it,spoof
whisper,antes,-17.8007,23.7381,it,spoof
whisper,antes,-25.4356,26.5397,it,spoof
whisper,antes,-18.1461,36.3762,it,spoof
whisper,antes,-28.6536,38.8520,it,spoof
whisper,antes,-24.1690,28.3859,it,spoof
whisper,antes,-21.2888,26.5535,it,spoof
whisper,antes,-24.2927,31.2498,it,spoof
whisper,antes,-29.3497,28.4101,it,spoof
whisper,antes,-36.8427,34.5295,it,spoof
whisper,antes,-17.4546,26.2008,it,spoof
whisper,antes,-29.2629,28.1154,it,spoof
whisper,antes,-9.8643,23.3256,it,spoof
whisper,antes,-22.0295,26.2926,it,spoof
whisper,antes,-19.6183,32.8581,it,spoof
whisper,antes,17.7677,-3.7409,it,spoof
whisper,antes,-30.4904,38.6428,it,spoof
whisper,antes,13.6375,9.1969,it,spoof
whisper,antes,-34.1970,35.3904,it,spoof
whisper,antes,-16.3643,25.6850,it,spoof
whisper,antes,-21.5632,30.8313,it,spoof
whisper,antes,-18.7031,36.1528,it,spoof
whisper,antes,-30.4357,29.9191,it,spoof
whisper,antes,-26.1070,35.4229,it,spoof
whisper,antes,-24.3388,28.6894,it,spoof
whisper,antes,-29.6425,27.6526,it,spoof
whisper,antes,-17.4844,31.1006,it,spoof
whisper,antes,-32.3979,26.7810,it,spoof
whisper,antes,-24.5591,24.8634,it,spoof
whisper,antes,-18.6206,36.1028,it,spoof
whisper,antes,-26.5266,26.7810,it,spoof
whisper,antes,-31.0359,28.6765,it,spoof
whisper,antes,-20.1433,36.0559,it,spoof
whisper,antes,-32.7855,28.1384,it,spoof
whisper,antes,-11.6586,27.2662,it,spoof
whisper,antes,-33.5040,38.0605,it,spoof
whisper,antes,-22.9162,30.2906,it,spoof
whisper,antes,-28.5226,27.5779,it,spoof
whisper,antes,-21.0096,28.8053,it,spoof
whisper,antes,-34.6716,33.1095,it,spoof
whisper,antes,-21.9511,25.1244,it,spoof
whisper,antes,-35.1406,33.7649,it,spoof
whisper,antes,-36.3330,34.8512,it,spoof
whisper,antes,-20.4872,26.1602,it,spoof
whisper,antes,-32.4419,36.1106,it,spoof
whisper,antes,-25.1160,27.9830,it,spoof
whisper,antes,-29.7116,29.0239,it,spoof
whisper,antes,-30.4089,38.6003,it,spoof
whisper,antes,-17.5953,36.8857,it,spoof
whisper,antes,-28.3546,26.0432,it,spoof
whisper,antes,-29.0759,26.4066,it,spoof
whisper,antes,-27.1592,24.7445,it,spoof
whisper,antes,-4.7938,36.5328,it,spoof
whisper,antes,-19.3291,26.3412,it,spoof
whisper,antes,-25.1454,28.7596,it,spoof
whisper,antes,-26.2358,26.5340,it,spoof
whisper,antes,4.2071,-9.5922,it,spoof
whisper,antes,-21.8219,24.6848,it,spoof
whisper,antes,-26.5565,24.9697,it,spoof
whisper,antes,-26.4746,30.9045,it,spoof
whisper,antes,-26.2961,38.0449,it,spoof
whisper,antes,-36.7899,34.6850,it,spoof
whisper,antes,-29.3312,31.2201,it,spoof
whisper,antes,-26.8212,25.7367,it,spoof
whisper,antes,-28.9653,38.9942,it,spoof
whisper,antes,-31.7834,34.4575,it,spoof
whisper,antes,-19.8573,29.7881,it,spoof
whisper,antes,-24.5658,34.2248,it,spoof
whisper,antes,-34.9579,35.3149,it,spoof
whisper,antes,-21.2762,25.2194,it,spoof
whisper,antes,-36.5002,34.6844,it,spoof
whisper,antes,-14.7899,24.9190,it,spoof
whisper,antes,-26.2865,28.2985,it,spoof
whisper,antes,-34.8676,34.4045,it,spoof
whisper,antes,-23.7039,24.2271,it,spoof
whisper,antes,-17.0939,26.2340,it,spoof
whisper,antes,-34.6885,36.7455,it,spoof
whisper,antes,-20.4057,27.8345,it,spoof
whisper,antes,-24.2803,30.3649,it,spoof
whisper,antes,-30.8927,39.1362,it,spoof
whisper,antes,-29.5701,29.6952,it,spoof
whisper,antes,-18.8722,26.0308,it,spoof
whisper,antes,-30.6801,34.0162,it,spoof
whisper,antes,-28.4124,29.1835,it,spoof
whisper,antes,-26.0981,30.8833,it,spoof
whisper,antes,-17.7849,23.6801,it,spoof
whisper,antes,-17.2365,23.2728,it,spoof
whisper,antes,-31.3866,35.2387,it,spoof
whisper,antes,-31.8544,32.1785,it,spoof
whisper,antes,-24.7045,29.0882,it,spoof
whisper,antes,-28.4128,26.0216,it,spoof
whisper,antes,-19.0833,26.2594,it,spoof
whisper,antes,-27.4273,25.3362,it,spoof
whisper,antes,-32.7502,28.1019,it,spoof
whisper,antes,-12.9952,29.4985,it,spoof
whisper,antes,-21.1963,35.1844,it,spoof
whisper,antes,-26.2222,37.9367,it,spoof
whisper,antes,-26.3511,27.8042,it,spoof
whisper,antes,-18.0050,24.5170,it,spoof
whisper,antes,-17.5563,23.5300,it,spoof
whisper,antes,-26.4759,27.9031,it,spoof
whisper,antes,-32.6756,38.4708,it,spoof
whisper,antes,-36.0846,35.5815,it,spoof
whisper,antes,-10.5789,26.8611,it,spoof
whisper,antes,-32.7092,36.1735,it,spoof
whisper,antes,-3.2594,35.6207,it,spoof
whisper,antes,-3.6810,-29.2414,pl,bonafide
whisper,antes,8.0644,-16.5192,pl,bonafide
whisper,antes,-5.5136,-35.1403,pl,bonafide
whisper,antes,5.4337,-16.6888,pl,bonafide
whisper,antes,1.0638,-22.7955,pl,bonafide
whisper,antes,-2.4774,-35.5496,pl,bonafide
whisper,antes,0.0572,-27.3953,pl,bonafide
whisper,antes,-6.3063,-38.3624,pl,bonafide
whisper,antes,5.4652,-17.7613,pl,bonafide
whisper,antes,1.2204,-22.0529,pl,bonafide
whisper,antes,6.0295,-18.3654,pl,bonafide
whisper,antes,-4.2453,-29.2383,pl,bonafide
whisper,antes,0.4395,-24.4175,pl,bonafide
whisper,antes,9.3994,-14.6958,pl,bonafide
whisper,antes,-9.6884,-41.6466,pl,bonafide
whisper,antes,9.8164,-14.2863,pl,bonafide
whisper,antes,-9.3463,-41.5393,pl,bonafide
whisper,antes,-0.8853,-27.5189,pl,bonafide
whisper,antes,-0.4299,-28.2838,pl,bonafide
whisper,antes,-7.4480,-34.9851,pl,bonafide
whisper,antes,-30.4003,1.2831,pl,bonafide
whisper,antes,-3.8229,-38.3035,pl,bonafide
whisper,antes,-6.8838,-40.3761,pl,bonafide
whisper,antes,9.5997,-13.1942,pl,bonafide
whisper,antes,1.8072,-26.9458,pl,bonafide
whisper,antes,-9.3758,-40.8625,pl,bonafide
whisper,antes,-8.1234,-37.5520,pl,bonafide
whisper,antes,-30.3706,1.2954,pl,bonafide
whisper,antes,4.8471,-23.1879,pl,bonafide
whisper,antes,5.6645,-16.5643,pl,bonafide
whisper,antes,-6.1596,-34.6711,pl,bonafide
whisper,antes,5.5143,-19.9444,pl,bonafide
whisper,antes,2.0087,-21.1674,pl,bonafide
whisper,antes,-8.8158,-40.9498,pl,bonafide
whisper,antes,6.7145,-18.5620,pl,bonafide
whisper,antes,-2.4918,-36.5516,pl,bonafide
whisper,antes,-4.8537,-36.5190,pl,bonafide
whisper,antes,-3.5100,-29.3378,pl,bonafide
whisper,antes,-2.7739,-35.8377,pl,bonafide
whisper,antes,-6.7899,-33.9777,pl,bonafide
whisper,antes,-8.2508,-39.8423,pl,bonafide
whisper,antes,-3.9275,-36.5711,pl,bonafide
whisper,antes,-7.9863,-38.2914,pl,bonafide
whisper,antes,-3.2680,-36.0600,pl,bonafide
whisper,antes,-5.9406,-31.7816,pl,bonafide
whisper,antes,6.9362,-16.7879,pl,bonafide
whisper,antes,-4.2173,-36.0321,pl,bonafide
whisper,antes,8.6213,-16.5348,pl,bonafide
whisper,antes,-6.7943,-35.0812,pl,bonafide
whisper,antes,1.0933,-25.5934,pl,bonafide
whisper,antes,6.3479,-17.1880,pl,bonafide
whisper,antes,5.1042,-16.3220,pl,bonafide
whisper,antes,9.3839,-15.1463,pl,bonafide
whisper,antes,6.2260,-18.8103,pl,bonafide
whisper,antes,0.9172,-27.6884,pl,bonafide
whisper,antes,19.3091,-6.7992,pl,bonafide
whisper,antes,11.0619,-13.4531,pl,bonafide
whisper,antes,-5.9949,-30.7097,pl,bonafide
whisper,antes,-5.1142,-30.1846,pl,bonafide
whisper,antes,1.6698,-20.9322,pl,bonafide
whisper,antes,9.5015,-15.4997,pl,bonafide
whisper,antes,-7.0370,-39.2144,pl,bonafide
whisper,antes,0.1797,-24.6507,pl,bonafide
whisper,antes,-5.6364,-36.1903,pl,bonafide
whisper,antes,-5.6559,-37.6011,pl,bonafide
whisper,antes,0.8014,-28.7366,pl,bonafide
whisper,antes,0.2411,-28.5045,pl,bonafide
whisper,antes,-3.7465,-37.5255,pl,bonafide
whisper,antes,10.1813,-13.8217,pl,bonafide
whisper,antes,-3.0597,-36.5376,pl,bonafide
whisper,antes,-6.6804,-39.1417,pl,bonafide
whisper,antes,-1.1638,-25.6412,pl,bonafide
whisper,antes,0.9703,-24.3711,pl,bonafide
whisper,antes,-3.1805,-29.1170,pl,bonafide
whisper,antes,1.3186,-24.3850,pl,bonafide
whisper,antes,-9.3389,-40.7761,pl,bonafide
whisper,antes,1.7802,-24.6317,pl,bonafide
whisper,antes,1.7093,-21.4468,pl,bonafide
whisper,antes,-5.0245,-30.3897,pl,bonafide
whisper,antes,-1.0238,-34.1952,pl,bonafide
whisper,antes,-5.0031,-33.7975,pl,bonafide
whisper,antes,-6.9971,-37.8182,pl,bonafide
whisper,antes,2.0520,-21.8768,pl,bonafide
whisper,antes,-2.5919,-36.7905,pl,bonafide
whisper,antes,-4.3561,-35.8592,pl,bonafide
whisper,antes,7.7438,-16.9753,pl,bonafide
whisper,antes,2.0240,-21.7887,pl,bonafide
whisper,antes,0.6925,-22.8005,pl,bonafide
whisper,antes,8.7141,-16.5151,pl,bonafide
whisper,antes,-8.0881,-39.8510,pl,bonafide
whisper,antes,0.8568,-28.2335,pl,bonafide
whisper,antes,-3.3414,-37.2006,pl,bonafide
whisper,antes,-4.4181,-30.5478,pl,bonafide
whisper,antes,-8.6505,-40.7012,pl,bonafide
whisper,antes,7.4236,-16.3778,pl,bonafide
whisper,antes,-4.1940,-29.6852,pl,bonafide
whisper,antes,1.4804,-24.3905,pl,bonafide
whisper,antes,-8.2324,-35.1942,pl,bonafide
whisper,antes,-3.8557,-36.9057,pl,bonafide
whisper,antes,5.8604,-18.9700,pl,bonafide
whisper,antes,8.1899,-16.6147,pl,bonafide
whisper,antes,-5.1242,-37.5387,pl,bonafide
whisper,antes,0.7602,-21.2378,pl,bonafide
whisper,antes,10.8679,-13.4403,pl,bonafide
whisper,antes,0.4883,-21.4575,pl,bonafide
whisper,antes,-3.5277,-37.8373,pl,bonafide
whisper,antes,-0.7702,-27.0345,pl,bonafide
whisper,antes,0.1980,-23.6887,pl,bonafide
whisper,antes,1.3989,-17.1319,pl,bonafide
whisper,antes,1.6980,-28.0187,pl,bonafide
whisper,antes,8.8853,-15.9436,pl,bonafide
whisper,antes,-5.4895,-38.5784,pl,bonafide
whisper,antes,-10.1499,-41.5293,pl,bonafide
whisper,antes,4.9003,-18.6819,pl,bonafide
whisper,antes,0.2513,-23.5836,pl,bonafide
whisper,antes,7.1930,-17.4586,pl,bonafide
whisper,antes,-6.9716,-36.0275,pl,bonafide
whisper,antes,-8.4379,-35.0545,pl,bonafide
whisper,antes,-2.2412,-37.3128,pl,bonafide
whisper,antes,-7.2618,-33.4875,pl,bonafide
whisper,antes,3.2211,-21.0616,pl,bonafide
whisper,antes,7.1084,-17.3841,pl,bonafide
whisper,antes,8.5642,-15.4370,pl,bonafide
whisper,antes,2.1634,-23.5766,pl,bonafide
whisper,antes,4.2767,-22.6161,pl,bonafide
whisper,antes,-6.9508,-36.5420,pl,bonafide
whisper,antes,0.5325,-28.0309,pl,bonafide
whisper,antes,-4.1424,-34.5881,pl,bonafide
whisper,antes,-1.0859,-34.1855,pl,bonafide
whisper,antes,1.8216,-25.6434,pl,bonafide
whisper,antes,0.7982,-27.8885,pl,bonafide
whisper,antes,1.9505,-25.6108,pl,bonafide
whisper,antes,-4.7626,-28.8027,pl,bonafide
whisper,antes,6.4074,-18.0934,pl,bonafide
whisper,antes,-8.5362,-40.7954,pl,bonafide
whisper,antes,-3.8381,-30.6171,pl,bonafide
whisper,antes,3.9616,-19.0914,pl,bonafide
whisper,antes,4.4338,-22.4174,pl,bonafide
whisper,antes,9.1831,-14.4316,pl,bonafide
whisper,antes,-29.6922,-0.0216,pl,bonafide
whisper,antes,6.2049,-19.4466,pl,bonafide
whisper,antes,7.4581,-17.8986,pl,bonafide
whisper,antes,-3.2343,-35.9437,pl,bonafide
whisper,antes,-6.1868,-40.3658,pl,bonafide
whisper,antes,-5.9272,-38.2572,pl,bonafide
whisper,antes,-0.2255,-26.2405,pl,bonafide
whisper,antes,-5.1092,-35.6843,pl,bonafide
whisper,antes,-7.5828,-33.5844,pl,bonafide
whisper,antes,-7.6002,-36.3746,pl,bonafide
whisper,antes,4.0711,-23.5266,pl,bonafide
whisper,antes,-3.4321,-27.9328,pl,spoof
whisper,antes,-0.8557,-31.0144,pl,spoof
whisper,antes,-4.0125,-40.6760,pl,spoof
whisper,antes,0.8151,-36.7787,pl,spoof
whisper,antes,1.8995,-18.8556,pl,spoof
whisper,antes,4.2248,-28.8269,pl,spoof
whisper,antes,-9.6682,-36.2166,pl,spoof
whisper,antes,4.5626,-15.1131,pl,spoof
whisper,antes,9.4791,-14.1260,pl,spoof
whisper,antes,4.2701,-30.3983,pl,spoof
whisper,antes,6.6801,-10.5941,pl,spoof
whisper,antes,2.5184,-23.5838,pl,spoof
whisper,antes,4.9823,-21.7830,pl,spoof
whisper,antes,-4.0461,-31.1660,pl,spoof
whisper,antes,2.8525,-24.9655,pl,spoof
whisper,antes,3.0957,-33.1949,pl,spoof
whisper,antes,19.7052,-6.4544,pl,spoof
whisper,antes,5.3394,-17.6053,pl,spoof
whisper,antes,5.9289,-9.6157,pl,spoof
whisper,antes,1.1628,-30.5101,pl,spoof
whisper,antes,-0.8192,-30.8394,pl,spoof
whisper,antes,0.8133,-20.3515,pl,spoof
whisper,antes,4.8912,-10.6278,pl,spoof
whisper,antes,7.8861,-13.3623,pl,spoof
whisper,antes,3.4314,-17.9010,pl,spoof
whisper,antes,9.1417,-12.6836,pl,spoof
whisper,antes,-29.9783,-0.2679,pl,spoof
whisper,antes,-4.2114,-34.2140,pl,spoof
whisper,antes,2.4763,-22.9114,pl,spoof
whisper,antes,1.1863,-36.4750,pl,spoof
whisper,antes,6.1430,-15.7721,pl,spoof
whisper,antes,-1.1319,-38.5305,pl,spoof
whisper,antes,8.1282,-14.8106,pl,spoof
whisper,antes,4.9387,-23.9465,pl,spoof
whisper,antes,7.7357,-19.3249,pl,spoof
whisper,antes,-4.8970,-40.0447,pl,spoof
whisper,antes,1.5039,-34.9452,pl,spoof
whisper,antes,7.7679,-13.7985,pl,spoof
whisper,antes,-1.2763,-38.6919,pl,spoof
whisper,antes,4.7481,-18.5306,pl,spoof
whisper,antes,-5.2816,-31.8794,pl,spoof
whisper,antes,3.0308,-33.1373,pl,spoof
whisper,antes,7.2179,-12.0276,pl,spoof
whisper,antes,-0.7971,-31.7290,pl,spoof
whisper,antes,-6.9370,-41.3271,pl,spoof
whisper,antes,2.7626,-34.0984,pl,spoof
whisper,antes,-4.3995,-32.3349,pl,spoof
whisper,antes,0.7593,-31.0195,pl,spoof
whisper,antes,21.4690,-6.5285,pl,spoof
whisper,antes,0.0283,-25.5399,pl,spoof
whisper,antes,-3.8696,-35.5673,pl,spoof
whisper,antes,-10.8313,-39.7740,pl,spoof
whisper,antes,-7.1189,-32.8089,pl,spoof
whisper,antes,3.6303,-28.9522,pl,spoof
whisper,antes,3.3914,-22.2292,pl,spoof
whisper,antes,-3.7409,-32.7056,pl,spoof
whisper,antes,1.8132,-30.4269,pl,spoof
whisper,antes,-2.7863,-30.2709,pl,spoof
whisper,antes,1.2663,-29.7645,pl,spoof
whisper,antes,7.5712,-11.9080,pl,spoof
whisper,antes,4.1258,-16.9733,pl,spoof
whisper,antes,20.2816,-6.3000,pl,spoof
whisper,antes,2.6851,-17.1628,pl,spoof
whisper,antes,-7.3749,-40.8694,pl,spoof
whisper,antes,4.4942,-30.0896,pl,spoof
whisper,antes,8.3828,-11.2104,pl,spoof
whisper,antes,-1.7097,-31.0151,pl,spoof
whisper,antes,-7.8833,-41.7062,pl,spoof
whisper,antes,1.6912,-28.1679,pl,spoof
whisper,antes,3.9098,-24.4796,pl,spoof
whisper,antes,-1.0670,-35.6149,pl,spoof
whisper,antes,1.7349,-33.9633,pl,spoof
whisper,antes,7.7695,-13.2922,pl,spoof
whisper,antes,4.1693,-25.2709,pl,spoof
whisper,antes,20.1811,-5.8916,pl,spoof
whisper,antes,3.7584,-28.8768,pl,spoof
whisper,antes,-3.6539,-41.1049,pl,spoof
whisper,antes,0.0492,-29.5412,pl,spoof
whisper,antes,-3.0239,-37.6717,pl,spoof
whisper,antes,7.8140,-14.8771,pl,spoof
whisper,antes,6.6636,-18.7973,pl,spoof
whisper,antes,-3.5835,-30.5301,pl,spoof
whisper,antes,-10.0657,-42.8420,pl,spoof
whisper,antes,-1.7290,-29.5689,pl,spoof
whisper,antes,1.9171,-32.1581,pl,spoof
whisper,antes,3.9968,-20.7222,pl,spoof
whisper,antes,4.1576,-31.0331,pl,spoof
whisper,antes,1.7806,-29.5582,pl,spoof
whisper,antes,-6.5188,-40.2987,pl,spoof
whisper,antes,-5.8129,-33.2836,pl,spoof
whisper,antes,7.5020,-18.8050,pl,spoof
whisper,antes,6.5112,-12.0465,pl,spoof
whisper,antes,4.3012,-26.3203,pl,spoof
whisper,antes,2.5522,-17.9843,pl,spoof
whisper,antes,-6.6992,-36.2872,pl,spoof
whisper,antes,2.1798,-34.5267,pl,spoof
whisper,antes,-0.0158,-25.3474,pl,spoof
whisper,antes,-10.3324,-42.5759,pl,spoof
whisper,antes,-2.2414,-39.4982,pl,spoof
whisper,antes,-2.5773,-39.9515,pl,spoof
whisper,antes,2.5631,-23.2348,pl,spoof
whisper,antes,1.8134,-17.0033,pl,spoof
whisper,antes,-1.5014,-29.2625,pl,spoof
whisper,antes,-4.0432,-40.7266,pl,spoof
whisper,antes,10.4185,-12.1731,pl,spoof
whisper,antes,-1.4328,-39.8275,pl,spoof
whisper,antes,-5.0344,-38.9065,pl,spoof
whisper,antes,1.5289,-33.4297,pl,spoof
whisper,antes,-4.3337,-39.0973,pl,spoof
whisper,antes,-5.0106,-33.4147,pl,spoof
whisper,antes,-10.2596,-41.3614,pl,spoof
whisper,antes,-10.8774,-39.8561,pl,spoof
whisper,antes,-0.9834,-35.3224,pl,spoof
whisper,antes,2.1687,-29.6295,pl,spoof
whisper,antes,-0.9390,-32.0295,pl,spoof
whisper,antes,-8.4378,-35.3172,pl,spoof
whisper,antes,1.0120,-36.5784,pl,spoof
whisper,antes,20.1386,-6.1788,pl,spoof
whisper,antes,5.4698,-22.9775,pl,spoof
whisper,antes,3.8506,-26.2629,pl,spoof
whisper,antes,8.5273,-13.5112,pl,spoof
whisper,antes,-1.0112,-31.0745,pl,spoof
whisper,antes,-1.3879,-38.9974,pl,spoof
whisper,antes,-7.0806,-40.0130,pl,spoof
whisper,antes,0.3191,-32.5332,pl,spoof
whisper,antes,3.5488,-26.9470,pl,spoof
whisper,antes,5.1916,-30.7958,pl,spoof
whisper,antes,9.1020,-14.0353,pl,spoof
whisper,antes,1.2752,-35.0015,pl,spoof
whisper,antes,2.0700,-22.7665,pl,spoof
whisper,antes,1.3566,-36.5999,pl,spoof
whisper,antes,-10.0937,-40.5333,pl,spoof
whisper,antes,0.2253,-23.9286,pl,spoof
whisper,antes,9.6988,-12.4479,pl,spoof
whisper,antes,2.5053,-30.1308,pl,spoof
whisper,antes,3.7477,-16.1408,pl,spoof
whisper,antes,3.6271,-32.7184,pl,spoof
whisper,antes,-4.2803,-33.0336,pl,spoof
whisper,antes,2.5905,-28.6905,pl,spoof
whisper,antes,-6.3593,-33.8820,pl,spoof
whisper,antes,3.9768,-31.1686,pl,spoof
whisper,antes,4.0657,-31.9625,pl,spoof
whisper,antes,9.0683,-12.9405,pl,spoof
whisper,antes,-8.0165,-41.6238,pl,spoof
whisper,antes,-1.6507,-31.6346,pl,spoof
whisper,antes,-2.3048,-39.0676,pl,spoof
whisper,antes,1.5956,-35.1128,pl,spoof
whisper,antes,4.0413,-17.9360,pl,spoof
whisper,antes,0.9393,-36.7105,pl,spoof
whisper,antes,4.2510,-16.0643,pl,spoof
whisper,antes,32.8574,-32.4239,ru,bonafide
whisper,antes,26.5285,-14.3326,ru,bonafide
whisper,antes,30.1384,-19.4757,ru,bonafide
whisper,antes,27.5673,-48.2370,ru,bonafide
whisper,antes,31.2150,-27.7844,ru,bonafide
whisper,antes,28.3591,-15.1450,ru,bonafide
whisper,antes,31.2060,-38.5755,ru,bonafide
whisper,antes,26.2892,-14.2295,ru,bonafide
whisper,antes,27.3876,-14.2483,ru,bonafide
whisper,antes,21.9912,-47.5341,ru,bonafide
whisper,antes,27.9729,-46.7472,ru,bonafide
whisper,antes,29.6133,-15.8704,ru,bonafide
whisper,antes,31.0797,-38.5493,ru,bonafide
whisper,antes,30.2927,-45.8711,ru,bonafide
whisper,antes,30.1144,-18.1053,ru,bonafide
whisper,antes,29.5058,-32.6744,ru,bonafide
whisper,antes,30.3710,-28.5943,ru,bonafide
whisper,antes,24.6530,-46.6263,ru,bonafide
whisper,antes,28.3692,-43.2085,ru,bonafide
whisper,antes,29.0157,-46.7837,ru,bonafide
whisper,antes,29.8818,-37.2214,ru,bonafide
whisper,antes,29.1476,-40.6104,ru,bonafide
whisper,antes,25.1281,-13.0098,ru,bonafide
whisper,antes,26.5075,-46.2627,ru,bonafide
whisper,antes,30.5696,-38.6051,ru,bonafide
whisper,antes,20.6806,-49.0749,ru,bonafide
whisper,antes,29.8789,-25.8168,ru,bonafide
whisper,antes,29.0954,-46.3780,ru,bonafide
whisper,antes,27.6712,-39.1604,ru,bonafide
whisper,antes,25.8696,-47.3902,ru,bonafide
whisper,antes,30.2956,-17.4463,ru,bonafide
whisper,antes,31.1530,-30.8618,ru,bonafide
whisper,antes,25.2186,-13.7010,ru,bonafide
whisper,antes,20.2825,-48.5297,ru,bonafide
whisper,antes,27.5178,-19.8259,ru,bonafide
whisper,antes,27.1372,-15.0491,ru,bonafide
whisper,antes,27.6689,-43.4242,ru,bonafide
whisper,antes,23.9761,-48.4676,ru,bonafide
whisper,antes,24.6812,-48.1738,ru,bonafide
whisper,antes,31.8813,-20.3922,ru,bonafide
whisper,antes,27.1099,-13.3005,ru,bonafide
whisper,antes,27.5918,-19.8829,ru,bonafide
whisper,antes,32.1792,-33.5056,ru,bonafide
whisper,antes,28.9434,-43.6139,ru,bonafide
whisper,antes,20.3334,-49.2249,ru,bonafide
whisper,antes,30.0972,-19.5658,ru,bonafide
whisper,antes,23.7995,-10.1103,ru,bonafide
whisper,antes,26.4135,-43.4696,ru,bonafide
whisper,antes,29.3971,-26.3284,ru,bonafide
whisper,antes,28.5529,-14.7263,ru,bonafide
whisper,antes,31.1906,-20.3067,ru,bonafide
whisper,antes,31.0204,-23.6060,ru,bonafide
whisper,antes,28.7031,-14.5182,ru,bonafide
whisper,antes,28.4066,-16.8854,ru,bonafide
whisper,antes,26.2224,-46.4970,ru,bonafide
whisper,antes,31.1429,-23.1385,ru,bonafide
whisper,antes,30.3183,-24.9167,ru,bonafide
whisper,antes,31.2126,-30.7382,ru,bonafide
whisper,antes,29.5397,-38.5056,ru,bonafide
whisper,antes,31.0418,-20.2350,ru,bonafide
whisper,antes,26.3626,-46.0051,ru,bonafide
whisper,antes,25.7709,-47.1354,ru,bonafide
whisper,antes,28.2315,-33.6644,ru,bonafide
whisper,antes,26.8392,-39.3567,ru,bonafide
whisper,antes,19.9298,-48.8096,ru,bonafide
whisper,antes,25.6982,-47.5871,ru,bonafide
whisper,antes,28.5992,-40.2045,ru,bonafide
whisper,antes,29.3926,-46.1100,ru,bonafide
whisper,antes,32.2650,-32.7937,ru,bonafide
whisper,antes,26.6347,-44.6200,ru,bonafide
whisper,antes,32.7538,-35.0697,ru,bonafide
whisper,antes,31.1682,-19.2578,ru,bonafide
whisper,antes,29.3596,-38.9360,ru,bonafide
whisper,antes,27.1119,-46.3854,ru,bonafide
whisper,antes,27.6710,-37.8747,ru,bonafide
whisper,antes,29.6255,-18.7934,ru,bonafide
whisper,antes,30.3478,-36.6158,ru,bonafide
whisper,antes,29.9578,-18.9279,ru,bonafide
whisper,antes,32.0665,-18.2864,ru,bonafide
whisper,antes,28.4546,-40.5162,ru,bonafide
whisper,antes,30.6607,-26.8302,ru,bonafide
whisper,antes,29.8514,-17.8983,ru,bonafide
whisper,antes,29.1319,-45.1085,ru,bonafide
whisper,antes,20.6634,-48.8674,ru,bonafide
whisper,antes,28.5897,-33.3412,ru,bonafide
whisper,antes,19.8615,-48.8374,ru,bonafide
whisper,antes,31.4773,-21.3460,ru,bonafide
whisper,antes,24.1330,-11.3108,ru,bonafide
whisper,antes,27.9204,-39.3608,ru,bonafide
whisper,antes,31.9825,-20.0433,ru,bonafide
whisper,antes,29.8184,-33.9041,ru,bonafide
whisper,antes,30.9849,-24.3326,ru,bonafide
whisper,antes,28.3440,-40.0116,ru,bonafide
whisper,antes,29.9868,-34.0075,ru,bonafide
whisper,antes,30.1990,-38.9070,ru,bonafide
whisper,antes,26.4983,-11.6796,ru,bonafide
whisper,antes,31.1810,-37.2680,ru,bonafide
whisper,antes,31.6328,-20.6489,ru,bonafide
whisper,antes,21.1826,-48.3176,ru,bonafide
whisper,antes,30.1622,-27.0635,ru,bonafide
whisper,antes,26.6726,-45.0980,ru,bonafide
whisper,antes,28.2302,-18.5685,ru,bonafide
whisper,antes,20.8475,-48.6350,ru,bonafide
whisper,antes,27.4224,-39.7911,ru,bonafide
whisper,antes,28.3295,-47.0627,ru,bonafide
whisper,antes,27.8918,-14.7028,ru,bonafide
whisper,antes,24.8387,-12.3259,ru,bonafide
whisper,antes,29.9519,-46.0506,ru,bonafide
whisper,antes,24.7760,-46.6286,ru,bonafide
whisper,antes,29.8883,-32.0646,ru,bonafide
whisper,antes,31.4043,-17.0521,ru,bonafide
whisper,antes,26.6309,-13.7333,ru,bonafide
whisper,antes,31.9291,-21.5137,ru,bonafide
whisper,antes,31.3107,-36.1217,ru,bonafide
whisper,antes,30.7635,-29.4086,ru,bonafide
whisper,antes,22.3303,-6.8286,ru,bonafide
whisper,antes,30.3357,-20.0403,ru,bonafide
whisper,antes,28.1840,-32.8727,ru,bonafide
whisper,antes,28.4359,-17.7931,ru,bonafide
whisper,antes,25.6931,-14.6089,ru,bonafide
whisper,antes,30.2173,-16.3227,ru,bonafide
whisper,antes,25.4756,-46.3636,ru,bonafide
whisper,antes,22.8405,-47.8300,ru,bonafide
whisper,antes,30.2582,-18.9009,ru,bonafide
whisper,antes,30.2467,-25.0400,ru,bonafide
whisper,antes,30.4077,-18.3124,ru,bonafide
whisper,antes,31.3579,-36.1770,ru,bonafide
whisper,antes,26.7270,-41.8347,ru,bonafide
whisper,antes,29.0377,-33.4206,ru,bonafide
whisper,antes,25.5427,-13.0253,ru,bonafide
whisper,antes,27.5501,-49.2504,ru,bonafide
whisper,antes,28.8409,-39.7512,ru,bonafide
whisper,antes,30.1995,-20.3716,ru,bonafide
whisper,antes,26.6314,-45.6977,ru,bonafide
whisper,antes,29.4937,-40.2297,ru,bonafide
whisper,antes,31.1230,-21.3814,ru,bonafide
whisper,antes,29.8972,-37.9406,ru,bonafide
whisper,antes,31.8186,-17.8902,ru,bonafide
whisper,antes,27.2414,-48.7575,ru,bonafide
whisper,antes,23.0169,-48.9615,ru,bonafide
whisper,antes,29.0305,-15.4887,ru,bonafide
whisper,antes,32.7437,-35.1067,ru,bonafide
whisper,antes,28.3626,-20.0462,ru,bonafide
whisper,antes,22.8977,-48.1445,ru,bonafide
whisper,antes,24.6164,-13.4260,ru,bonafide
whisper,antes,29.3946,-26.3767,ru,bonafide
whisper,antes,29.3006,-34.2481,ru,bonafide
whisper,antes,28.7524,-40.3346,ru,bonafide
whisper,antes,19.1407,-49.0745,ru,bonafide
whisper,antes,31.2741,-19.3929,ru,bonafide
whisper,antes,29.6668,-30.9746,ru,spoof
whisper,antes,24.8459,-37.2435,ru,spoof
whisper,antes,29.3581,-37.8441,ru,spoof
whisper,antes,28.6852,-26.1039,ru,spoof
whisper,antes,20.9609,-48.0717,ru,spoof
whisper,antes,27.2387,-17.5322,ru,spoof
whisper,antes,29.2558,-24.2590,ru,spoof
whisper,antes,24.9913,-43.0433,ru,spoof
whisper,antes,26.9107,-19.7355,ru,spoof
whisper,antes,25.5158,-20.3845,ru,spoof
whisper,antes,25.0211,-35.6081,ru,spoof
whisper,antes,26.2801,-17.1671,ru,spoof
whisper,antes,30.8708,-27.3778,ru,spoof
whisper,antes,24.9364,-11.2100,ru,spoof
whisper,antes,28.2621,-27.2735,ru,spoof
whisper,antes,28.6020,-27.7829,ru,spoof
whisper,antes,24.9635,-36.7848,ru,spoof
whisper,antes,25.0971,-20.0310,ru,spoof
whisper,antes,29.8439,-19.6168,ru,spoof
whisper,antes,22.6583,-43.8638,ru,spoof
whisper,antes,25.0888,-15.8731,ru,spoof
whisper,antes,30.0923,-17.2715,ru,spoof
whisper,antes,29.7898,-30.9266,ru,spoof
whisper,antes,25.6256,-41.2194,ru,spoof
whisper,antes,29.0756,-38.3713,ru,spoof
whisper,antes,27.9367,-44.2607,ru,spoof
whisper,antes,32.1103,-32.0415,ru,spoof
whisper,antes,28.2428,-34.9814,ru,spoof
whisper,antes,23.3908,-42.8044,ru,spoof
whisper,antes,24.2641,-43.4243,ru,spoof
whisper,antes,25.8148,-40.4295,ru,spoof
whisper,antes,23.8877,-43.7045,ru,spoof
whisper,antes,27.1527,-36.6932,ru,spoof
whisper,antes,27.8754,-48.8549,ru,spoof
whisper,antes,31.0214,-31.5608,ru,spoof
whisper,antes,29.7413,-34.9715,ru,spoof
whisper,antes,24.0217,-10.4156,ru,spoof
whisper,antes,27.8683,-15.9436,ru,spoof
whisper,antes,25.4148,-18.3870,ru,spoof
whisper,antes,27.9445,-18.9201,ru,spoof
whisper,antes,27.4226,-48.4019,ru,spoof
whisper,antes,20.9877,-49.3745,ru,spoof
whisper,antes,31.7496,-33.4697,ru,spoof
whisper,antes,25.9253,-44.6871,ru,spoof
whisper,antes,22.4822,-47.1535,ru,spoof
whisper,antes,23.1945,-45.2539,ru,spoof
whisper,antes,30.2859,-34.8922,ru,spoof
whisper,antes,28.7248,-29.9300,ru,spoof
whisper,antes,28.1690,-35.8754,ru,spoof
whisper,antes,30.7858,-30.2722,ru,spoof
whisper,antes,30.2463,-26.7098,ru,spoof
whisper,antes,29.2140,-35.8907,ru,spoof
whisper,antes,21.3694,-46.0274,ru,spoof
whisper,antes,28.0534,-32.5685,ru,spoof
whisper,antes,30.7974,-33.1495,ru,spoof
whisper,antes,29.4911,-28.1939,ru,spoof
whisper,antes,24.7170,-43.2984,ru,spoof
whisper,antes,28.7451,-18.6665,ru,spoof
whisper,antes,26.6442,-17.2213,ru,spoof
whisper,antes,27.4499,-16.3909,ru,spoof
whisper,antes,24.3749,-11.5405,ru,spoof
whisper,antes,23.8301,-11.8596,ru,spoof
whisper,antes,23.7669,-13.6968,ru,spoof
whisper,antes,31.3020,-40.6299,ru,spoof
whisper,antes,25.1606,-43.5030,ru,spoof
whisper,antes,26.4154,-16.6352,ru,spoof
whisper,antes,25.1687,-16.6331,ru,spoof
whisper,antes,28.9523,-29.9874,ru,spoof
whisper,antes,27.0331,-44.9466,ru,spoof
whisper,antes,23.5805,-12.1608,ru,spoof
whisper,antes,28.9797,-47.8600,ru,spoof
whisper,antes,27.3017,-21.2680,ru,spoof
whisper,antes,24.2967,-10.7200,ru,spoof
whisper,antes,23.5380,-44.1591,ru,spoof
whisper,antes,27.9513,-30.3798,ru,spoof
whisper,antes,27.4441,-17.6614,ru,spoof
whisper,antes,24.8216,-15.1924,ru,spoof
whisper,antes,24.7869,-16.2031,ru,spoof
whisper,antes,28.7110,-20.6296,ru,spoof
whisper,antes,23.6657,-48.7200,ru,spoof
whisper,antes,27.7032,-34.3429,ru,spoof
whisper,antes,29.5192,-23.9175,ru,spoof
whisper,antes,27.0517,-40.9294,ru,spoof
whisper,antes,26.3415,-18.4622,ru,spoof
whisper,antes,28.7764,-21.4382,ru,spoof
whisper,antes,28.0348,-45.5919,ru,spoof
whisper,antes,27.4277,-21.7801,ru,spoof
whisper,antes,28.2045,-33.3255,ru,spoof
whisper,antes,25.0044,-12.6386,ru,spoof
whisper,antes,25.3452,-15.4368,ru,spoof
whisper,antes,25.6519,-40.4050,ru,spoof
whisper,antes,28.8966,-19.1420,ru,spoof
whisper,antes,27.3132,-32.6440,ru,spoof
whisper,antes,21.1300,-48.0103,ru,spoof
whisper,antes,30.9546,-31.8899,ru,spoof
whisper,antes,26.3626,-48.9647,ru,spoof
whisper,antes,24.4408,-12.2210,ru,spoof
whisper,antes,28.1555,-43.7542,ru,spoof
whisper,antes,25.0910,-38.3720,ru,spoof
whisper,antes,28.7389,-30.0318,ru,spoof
whisper,antes,31.4021,-40.4064,ru,spoof
whisper,antes,27.2248,-22.7817,ru,spoof
whisper,antes,25.4671,-44.5410,ru,spoof
whisper,antes,27.4879,-40.5049,ru,spoof
whisper,antes,27.5987,-43.7770,ru,spoof
whisper,antes,26.9241,-21.3390,ru,spoof
whisper,antes,24.6435,-37.3875,ru,spoof
whisper,antes,26.6228,-20.8485,ru,spoof
whisper,antes,30.8275,-34.2502,ru,spoof
whisper,antes,28.2944,-24.9305,ru,spoof
whisper,antes,28.9237,-19.3833,ru,spoof
whisper,antes,27.0256,-47.2284,ru,spoof
whisper,antes,20.0758,-48.3082,ru,spoof
whisper,antes,28.6818,-23.6342,ru,spoof
whisper,antes,24.9029,-36.5981,ru,spoof
whisper,antes,25.2975,-19.6866,ru,spoof
whisper,antes,22.4592,-46.4884,ru,spoof
whisper,antes,26.1580,-40.4670,ru,spoof
whisper,antes,27.6537,-15.0960,ru,spoof
whisper,antes,27.3442,-36.1567,ru,spoof
whisper,antes,26.4423,-44.5575,ru,spoof
whisper,antes,27.1767,-35.2907,ru,spoof
whisper,antes,24.9564,-38.6061,ru,spoof
whisper,antes,28.7848,-35.6702,ru,spoof
whisper,antes,27.2702,-37.3221,ru,spoof
whisper,antes,29.3295,-24.1820,ru,spoof
whisper,antes,26.2446,-12.0392,ru,spoof
whisper,antes,25.5277,-18.5820,ru,spoof
whisper,antes,30.5664,-32.5868,ru,spoof
whisper,antes,22.9773,-45.5870,ru,spoof
whisper,antes,30.4943,-24.4367,ru,spoof
whisper,antes,28.1500,-36.1737,ru,spoof
whisper,antes,28.1999,-24.4424,ru,spoof
whisper,antes,22.7807,-45.4039,ru,spoof
whisper,antes,28.2236,-44.4877,ru,spoof
whisper,antes,27.7924,-43.7725,ru,spoof
whisper,antes,-46.8711,-3.0260,ru,spoof
whisper,antes,26.7902,-12.1531,ru,spoof
whisper,antes,28.8765,-29.8630,ru,spoof
whisper,antes,21.9281,-47.7486,ru,spoof
whisper,antes,29.6684,-26.9907,ru,spoof
whisper,antes,28.2668,-41.0973,ru,spoof
whisper,antes,22.3685,-47.3514,ru,spoof
whisper,antes,25.1158,-44.9826,ru,spoof
whisper,antes,30.8391,-34.4852,ru,spoof
whisper,antes,24.3762,-41.1266,ru,spoof
whisper,antes,26.9773,-16.0615,ru,spoof
whisper,antes,26.3501,-39.5473,ru,spoof
whisper,antes,27.7868,-23.6838,ru,spoof
whisper,antes,27.4868,-18.4370,ru,spoof
whisper,despues,0.6645,41.3959,de,bonafide
whisper,despues,6.3758,42.3068,de,bonafide
whisper,despues,10.2913,24.2947,de,bonafide
whisper,despues,7.5301,32.8864,de,bonafide
whisper,despues,0.6560,44.2867,de,bonafide
whisper,despues,2.7879,55.1537,de,bonafide
whisper,despues,2.4602,52.8830,de,bonafide
whisper,despues,9.2080,45.3029,de,bonafide
whisper,despues,1.8194,49.9217,de,bonafide
whisper,despues,9.0959,45.9916,de,bonafide
whisper,despues,9.3418,30.6151,de,bonafide
whisper,despues,1.8484,42.2509,de,bonafide
whisper,despues,9.0690,38.2633,de,bonafide
whisper,despues,6.8556,36.7991,de,bonafide
whisper,despues,6.1028,44.4638,de,bonafide
whisper,despues,11.1240,23.0072,de,bonafide
whisper,despues,2.7100,37.1375,de,bonafide
whisper,despues,6.1278,38.8381,de,bonafide
whisper,despues,8.9946,24.3625,de,bonafide
whisper,despues,4.3097,51.9351,de,bonafide
whisper,despues,4.9602,54.0652,de,bonafide
whisper,despues,3.0066,45.5437,de,bonafide
whisper,despues,6.6659,26.6751,de,bonafide
whisper,despues,10.6787,24.1237,de,bonafide
whisper,despues,2.9669,45.6197,de,bonafide
whisper,despues,2.7203,46.1972,de,bonafide
whisper,despues,6.0834,37.8878,de,bonafide
whisper,despues,8.0179,35.3751,de,bonafide
whisper,despues,7.6495,27.6169,de,bonafide
whisper,despues,6.1098,53.2107,de,bonafide
whisper,despues,10.7217,23.2056,de,bonafide
whisper,despues,13.1175,28.8766,de,bonafide
whisper,despues,6.5514,38.2152,de,bonafide
whisper,despues,7.3954,31.5651,de,bonafide
whisper,despues,5.4877,45.2501,de,bonafide
whisper,despues,3.0239,54.4775,de,bonafide
whisper,despues,3.2029,46.8935,de,bonafide
whisper,despues,8.6606,39.0337,de,bonafide
whisper,despues,1.4328,43.3895,de,bonafide
whisper,despues,9.2617,45.3475,de,bonafide
whisper,despues,1.3136,43.6184,de,bonafide
whisper,despues,2.0413,53.1996,de,bonafide
whisper,despues,6.1789,34.5252,de,bonafide
whisper,despues,2.5190,43.8465,de,bonafide
whisper,despues,12.3000,22.5474,de,bonafide
whisper,despues,4.0962,50.2490,de,bonafide
whisper,despues,3.9934,51.0577,de,bonafide
whisper,despues,1.7677,46.4530,de,bonafide
whisper,despues,9.3275,37.4660,de,bonafide
whisper,despues,12.4675,21.1793,de,bonafide
whisper,despues,2.6148,55.7035,de,bonafide
whisper,despues,3.7711,51.1682,de,bonafide
whisper,despues,10.2125,23.0200,de,bonafide
whisper,despues,7.0220,28.5015,de,bonafide
whisper,despues,4.6967,47.6959,de,bonafide
whisper,despues,12.3159,38.7872,de,bonafide
whisper,despues,3.7117,54.9710,de,bonafide
whisper,despues,3.6303,42.2916,de,bonafide
whisper,despues,8.2485,37.5145,de,bonafide
whisper,despues,12.2303,34.5563,de,bonafide
whisper,despues,4.9644,47.3408,de,bonafide
whisper,despues,3.3183,53.8317,de,bonafide
whisper,despues,3.9802,50.6002,de,bonafide
whisper,despues,6.5252,32.7658,de,bonafide
whisper,despues,3.8084,41.8700,de,bonafide
whisper,despues,12.6630,34.7024,de,bonafide
whisper,despues,8.2116,27.8955,de,bonafide
whisper,despues,7.4938,32.0875,de,bonafide
whisper,despues,11.1776,22.1334,de,bonafide
whisper,despues,4.5214,39.3924,de,bonafide
whisper,despues,5.8776,28.3467,de,bonafide
whisper,despues,6.3674,51.6304,de,bonafide
whisper,despues,10.2352,26.6383,de,bonafide
whisper,despues,7.1613,38.9096,de,bonafide
whisper,despues,8.8668,46.7920,de,bonafide
whisper,despues,0.8798,42.3477,de,bonafide
whisper,despues,10.4889,39.9372,de,bonafide
whisper,despues,3.3364,45.3633,de,bonafide
whisper,despues,4.8006,45.8411,de,bonafide
whisper,despues,8.3397,31.7754,de,bonafide
whisper,despues,8.7733,27.1391,de,bonafide
whisper,despues,0.9152,37.7066,de,bonafide
whisper,despues,3.8092,46.0744,de,bonafide
whisper,despues,12.1667,21.6903,de,bonafide
whisper,despues,4.7082,47.8093,de,bonafide
whisper,despues,14.2777,24.9166,de,bonafide
whisper,despues,7.3383,38.6732,de,bonafide
whisper,despues,2.6145,53.0152,de,bonafide
whisper,despues,3.4713,50.0799,de,bonafide
whisper,despues,6.9461,28.1578,de,bonafide
whisper,despues,5.4414,42.3260,de,bonafide
whisper,despues,9.2949,38.3409,de,bonafide
whisper,despues,2.5199,55.7474,de,bonafide
whisper,despues,10.2974,25.3464,de,bonafide
whisper,despues,1.2085,42.3095,de,bonafide
whisper,despues,8.8864,35.3893,de,bonafide
whisper,despues,5.2776,43.2135,de,bonafide
whisper,despues,5.4839,46.8569,de,bonafide
whisper,despues,5.0172,40.7914,de,bonafide
whisper,despues,3.9833,45.8719,de,bonafide
whisper,despues,12.5412,32.1270,de,bonafide
whisper,despues,9.5446,39.2735,de,bonafide
whisper,despues,28.4689,-9.6486,de,bonafide
whisper,despues,12.3508,22.6007,de,bonafide
whisper,despues,6.4517,28.7955,de,bonafide
whisper,despues,3.0515,45.2341,de,bonafide
whisper,despues,12.6024,32.2860,de,bonafide
whisper,despues,0.9866,37.5871,de,bonafide
whisper,despues,1.5963,52.0370,de,bonafide
whisper,despues,2.4424,42.3703,de,bonafide
whisper,despues,3.4620,53.8237,de,bonafide
whisper,despues,4.0481,55.1798,de,bonafide
whisper,despues,2.6373,38.9839,de,bonafide
whisper,despues,1.9626,54.2844,de,bonafide
whisper,despues,10.5689,25.1971,de,bonafide
whisper,despues,3.4397,52.8050,de,bonafide
whisper,despues,12.1444,38.8825,de,bonafide
whisper,despues,4.8631,41.5955,de,bonafide
whisper,despues,10.2784,25.3007,de,bonafide
whisper,despues,8.3648,30.8196,de,bonafide
whisper,despues,2.6177,40.9992,de,bonafide
whisper,despues,6.1231,53.2455,de,bonafide
whisper,despues,6.6869,39.5439,de,bonafide
whisper,despues,7.7105,31.4832,de,bonafide
whisper,despues,6.5159,37.4028,de,bonafide
whisper,despues,2.6245,46.6568,de,bonafide
whisper,despues,9.3041,22.1416,de,bonafide
whisper,despues,5.0653,47.2761,de,bonafide
whisper,despues,9.2265,23.9951,de,bonafide
whisper,despues,14.2532,24.6755,de,bonafide
whisper,despues,9.5195,26.1043,de,bonafide
whisper,despues,2.1187,44.8412,de,bonafide
whisper,despues,9.8186,26.1061,de,bonafide
whisper,despues,5.9982,30.8837,de,bonafide
whisper,despues,5.0604,42.3724,de,bonafide
whisper,despues,14.1738,24.4915,de,bonafide
whisper,despues,1.9704,50.0107,de,bonafide
whisper,despues,6.0701,30.4616,de,bonafide
whisper,despues,3.5538,46.6673,de,bonafide
whisper,despues,6.5384,26.9639,de,bonafide
whisper,despues,10.1842,22.5661,de,bonafide
whisper,despues,11.5682,21.5302,de,bonafide
whisper,despues,5.5234,53.5415,de,bonafide
whisper,despues,1.7339,54.3101,de,bonafide
whisper,despues,8.5023,28.1107,de,bonafide
whisper,despues,4.0167,40.8700,de,bonafide
whisper,despues,6.1881,36.9350,de,bonafide
whisper,despues,5.8879,38.3741,de,bonafide
whisper,despues,8.8735,38.6255,de,bonafide
whisper,despues,2.0833,37.3848,de,bonafide
whisper,despues,5.4342,35.6548,de,spoof
whisper,despues,10.6174,30.6329,de,spoof
whisper,despues,1.0042,37.7040,de,spoof
whisper,despues,5.4486,42.8492,de,spoof
whisper,despues,12.4233,30.7677,de,spoof
whisper,despues,11.6095,34.7010,de,spoof
whisper,despues,7.7264,23.7721,de,spoof
whisper,despues,10.5178,29.6223,de,spoof
whisper,despues,17.0592,-1.2530,de,spoof
whisper,despues,8.1257,43.5402,de,spoof
whisper,despues,10.2530,28.3530,de,spoof
whisper,despues,2.6950,49.2202,de,spoof
whisper,despues,7.6293,27.6533,de,spoof
whisper,despues,14.3450,23.1922,de,spoof
whisper,despues,5.3410,35.7410,de,spoof
whisper,despues,9.9299,31.5596,de,spoof
whisper,despues,12.0985,21.8310,de,spoof
whisper,despues,1.9514,48.2851,de,spoof
whisper,despues,4.7871,46.0927,de,spoof
whisper,despues,-6.5838,37.7607,de,spoof
whisper,despues,7.4635,37.5697,de,spoof
whisper,despues,3.4478,44.0429,de,spoof
whisper,despues,0.7565,50.0897,de,spoof
whisper,despues,4.0899,38.0193,de,spoof
whisper,despues,4.5188,51.9369,de,spoof
whisper,despues,12.3004,28.9359,de,spoof
whisper,despues,9.2556,41.3478,de,spoof
whisper,despues,-43.0172,-6.0430,de,spoof
whisper,despues,4.6443,43.9613,de,spoof
whisper,despues,7.8593,37.1790,de,spoof
whisper,despues,7.4885,27.0310,de,spoof
whisper,despues,1.1662,40.4097,de,spoof
whisper,despues,8.9697,35.9016,de,spoof
whisper,despues,7.8963,34.4859,de,spoof
whisper,despues,2.8706,48.6512,de,spoof
whisper,despues,2.0586,51.1835,de,spoof
whisper,despues,7.5717,29.6799,de,spoof
whisper,despues,11.6973,25.1134,de,spoof
whisper,despues,7.2493,34.6669,de,spoof
whisper,despues,4.7173,38.8216,de,spoof
whisper,despues,0.7507,52.1826,de,spoof
whisper,despues,11.8823,23.7880,de,spoof
whisper,despues,5.5062,50.0303,de,spoof
whisper,despues,2.6803,51.6342,de,spoof
whisper,despues,6.7933,49.1835,de,spoof
whisper,despues,12.4015,24.7853,de,spoof
whisper,despues,4.5179,33.1840,de,spoof
whisper,despues,1.5364,52.3145,de,spoof
whisper,despues,3.8118,43.9907,de,spoof
whisper,despues,10.6166,36.2587,de,spoof
whisper,despues,4.7001,37.2637,de,spoof
whisper,despues,6.1640,36.3280,de,spoof
whisper,despues,-0.1127,45.4651,de,spoof
whisper,despues,4.9454,43.9990,de,spoof
whisper,despues,11.4233,28.2758,de,spoof
whisper,despues,12.4420,26.5329,de,spoof
whisper,despues,7.4483,40.6414,de,spoof
whisper,despues,9.3627,32.2130,de,spoof
whisper,despues,11.3309,25.7601,de,spoof
whisper,despues,2.0889,51.6405,de,spoof
whisper,despues,11.4652,26.5611,de,spoof
whisper,despues,1.4931,51.2533,de,spoof
whisper,despues,2.6488,43.6339,de,spoof
whisper,despues,7.4762,40.5092,de,spoof
whisper,despues,10.9078,10.0457,de,spoof
whisper,despues,5.9873,49.6487,de,spoof
whisper,despues,-7.7289,37.5918,de,spoof
whisper,despues,12.3503,25.9963,de,spoof
whisper,despues,6.8947,43.3081,de,spoof
whisper,despues,3.9420,36.4341,de,spoof
whisper,despues,6.9302,38.3050,de,spoof
whisper,despues,1.6812,55.7884,de,spoof
whisper,despues,4.1730,38.7412,de,spoof
whisper,despues,1.4360,55.1454,de,spoof
whisper,despues,4.2531,33.1171,de,spoof
whisper,despues,5.3612,49.6676,de,spoof
whisper,despues,1.1593,50.5814,de,spoof
whisper,despues,11.7576,35.3633,de,spoof
whisper,despues,5.3487,50.2928,de,spoof
whisper,despues,11.8766,36.1125,de,spoof
whisper,despues,10.5620,35.6804,de,spoof
whisper,despues,11.7242,23.9335,de,spoof
whisper,despues,28.5556,-11.2342,de,spoof
whisper,despues,3.0209,36.0771,de,spoof
whisper,despues,1.2823,55.5440,de,spoof
whisper,despues,7.8460,30.6508,de,spoof
whisper,despues,8.4892,40.3676,de,spoof
whisper,despues,9.5174,26.6564,de,spoof
whisper,despues,7.4504,36.5130,de,spoof
whisper,despues,6.1042,43.1666,de,spoof
whisper,despues,3.2662,38.3520,de,spoof
whisper,despues,10.4209,29.7176,de,spoof
whisper,despues,1.1075,40.5868,de,spoof
whisper,despues,7.7894,37.8010,de,spoof
whisper,despues,5.2987,51.5522,de,spoof
whisper,despues,10.1494,27.4244,de,spoof
whisper,despues,4.1508,33.1568,de,spoof
whisper,despues,1.2576,52.3548,de,spoof
whisper,despues,10.0377,28.3578,de,spoof
whisper,despues,11.4027,29.5424,de,spoof
whisper,despues,3.1469,54.0207,de,spoof
whisper,despues,2.3068,51.2852,de,spoof
whisper,despues,0.6940,52.7130,de,spoof
whisper,despues,5.5408,51.0760,de,spoof
whisper,despues,7.4491,23.8132,de,spoof
whisper,despues,12.3561,20.7423,de,spoof
whisper,despues,11.5734,25.0742,de,spoof
whisper,despues,11.1264,34.3936,de,spoof
whisper,despues,6.1831,41.8591,de,spoof
whisper,despues,6.1017,40.5995,de,spoof
whisper,despues,0.5151,53.2840,de,spoof
whisper,despues,8.1100,43.4253,de,spoof
whisper,despues,0.6683,42.0976,de,spoof
whisper,despues,4.4132,37.3274,de,spoof
whisper,despues,7.9075,40.7366,de,spoof
whisper,despues,2.9876,43.6474,de,spoof
whisper,despues,14.0663,23.1417,de,spoof
whisper,despues,9.6916,32.7477,de,spoof
whisper,despues,13.1986,22.6809,de,spoof
whisper,despues,3.0121,36.7470,de,spoof
whisper,despues,9.5433,30.9696,de,spoof
whisper,despues,7.3877,37.9497,de,spoof
whisper,despues,6.8366,49.2280,de,spoof
whisper,despues,11.2995,29.5105,de,spoof
whisper,despues,11.2945,31.0818,de,spoof
whisper,despues,9.6881,30.2068,de,spoof
whisper,despues,9.1785,45.0627,de,spoof
whisper,despues,10.0784,27.4167,de,spoof
whisper,despues,8.3861,42.0509,de,spoof
whisper,despues,3.3812,40.6672,de,spoof
whisper,despues,6.9492,23.8232,de,spoof
whisper,despues,12.9484,23.7049,de,spoof
whisper,despues,9.9273,37.9930,de,spoof
whisper,despues,10.7903,34.8913,de,spoof
whisper,despues,1.1291,40.2855,de,spoof
whisper,despues,11.1331,30.1207,de,spoof
whisper,despues,10.7571,29.2370,de,spoof
whisper,despues,4.7541,35.1750,de,spoof
whisper,despues,7.8815,44.1922,de,spoof
whisper,despues,5.0147,38.5296,de,spoof
whisper,despues,0.2566,52.0342,de,spoof
whisper,despues,5.2692,44.0803,de,spoof
whisper,despues,12.7248,30.4105,de,spoof
whisper,despues,7.2922,43.7980,de,spoof
whisper,despues,9.8875,29.0903,de,spoof
whisper,despues,14.6287,23.2365,de,spoof
whisper,despues,9.8407,30.5930,de,spoof
whisper,despues,0.6319,50.3757,de,spoof
whisper,despues,12.1422,36.3640,de,spoof
whisper,despues,8.2094,26.1387,de,spoof
whisper,despues,-26.8959,-32.5239,en,bonafide
whisper,despues,-38.9721,-28.0185,en,bonafide
whisper,despues,-38.5536,-27.5284,en,bonafide
whisper,despues,-35.6355,-30.1217,en,bonafide
whisper,despues,-43.5957,-23.7338,en,bonafide
whisper,despues,-49.7807,-8.4052,en,bonafide
whisper,despues,-32.6216,-29.8100,en,bonafide
whisper,despues,-31.4973,-32.8369,en,bonafide
whisper,despues,-51.3323,-16.0232,en,bonafide
whisper,despues,-29.4944,-32.2005,en,bonafide
whisper,despues,-33.9398,-28.6796,en,bonafide
whisper,despues,-30.2020,-31.0981,en,bonafide
whisper,despues,-26.6766,-32.7865,en,bonafide
whisper,despues,-35.4721,-30.4643,en,bonafide
whisper,despues,-37.0152,-27.7085,en,bonafide
whisper,despues,-29.2999,-31.3084,en,bonafide
whisper,despues,-51.7630,-9.7859,en,bonafide
whisper,despues,-32.6301,-30.6306,en,bonafide
whisper,despues,-48.1126,-10.3362,en,bonafide
whisper,despues,-32.3192,-31.3338,en,bonafide
whisper,despues,-46.8339,-8.9790,en,bonafide
whisper,despues,-28.8607,-32.1500,en,bonafide
whisper,despues,-50.0750,-18.4836,en,bonafide
whisper,despues,-36.0521,-28.1328,en,bonafide
whisper,despues,-51.8699,-15.1560,en,bonafide
whisper,despues,-49.1140,-6.3884,en,bonafide
whisper,despues,-41.3620,-27.7086,en,bonafide
whisper,despues,-34.7679,-25.4568,en,bonafide
whisper,despues,-47.6119,-5.8644,en,bonafide
whisper,despues,-38.6395,-28.1806,en,bonafide
whisper,despues,-47.8002,-12.8798,en,bonafide
whisper,despues,-43.8963,-17.2197,en,bonafide
whisper,despues,-43.8765,-20.6252,en,bonafide
whisper,despues,-37.0952,-24.5968,en,bonafide
whisper,despues,-39.3597,-21.8437,en,bonafide
whisper,despues,-32.1806,-28.2141,en,bonafide
whisper,despues,-35.9740,-27.5671,en,bonafide
whisper,despues,-45.5711,-9.7720,en,bonafide
whisper,despues,-40.8775,-25.6824,en,bonafide
whisper,despues,-45.8647,-8.8861,en,bonafide
whisper,despues,-35.9935,-25.7980,en,bonafide
whisper,despues,-46.5452,-10.8440,en,bonafide
whisper,despues,-35.0297,-28.8949,en,bonafide
whisper,despues,-38.7129,-23.1127,en,bonafide
whisper,despues,-41.5854,-23.0101,en,bonafide
whisper,despues,-37.0174,-27.8932,en,bonafide
whisper,despues,-29.7761,-32.8542,en,bonafide
whisper,despues,-37.7235,-28.1917,en,bonafide
whisper,despues,-36.5266,-28.6936,en,bonafide
whisper,despues,-43.0347,-18.2763,en,bonafide
whisper,despues,-48.9511,-8.1537,en,bonafide
whisper,despues,-33.2265,-28.5902,en,bonafide
whisper,despues,-30.8801,-30.8139,en,bonafide
whisper,despues,-50.3634,-5.5283,en,bonafide
whisper,despues,-49.3463,-17.2957,en,bonafide
whisper,despues,-38.0145,-29.9645,en,bonafide
whisper,despues,-41.2527,-26.6630,en,bonafide
whisper,despues,-37.9711,-27.7519,en,bonafide
whisper,despues,-43.6756,-15.1558,en,bonafide
whisper,despues,-42.1852,-13.9038,en,bonafide
whisper,despues,-40.6539,-22.6142,en,bonafide
whisper,despues,-30.1767,-32.0595,en,bonafide
whisper,despues,-40.8376,-26.5442,en,bonafide
whisper,despues,-52.5160,-10.6513,en,bonafide
whisper,despues,-42.5675,-22.7958,en,bonafide
whisper,despues,-44.0559,-4.7596,en,bonafide
whisper,despues,-51.7469,-6.6430,en,bonafide
whisper,despues,-37.0392,-29.0842,en,bonafide
whisper,despues,-35.4435,-25.1397,en,bonafide
whisper,despues,-33.6762,-27.9287,en,bonafide
whisper,despues,-35.8919,-26.7296,en,bonafide
whisper,despues,-48.8764,-9.0400,en,bonafide
whisper,despues,-32.6523,-28.0063,en,bonafide
whisper,despues,-51.7285,-13.0125,en,bonafide
whisper,despues,-42.2168,-24.3735,en,bonafide
whisper,despues,-53.7621,-16.8204,en,bonafide
whisper,despues,-40.5352,-26.2585,en,bonafide
whisper,despues,-41.1971,-22.7817,en,bonafide
whisper,despues,-51.5741,-4.7684,en,bonafide
whisper,despues,-37.5584,-29.3226,en,bonafide
whisper,despues,-37.0531,-27.7769,en,bonafide
whisper,despues,-43.5803,-18.4145,en,bonafide
whisper,despues,-41.4235,-25.9743,en,bonafide
whisper,despues,-42.1323,-24.8222,en,bonafide
whisper,despues,-38.8671,-27.0386,en,bonafide
whisper,despues,-32.4375,-29.2015,en,bonafide
whisper,despues,-54.0616,-12.6765,en,bonafide
whisper,despues,-30.1134,-31.5620,en,bonafide
whisper,despues,-47.7058,-16.1130,en,bonafide
whisper,despues,-53.6953,-16.9382,en,bonafide
whisper,despues,-41.2101,-17.5203,en,bonafide
whisper,despues,-41.0807,-21.2694,en,bonafide
whisper,despues,-43.4413,-16.1800,en,bonafide
whisper,despues,-40.6169,-24.3959,en,bonafide
whisper,despues,-50.9035,-16.1717,en,bonafide
whisper,despues,-39.3649,-26.4685,en,bonafide
whisper,despues,-32.5548,-27.6425,en,bonafide
whisper,despues,-51.0028,-11.2378,en,bonafide
whisper,despues,-36.2113,-26.6317,en,bonafide
whisper,despues,-27.1866,-31.5954,en,bonafide
whisper,despues,-53.4788,-9.1997,en,bonafide
whisper,despues,-43.1411,-23.5155,en,bonafide
whisper,despues,-46.2081,-12.7406,en,bonafide
whisper,despues,-33.3148,-29.1069,en,bonafide
whisper,despues,-38.3407,-29.4183,en,bonafide
whisper,despues,-43.6871,-14.8473,en,bonafide
whisper,despues,-38.9301,-21.2523,en,bonafide
whisper,despues,-49.8448,-18.4451,en,bonafide
whisper,despues,-27.7745,-32.1453,en,bonafide
whisper,despues,-34.0800,-30.2254,en,bonafide
whisper,despues,-40.9288,-15.0005,en,bonafide
whisper,despues,-54.4564,-12.0538,en,bonafide
whisper,despues,-28.4502,-31.7517,en,bonafide
whisper,despues,-50.3292,-7.1854,en,bonafide
whisper,despues,-30.3384,-30.6631,en,bonafide
whisper,despues,-39.4089,-26.5498,en,bonafide
whisper,despues,-53.2505,-10.6782,en,bonafide
whisper,despues,-47.8946,-14.3162,en,bonafide
whisper,despues,-35.9396,-29.1522,en,bonafide
whisper,despues,-36.9546,-27.0005,en,bonafide
whisper,despues,-35.1821,-25.3224,en,bonafide
whisper,despues,-41.4585,-26.1095,en,bonafide
whisper,despues,-36.1602,-29.5530,en,bonafide
whisper,despues,-29.6660,-30.2916,en,bonafide
whisper,despues,-48.0410,-9.6422,en,bonafide
whisper,despues,-31.8388,-31.6880,en,bonafide
whisper,despues,-41.6160,-23.7481,en,bonafide
whisper,despues,-39.9577,-27.3542,en,bonafide
whisper,despues,-29.6580,-31.3763,en,bonafide
whisper,despues,-29.6151,-32.9178,en,bonafide
whisper,despues,-30.2920,-30.7894,en,bonafide
whisper,despues,-41.5634,-16.4344,en,bonafide
whisper,despues,-40.5718,-26.4007,en,bonafide
whisper,despues,-49.4618,-8.6425,en,bonafide
whisper,despues,-27.0122,-32.2770,en,bonafide
whisper,despues,-42.0967,-14.6695,en,bonafide
whisper,despues,-45.1742,-15.6582,en,bonafide
whisper,despues,-35.1660,-28.0593,en,bonafide
whisper,despues,-47.0372,-9.8262,en,bonafide
whisper,despues,-50.6531,-10.9827,en,bonafide
whisper,despues,-53.3566,-12.5436,en,bonafide
whisper,despues,-43.7703,-9.6655,en,bonafide
whisper,despues,-37.8844,-28.8310,en,bonafide
whisper,despues,-45.1866,-8.1222,en,bonafide
whisper,despues,-48.8067,-13.0731,en,bonafide
whisper,despues,-31.1936,-31.5899,en,bonafide
whisper,despues,-53.8408,-15.9690,en,bonafide
whisper,despues,-49.1591,-6.3493,en,bonafide
whisper,despues,-32.7760,-28.2672,en,bonafide
whisper,despues,-26.3916,-31.8597,en,bonafide
whisper,despues,-48.5989,-5.0659,en,spoof
whisper,despues,-37.8688,-22.8883,en,spoof
whisper,despues,-43.3842,-12.7785,en,spoof
whisper,despues,-49.6444,-19.5679,en,spoof
whisper,despues,-36.3509,-27.4524,en,spoof
whisper,despues,-44.0282,-13.2607,en,spoof
whisper,despues,-44.0307,-17.2579,en,spoof
whisper,despues,-41.1055,-14.3451,en,spoof
whisper,despues,-34.1105,-28.2179,en,spoof
whisper,despues,-43.7672,-16.1331,en,spoof
whisper,despues,-44.8521,-14.0925,en,spoof
whisper,despues,-49.5419,-7.2342,en,spoof
whisper,despues,-54.0280,-13.3830,en,spoof
whisper,despues,-48.1755,-6.5997,en,spoof
whisper,despues,-47.9941,-12.5698,en,spoof
whisper,despues,-48.1202,-9.0053,en,spoof
whisper,despues,-45.2298,-10.7649,en,spoof
whisper,despues,-54.7483,-11.3780,en,spoof
whisper,despues,-39.7461,-28.2183,en,spoof
whisper,despues,-44.4126,-23.3462,en,spoof
whisper,despues,-51.7282,-7.6043,en,spoof
whisper,despues,13.5121,-5.9491,en,spoof
whisper,despues,-46.0502,-9.5996,en,spoof
whisper,despues,-50.4691,-11.3433,en,spoof
whisper,despues,-43.4038,-18.0649,en,spoof
whisper,despues,-46.1482,-12.1604,en,spoof
whisper,despues,-41.5637,-17.7213,en,spoof
whisper,despues,-30.6737,-30.9744,en,spoof
whisper,despues,-51.4281,-8.0655,en,spoof
whisper,despues,-46.3513,-17.3526,en,spoof
whisper,despues,-52.9855,-11.6240,en,spoof
whisper,despues,-51.9442,-12.0630,en,spoof
whisper,despues,-46.8259,-14.4147,en,spoof
whisper,despues,-31.5035,-28.7889,en,spoof
whisper,despues,-48.3408,-10.7624,en,spoof
whisper,despues,-42.7322,-18.7647,en,spoof
whisper,despues,-51.4610,-11.8442,en,spoof
whisper,despues,-49.3381,-7.1281,en,spoof
whisper,despues,-48.1642,-14.3362,en,spoof
whisper,despues,-48.0452,-8.3788,en,spoof
whisper,despues,-50.7721,-10.9062,en,spoof
whisper,despues,-48.9933,-11.3621,en,spoof
whisper,despues,-38.5996,-24.2337,en,spoof
whisper,despues,-48.3635,-6.4445,en,spoof
whisper,despues,-39.6948,-23.9683,en,spoof
whisper,despues,-51.0689,-9.1309,en,spoof
whisper,despues,-51.5297,-6.6431,en,spoof
whisper,despues,-42.7739,-17.7856,en,spoof
whisper,despues,-46.9899,-8.4852,en,spoof
whisper,despues,-37.9366,-22.7741,en,spoof
whisper,despues,-32.9509,-28.8505,en,spoof
whisper,despues,-54.8695,-8.8457,en,spoof
whisper,despues,-30.2045,-28.7312,en,spoof
whisper,despues,-47.6427,-12.3042,en,spoof
whisper,despues,-45.0277,-17.1151,en,spoof
whisper,despues,-45.5890,-6.6132,en,spoof
whisper,despues,-41.8782,-18.9633,en,spoof
whisper,despues,-46.7438,-4.3455,en,spoof
whisper,despues,-49.7830,-13.9603,en,spoof
whisper,despues,-45.4276,-8.3005,en,spoof
whisper,despues,-45.8736,-18.4107,en,spoof
whisper,despues,-45.9273,-16.6057,en,spoof
whisper,despues,-42.0853,-18.5306,en,spoof
whisper,despues,-49.5800,-9.2612,en,spoof
whisper,despues,-44.8035,-11.5634,en,spoof
whisper,despues,-50.8733,-10.3417,en,spoof
whisper,despues,-47.6614,-11.1672,en,spoof
whisper,despues,-31.0350,-31.0573,en,spoof
whisper,despues,-34.7428,-26.8223,en,spoof
whisper,despues,-39.0770,-23.9400,en,spoof
whisper,despues,-45.7907,-3.6433,en,spoof
whisper,despues,-53.1782,-13.5117,en,spoof
whisper,despues,-38.6938,-21.4593,en,spoof
whisper,despues,-52.2384,-7.0032,en,spoof
whisper,despues,-27.0407,-31.4501,en,spoof
whisper,despues,-29.0803,-32.8345,en,spoof
whisper,despues,-44.8421,-16.2971,en,spoof
whisper,despues,-47.0302,-17.3046,en,spoof
whisper,despues,-41.3251,-16.4813,en,spoof
whisper,despues,-38.5993,-21.4177,en,spoof
whisper,despues,-43.6878,-16.2440,en,spoof
whisper,despues,-45.8130,-6.5510,en,spoof
whisper,despues,-54.8348,-8.8849,en,spoof
whisper,despues,-44.9415,-8.2049,en,spoof
whisper,despues,-49.2477,-9.7512,en,spoof
whisper,despues,-40.9023,-18.4366,en,spoof
whisper,despues,-45.1340,-9.4058,en,spoof
whisper,despues,-44.3963,-15.9205,en,spoof
whisper,despues,-51.3329,-13.8355,en,spoof
whisper,despues,-49.8763,-7.7304,en,spoof
whisper,despues,-41.7181,-18.0006,en,spoof
whisper,despues,-50.3112,-9.2707,en,spoof
whisper,despues,-30.2928,-27.8712,en,spoof
whisper,despues,-53.5812,-12.5993,en,spoof
whisper,despues,-44.7306,-7.5285,en,spoof
whisper,despues,-51.1326,-7.8740,en,spoof
whisper,despues,-42.7599,-16.5513,en,spoof
whisper,despues,-54.7226,-12.3200,en,spoof
whisper,despues,-51.3239,-11.2997,en,spoof
whisper,despues,-36.9373,-23.1304,en,spoof
whisper,despues,-42.8843,-18.8921,en,spoof
whisper,despues,-51.6924,-9.4169,en,spoof
whisper,despues,-47.8449,-7.2677,en,spoof
whisper,despues,-44.5463,-18.6291,en,spoof
whisper,despues,-47.1701,-14.2617,en,spoof
whisper,despues,-47.0288,-4.4990,en,spoof
whisper,despues,-48.6211,-6.1836,en,spoof
whisper,despues,-47.5134,-13.4281,en,spoof
whisper,despues,-47.7993,-7.2427,en,spoof
whisper,despues,-36.9125,-23.1464,en,spoof
whisper,despues,-34.6562,-27.9198,en,spoof
whisper,despues,-46.7825,-10.1377,en,spoof
whisper,despues,-52.5923,-6.4364,en,spoof
whisper,despues,-54.6327,-11.9540,en,spoof
whisper,despues,-44.3081,-9.1254,en,spoof
whisper,despues,-47.2682,-15.6118,en,spoof
whisper,despues,-48.5233,-12.8998,en,spoof
whisper,despues,-44.4703,-15.5710,en,spoof
whisper,despues,-43.1453,-17.8594,en,spoof
whisper,despues,-52.6238,-9.6481,en,spoof
whisper,despues,-52.6521,-13.8404,en,spoof
whisper,despues,-39.7653,-25.1463,en,spoof
whisper,despues,-51.5018,-14.4898,en,spoof
whisper,despues,-42.8026,-15.2618,en,spoof
whisper,despues,-50.1021,-8.5045,en,spoof
whisper,despues,-50.7829,-11.5860,en,spoof
whisper,despues,-47.5577,-8.5967,en,spoof
whisper,despues,-44.4559,-17.0007,en,spoof
whisper,despues,-51.9103,-6.6408,en,spoof
whisper,despues,-45.1193,-11.4981,en,spoof
whisper,despues,-50.5736,-5.3474,en,spoof
whisper,despues,-47.6490,-9.6873,en,spoof
whisper,despues,-30.0673,-30.0514,en,spoof
whisper,despues,-52.5580,-8.2435,en,spoof
whisper,despues,-30.7942,-31.0927,en,spoof
whisper,despues,-46.9282,-20.5111,en,spoof
whisper,despues,-44.5242,-8.6465,en,spoof
whisper,despues,-43.1070,-17.0258,en,spoof
whisper,despues,-27.9323,-32.9559,en,spoof
whisper,despues,-46.9480,-20.4943,en,spoof
whisper,despues,-41.7432,-15.3690,en,spoof
whisper,despues,-53.7075,-15.7366,en,spoof
whisper,despues,-41.8404,-13.8839,en,spoof
whisper,despues,-50.6363,-14.3731,en,spoof
whisper,despues,-42.5725,-15.4925,en,spoof
whisper,despues,-42.2076,-15.8594,en,spoof
whisper,despues,-51.0846,-17.8299,en,spoof
whisper,despues,-53.4501,-12.1888,en,spoof
whisper,despues,-48.8445,-9.3096,en,spoof
whisper,despues,-45.9806,-6.0065,en,spoof
whisper,despues,-13.1756,-6.8871,es,bonafide
whisper,despues,3.2626,5.3471,es,bonafide
whisper,despues,-4.4928,5.0165,es,bonafide
whisper,despues,-18.3301,-2.2059,es,bonafide
whisper,despues,10.0211,5.4505,es,bonafide
whisper,despues,-12.1880,-2.2350,es,bonafide
whisper,despues,-13.0554,-5.1191,es,bonafide
whisper,despues,-5.7652,5.3107,es,bonafide
whisper,despues,3.3057,5.3242,es,bonafide
whisper,despues,0.5337,3.3885,es,bonafide
whisper,despues,-16.1485,-7.3617,es,bonafide
whisper,despues,-6.4201,2.2627,es,bonafide
whisper,despues,-1.7892,8.7463,es,bonafide
whisper,despues,-15.2234,-1.9979,es,bonafide
whisper,despues,9.3151,5.6892,es,bonafide
whisper,despues,-6.1029,4.6799,es,bonafide
whisper,despues,-11.0738,-1.7249,es,bonafide
whisper,despues,-18.7837,-8.1936,es,bonafide
whisper,despues,-2.8243,8.2972,es,bonafide
whisper,despues,-10.1056,-1.6016,es,bonafide
whisper,despues,9.5560,5.2284,es,bonafide
whisper,despues,-16.3362,-7.8059,es,bonafide
whisper,despues,-3.2417,6.8520,es,bonafide
whisper,despues,-0.0641,3.2691,es,bonafide
whisper,despues,-9.8825,-1.0012,es,bonafide
whisper,despues,-16.1448,-6.7749,es,bonafide
whisper,despues,-15.5732,-7.7401,es,bonafide
whisper,despues,-3.8395,0.4960,es,bonafide
whisper,despues,-3.7964,1.3556,es,bonafide
whisper,despues,-6.3993,11.2535,es,bonafide
whisper,despues,-18.9727,-8.2132,es,bonafide
whisper,despues,-17.5799,-6.7204,es,bonafide
whisper,despues,5.1684,4.3854,es,bonafide
whisper,despues,-14.3300,-4.6625,es,bonafide
whisper,despues,-6.1978,0.3649,es,bonafide
whisper,despues,3.0184,2.7240,es,bonafide
whisper,despues,9.7564,5.8485,es,bonafide
whisper,despues,-3.8229,10.9886,es,bonafide
whisper,despues,10.4743,9.4034,es,bonafide
whisper,despues,-13.3221,-3.8432,es,bonafide
whisper,despues,-8.9035,-1.2524,es,bonafide
whisper,despues,-14.3333,-3.8595,es,bonafide
whisper,despues,3.7320,5.4807,es,bonafide
whisper,despues,-13.7694,0.6601,es,bonafide
whisper,despues,-18.3473,-7.6133,es,bonafide
whisper,despues,-3.8356,0.5635,es,bonafide
whisper,despues,-1.8147,4.3015,es,bonafide
whisper,despues,-10.1704,0.2744,es,bonafide
whisper,despues,-8.8170,1.2684,es,bonafide
whisper,despues,1.5581,4.2174,es,bonafide
whisper,despues,-16.8629,-6.2092,es,bonafide
whisper,despues,-15.4750,-7.6846,es,bonafide
whisper,despues,-3.7542,6.8751,es,bonafide
whisper,despues,-16.9071,-7.4340,es,bonafide
whisper,despues,-10.9866,0.2004,es,bonafide
whisper,despues,-15.2474,-6.0841,es,bonafide
whisper,despues,1.8198,4.3805,es,bonafide
whisper,despues,2.1821,7.9928,es,bonafide
whisper,despues,-9.9424,3.0358,es,bonafide
whisper,despues,9.7111,8.6557,es,bonafide
whisper,despues,-14.0520,-7.4074,es,bonafide
whisper,despues,9.8930,8.0177,es,bonafide
whisper,despues,-9.2877,-0.9978,es,bonafide
whisper,despues,2.0175,9.4753,es,bonafide
whisper,despues,-20.6335,-2.3769,es,bonafide
whisper,despues,-6.3386,2.3586,es,bonafide
whisper,despues,-0.4161,3.2611,es,bonafide
whisper,despues,-13.7359,0.5412,es,bonafide
whisper,despues,-15.7436,-7.0027,es,bonafide
whisper,despues,-14.6310,-1.2247,es,bonafide
whisper,despues,-2.9949,7.5897,es,bonafide
whisper,despues,-1.1700,3.3916,es,bonafide
whisper,despues,-13.9824,-4.2005,es,bonafide
whisper,despues,-3.9899,1.0262,es,bonafide
whisper,despues,-6.6431,9.2504,es,bonafide
whisper,despues,-11.8416,-3.5071,es,bonafide
whisper,despues,-8.4438,3.9373,es,bonafide
whisper,despues,-18.7847,-8.0541,es,bonafide
whisper,despues,-5.0331,1.1041,es,bonafide
whisper,despues,-17.5693,-7.3773,es,bonafide
whisper,despues,-12.7552,-29.0844,es,bonafide
whisper,despues,-9.0046,0.1243,es,bonafide
whisper,despues,-14.2480,-6.6305,es,bonafide
whisper,despues,2.8347,7.9625,es,bonafide
whisper,despues,-16.6040,-1.9555,es,bonafide
whisper,despues,-0.8921,3.6744,es,bonafide
whisper,despues,-5.6008,0.4294,es,bonafide
whisper,despues,-6.2323,0.1458,es,bonafide
whisper,despues,-4.9054,0.7858,es,bonafide
whisper,despues,-14.6478,-5.2283,es,bonafide
whisper,despues,-8.7621,-0.3164,es,bonafide
whisper,despues,-16.8607,-5.9319,es,bonafide
whisper,despues,-3.4113,10.9220,es,bonafide
whisper,despues,-14.8085,-4.8159,es,bonafide
whisper,despues,-1.0162,9.7327,es,bonafide
whisper,despues,4.2891,5.1707,es,bonafide
whisper,despues,-6.8640,5.0281,es,bonafide
whisper,despues,-12.4345,-2.6980,es,bonafide
whisper,despues,-15.1877,-2.0167,es,bonafide
whisper,despues,-14.7286,0.2210,es,bonafide
whisper,despues,-3.7702,4.9175,es,bonafide
whisper,despues,-11.9742,-0.6399,es,bonafide
whisper,despues,-13.9831,-5.4049,es,bonafide
whisper,despues,-18.2370,-6.8817,es,bonafide
whisper,despues,2.4969,7.1948,es,bonafide
whisper,despues,-14.0605,0.7606,es,bonafide
whisper,despues,-5.0624,4.9248,es,bonafide
whisper,despues,9.1063,5.3953,es,bonafide
whisper,despues,-6.4649,5.4006,es,bonafide
whisper,despues,-11.4433,2.3260,es,bonafide
whisper,despues,-15.4020,-0.8563,es,bonafide
whisper,despues,-19.6596,-3.0426,es,bonafide
whisper,despues,-16.5473,-6.4093,es,bonafide
whisper,despues,3.7722,4.8571,es,bonafide
whisper,despues,-4.9698,4.7883,es,bonafide
whisper,despues,2.8230,5.5889,es,bonafide
whisper,despues,-12.7777,1.9664,es,bonafide
whisper,despues,-10.5274,1.8728,es,bonafide
whisper,despues,-6.5775,0.7393,es,bonafide
whisper,despues,3.5306,6.5034,es,bonafide
whisper,despues,4.9197,10.0595,es,bonafide
whisper,despues,-14.4749,-6.0844,es,bonafide
whisper,despues,-6.6164,11.1790,es,bonafide
whisper,despues,-1.8413,1.0181,es,bonafide
whisper,despues,-9.2644,-1.6183,es,bonafide
whisper,despues,-1.0126,7.5592,es,bonafide
whisper,despues,-10.0449,-0.2781,es,bonafide
whisper,despues,-1.0757,3.5837,es,bonafide
whisper,despues,-14.7634,-7.4420,es,bonafide
whisper,despues,-16.2773,-7.5759,es,bonafide
whisper,despues,-2.6369,9.5247,es,bonafide
whisper,despues,-18.4000,-6.8519,es,bonafide
whisper,despues,-2.4082,0.6319,es,bonafide
whisper,despues,9.5016,5.3716,es,bonafide
whisper,despues,-7.1550,9.1043,es,bonafide
whisper,despues,6.1631,5.2451,es,bonafide
whisper,despues,-16.0964,-8.3866,es,bonafide
whisper,despues,-2.3920,0.9091,es,bonafide
whisper,despues,8.1407,5.3468,es,bonafide
whisper,despues,7.7884,5.3255,es,bonafide
whisper,despues,-18.1057,-9.0335,es,bonafide
whisper,despues,-2.5517,9.9340,es,bonafide
whisper,despues,-18.3847,-8.1951,es,bonafide
whisper,despues,-8.7477,3.9825,es,bonafide
whisper,despues,-12.3227,-3.6134,es,bonafide
whisper,despues,-9.3709,2.9127,es,bonafide
whisper,despues,-9.0743,6.9894,es,bonafide
whisper,despues,-4.1807,9.2151,es,bonafide
whisper,despues,-5.2941,0.7595,es,bonafide
whisper,despues,-15.6170,-6.7127,es,bonafide
whisper,despues,-13.1194,4.8285,es,spoof
whisper,despues,-1.0769,2.4643,es,spoof
whisper,despues,-20.4514,-1.4300,es,spoof
whisper,despues,-2.8698,2.1982,es,spoof
whisper,despues,-1.9507,7.3916,es,spoof
whisper,despues,-20.4996,-1.6103,es,spoof
whisper,despues,-10.6540,0.9949,es,spoof
whisper,despues,-11.3838,2.7365,es,spoof
whisper,despues,-16.1948,-3.5905,es,spoof
whisper,despues,-8.3622,6.4242,es,spoof
whisper,despues,-47.2712,-3.1827,es,spoof
whisper,despues,-7.6562,6.2132,es,spoof
whisper,despues,-5.2408,8.0753,es,spoof
whisper,despues,-7.7934,-0.0782,es,spoof
whisper,despues,10.4590,7.0959,es,spoof
whisper,despues,9.6280,7.3187,es,spoof
whisper,despues,-6.7347,10.7873,es,spoof
whisper,despues,-18.5265,1.0555,es,spoof
whisper,despues,-6.1934,8.7539,es,spoof
whisper,despues,-13.5469,5.7617,es,spoof
whisper,despues,-0.4364,5.5301,es,spoof
whisper,despues,10.4108,7.4807,es,spoof
whisper,despues,-7.1392,9.8730,es,spoof
whisper,despues,-16.8466,3.3467,es,spoof
whisper,despues,-7.1886,8.1019,es,spoof
whisper,despues,-6.0377,5.9689,es,spoof
whisper,despues,-13.4715,3.0561,es,spoof
whisper,despues,-6.4014,10.5935,es,spoof
whisper,despues,0.1181,4.2475,es,spoof
whisper,despues,-20.6569,-6.3091,es,spoof
whisper,despues,-2.8997,2.3873,es,spoof
whisper,despues,-15.0215,-2.0095,es,spoof
whisper,despues,-2.6012,6.2404,es,spoof
whisper,despues,-0.0264,2.8380,es,spoof
whisper,despues,-12.3864,2.4398,es,spoof
whisper,despues,-8.5904,2.7159,es,spoof
whisper,despues,-3.3213,2.8982,es,spoof
whisper,despues,-4.9869,9.0077,es,spoof
whisper,despues,-15.2021,4.5142,es,spoof
whisper,despues,-17.9641,-9.0757,es,spoof
whisper,despues,-6.1528,8.6372,es,spoof
whisper,despues,-19.3398,-3.5495,es,spoof
whisper,despues,3.5899,2.8713,es,spoof
whisper,despues,-16.9120,3.1471,es,spoof
whisper,despues,-5.0649,6.0984,es,spoof
whisper,despues,4.1089,9.7874,es,spoof
whisper,despues,-4.1373,3.8044,es,spoof
whisper,despues,-5.3712,8.6032,es,spoof
whisper,despues,-16.7858,3.1383,es,spoof
whisper,despues,-20.1433,-6.9334,es,spoof
whisper,despues,-7.8959,9.8655,es,spoof
whisper,despues,3.4451,9.2777,es,spoof
whisper,despues,-12.9541,5.3468,es,spoof
whisper,despues,2.0717,5.9443,es,spoof
whisper,despues,-6.5497,1.9300,es,spoof
whisper,despues,-16.0682,-3.6662,es,spoof
whisper,despues,-12.1876,0.6755,es,spoof
whisper,despues,-19.0500,-3.4248,es,spoof
whisper,despues,7.0168,5.2165,es,spoof
whisper,despues,-11.2709,1.6586,es,spoof
whisper,despues,-4.5573,8.9626,es,spoof
whisper,despues,-15.6837,-4.0113,es,spoof
whisper,despues,-18.3522,-0.7258,es,spoof
whisper,despues,-3.0317,2.3027,es,spoof
whisper,despues,-9.7780,6.2805,es,spoof
whisper,despues,-14.3399,5.4773,es,spoof
whisper,despues,4.2214,5.8092,es,spoof
whisper,despues,-9.3022,0.4178,es,spoof
whisper,despues,-4.4535,7.5264,es,spoof
whisper,despues,9.8579,5.6270,es,spoof
whisper,despues,-16.8177,-3.3367,es,spoof
whisper,despues,-18.1002,-0.6734,es,spoof
whisper,despues,-11.7758,-0.1510,es,spoof
whisper,despues,-0.9494,8.3475,es,spoof
whisper,despues,-3.2266,2.7699,es,spoof
whisper,despues,-14.3433,4.2599,es,spoof
whisper,despues,-14.6945,4.5281,es,spoof
whisper,despues,-1.2115,2.6500,es,spoof
whisper,despues,-1.3493,1.5884,es,spoof
whisper,despues,-8.5349,2.6023,es,spoof
whisper,despues,-7.7196,1.5457,es,spoof
whisper,despues,-16.9477,3.2418,es,spoof
whisper,despues,-7.8395,7.6101,es,spoof
whisper,despues,-17.1538,0.4110,es,spoof
whisper,despues,10.2184,6.5273,es,spoof
whisper,despues,-18.9533,-4.2617,es,spoof
whisper,despues,3.3218,9.6999,es,spoof
whisper,despues,-5.8775,10.5792,es,spoof
whisper,despues,-19.7343,-4.9956,es,spoof
whisper,despues,-17.1439,-1.5350,es,spoof
whisper,despues,-17.9399,-2.0554,es,spoof
whisper,despues,-12.5298,1.9619,es,spoof
whisper,despues,0.8817,7.5933,es,spoof
whisper,despues,-17.1326,0.3828,es,spoof
whisper,despues,-0.8345,4.8244,es,spoof
whisper,despues,-3.9079,10.5883,es,spoof
whisper,despues,-21.3072,-5.4179,es,spoof
whisper,despues,-12.3146,1.5014,es,spoof
whisper,despues,-14.7815,-4.1091,es,spoof
whisper,despues,-2.6837,10.6729,es,spoof
whisper,despues,-7.6532,0.4799,es,spoof
whisper,despues,4.3334,9.8853,es,spoof
whisper,despues,-21.9623,-5.5266,es,spoof
whisper,despues,3.0393,6.2309,es,spoof
whisper,despues,-16.9060,-2.4201,es,spoof
whisper,despues,-2.9277,6.6891,es,spoof
whisper,despues,-11.8059,6.3576,es,spoof
whisper,despues,2.3361,6.9727,es,spoof
whisper,despues,-13.4544,-6.0144,es,spoof
whisper,despues,-12.0632,0.7776,es,spoof
whisper,despues,26.8625,-8.1959,es,spoof
whisper,despues,-17.6773,-3.0747,es,spoof
whisper,despues,28.4438,-10.5305,es,spoof
whisper,despues,-12.7895,4.4029,es,spoof
whisper,despues,10.3986,5.2157,es,spoof
whisper,despues,-10.6418,4.7310,es,spoof
whisper,despues,-6.7500,-0.3168,es,spoof
whisper,despues,0.6810,3.4200,es,spoof
whisper,despues,-2.1250,7.4489,es,spoof
whisper,despues,-2.9673,6.8761,es,spoof
whisper,despues,-13.0286,4.6046,es,spoof
whisper,despues,-13.2607,3.2138,es,spoof
whisper,despues,-19.3613,-6.3672,es,spoof
whisper,despues,-6.1483,3.8929,es,spoof
whisper,despues,-2.3683,8.7467,es,spoof
whisper,despues,-19.9505,-6.5116,es,spoof
whisper,despues,-4.5976,10.3623,es,spoof
whisper,despues,-14.0547,4.9774,es,spoof
whisper,despues,-21.2847,-5.0932,es,spoof
whisper,despues,-5.6725,7.1646,es,spoof
whisper,despues,-8.0996,0.6344,es,spoof
whisper,despues,-4.6600,-0.8075,es,spoof
whisper,despues,-15.2508,2.1890,es,spoof
whisper,despues,1.7853,7.9205,es,spoof
whisper,despues,-17.1927,-1.7885,es,spoof
whisper,despues,-17.5298,-2.9429,es,spoof
whisper,despues,-0.4073,4.9628,es,spoof
whisper,despues,2.6996,5.3861,es,spoof
whisper,despues,-10.4782,4.8420,es,spoof
whisper,despues,-15.0086,4.4370,es,spoof
whisper,despues,26.7105,-8.4824,es,spoof
whisper,despues,-7.5446,-1.4436,es,spoof
whisper,despues,3.9218,6.9855,es,spoof
whisper,despues,9.1787,6.2165,es,spoof
whisper,despues,25.5511,-7.9139,es,spoof
whisper,despues,-21.3304,-5.3348,es,spoof
whisper,despues,-2.2959,7.1035,es,spoof
whisper,despues,-17.0473,-8.3284,es,spoof
whisper,despues,-5.7482,4.3038,es,spoof
whisper,despues,-13.6944,2.8281,es,spoof
whisper,despues,34.1153,2.4899,fr,bonafide
whisper,despues,42.0103,19.6580,fr,bonafide
whisper,despues,41.2041,9.5179,fr,bonafide
whisper,despues,44.0751,19.0734,fr,bonafide
whisper,despues,45.1514,29.4273,fr,bonafide
whisper,despues,46.1242,26.6644,fr,bonafide
whisper,despues,43.2229,9.3885,fr,bonafide
whisper,despues,29.7780,-4.3303,fr,bonafide
whisper,despues,37.7325,5.6235,fr,bonafide
whisper,despues,41.7237,19.0433,fr,bonafide
whisper,despues,33.8372,1.0202,fr,bonafide
whisper,despues,37.6040,12.2880,fr,bonafide
whisper,despues,44.8883,24.0164,fr,bonafide
whisper,despues,29.6082,-0.2308,fr,bonafide
whisper,despues,29.0379,-6.6586,fr,bonafide
whisper,despues,41.8671,12.1340,fr,bonafide
whisper,despues,39.5678,10.4853,fr,bonafide
whisper,despues,38.0163,8.2833,fr,bonafide
whisper,despues,38.2858,8.8336,fr,bonafide
whisper,despues,41.5183,20.7976,fr,bonafide
whisper,despues,37.9362,12.4324,fr,bonafide
whisper,despues,41.2418,18.5825,fr,bonafide
whisper,despues,47.1518,22.2907,fr,bonafide
whisper,despues,30.9953,1.5254,fr,bonafide
whisper,despues,40.8188,18.7183,fr,bonafide
whisper,despues,31.5863,-1.7869,fr,bonafide
whisper,despues,45.9123,23.7359,fr,bonafide
whisper,despues,28.9925,-6.8404,fr,bonafide
whisper,despues,35.7403,8.9270,fr,bonafide
whisper,despues,44.0270,23.8265,fr,bonafide
whisper,despues,34.5342,5.8208,fr,bonafide
whisper,despues,29.5890,-4.7993,fr,bonafide
whisper,despues,44.7347,26.3632,fr,bonafide
whisper,despues,46.4983,22.5846,fr,bonafide
whisper,despues,41.2789,7.6944,fr,bonafide
whisper,despues,31.1919,-1.8621,fr,bonafide
whisper,despues,40.6910,8.2324,fr,bonafide
whisper,despues,42.6529,17.9464,fr,bonafide
whisper,despues,42.9610,22.4181,fr,bonafide
whisper,despues,37.6768,10.4539,fr,bonafide
whisper,despues,41.1683,10.4702,fr,bonafide
whisper,despues,46.0099,25.2833,fr,bonafide
whisper,despues,45.3577,27.5855,fr,bonafide
whisper,despues,34.8319,4.1294,fr,bonafide
whisper,despues,37.4855,9.3868,fr,bonafide
whisper,despues,43.4219,15.3533,fr,bonafide
whisper,despues,30.4818,0.9214,fr,bonafide
whisper,despues,35.5937,4.6254,fr,bonafide
whisper,despues,42.3728,11.4629,fr,bonafide
whisper,despues,33.3342,2.5657,fr,bonafide
whisper,despues,44.6497,17.0696,fr,bonafide
whisper,despues,47.0306,28.6315,fr,bonafide
whisper,despues,43.7709,25.2684,fr,bonafide
whisper,despues,43.7721,21.1059,fr,bonafide
whisper,despues,40.9623,8.6342,fr,bonafide
whisper,despues,44.5737,21.9314,fr,bonafide
whisper,despues,34.4106,2.7548,fr,bonafide
whisper,despues,29.5432,-4.0281,fr,bonafide
whisper,despues,44.6363,25.6741,fr,bonafide
whisper,despues,42.4609,20.7156,fr,bonafide
whisper,despues,35.4525,1.6582,fr,bonafide
whisper,despues,28.9371,-7.0429,fr,bonafide
whisper,despues,42.6880,12.4396,fr,bonafide
whisper,despues,44.3148,17.3161,fr,bonafide
whisper,despues,44.2948,21.3541,fr,bonafide
whisper,despues,38.8498,15.6913,fr,bonafide
whisper,despues,43.4961,13.7843,fr,bonafide
whisper,despues,41.8026,10.4772,fr,bonafide
whisper,despues,41.7970,9.7048,fr,bonafide
whisper,despues,46.1187,21.6857,fr,bonafide
whisper,despues,44.3316,24.6845,fr,bonafide
whisper,despues,45.1180,28.5913,fr,bonafide
whisper,despues,39.0908,15.9101,fr,bonafide
whisper,despues,38.4498,9.7794,fr,bonafide
whisper,despues,43.4111,16.3121,fr,bonafide
whisper,despues,45.5565,21.0775,fr,bonafide
whisper,despues,36.3048,9.6432,fr,bonafide
whisper,despues,39.2978,10.8345,fr,bonafide
whisper,despues,42.6788,20.2545,fr,bonafide
whisper,despues,40.1338,8.2679,fr,bonafide
whisper,despues,42.5289,11.2260,fr,bonafide
whisper,despues,36.0887,4.3667,fr,bonafide
whisper,despues,35.6191,8.9526,fr,bonafide
whisper,despues,33.0048,-2.2291,fr,bonafide
whisper,despues,42.6147,9.8756,fr,bonafide
whisper,despues,32.2632,2.0007,fr,bonafide
whisper,despues,42.9582,18.8327,fr,bonafide
whisper,despues,30.0264,-2.7993,fr,bonafide
whisper,despues,29.0978,-6.5229,fr,bonafide
whisper,despues,35.7193,2.8019,fr,bonafide
whisper,despues,43.7301,17.3064,fr,bonafide
whisper,despues,34.5625,0.7427,fr,bonafide
whisper,despues,45.9899,22.2346,fr,bonafide
whisper,despues,40.3943,9.0056,fr,bonafide
whisper,despues,41.7906,19.1751,fr,bonafide
whisper,despues,44.5520,22.0544,fr,bonafide
whisper,despues,33.2390,2.0599,fr,bonafide
whisper,despues,45.9082,24.4840,fr,bonafide
whisper,despues,34.0882,3.9479,fr,bonafide
whisper,despues,46.7066,28.6190,fr,bonafide
whisper,despues,42.0642,18.4704,fr,bonafide
whisper,despues,32.0041,-1.9152,fr,bonafide
whisper,despues,34.4902,3.1344,fr,bonafide
whisper,despues,43.5668,26.3231,fr,bonafide
whisper,despues,44.0468,23.5362,fr,bonafide
whisper,despues,32.8006,4.3290,fr,bonafide
whisper,despues,41.2312,10.9787,fr,bonafide
whisper,despues,43.2207,23.2788,fr,bonafide
whisper,despues,36.0265,12.0946,fr,bonafide
whisper,despues,42.3225,26.8983,fr,bonafide
whisper,despues,38.4589,9.0722,fr,bonafide
whisper,despues,34.5424,4.4842,fr,bonafide
whisper,despues,32.1264,2.8944,fr,bonafide
whisper,despues,35.8183,3.0394,fr,bonafide
whisper,despues,39.8240,7.6108,fr,bonafide
whisper,despues,33.5907,4.0013,fr,bonafide
whisper,despues,39.5617,9.5961,fr,bonafide
whisper,despues,33.3193,5.4470,fr,bonafide
whisper,despues,39.6464,8.0016,fr,bonafide
whisper,despues,43.8507,11.4065,fr,bonafide
whisper,despues,41.4540,18.8059,fr,bonafide
whisper,despues,44.0963,12.6806,fr,bonafide
whisper,despues,43.4499,26.1433,fr,bonafide
whisper,despues,44.7502,26.5580,fr,bonafide
whisper,despues,37.6025,12.5619,fr,bonafide
whisper,despues,45.2999,28.7427,fr,bonafide
whisper,despues,29.2151,-6.7687,fr,bonafide
whisper,despues,46.1892,19.6624,fr,bonafide
whisper,despues,45.3479,28.0872,fr,bonafide
whisper,despues,29.5559,-4.6263,fr,bonafide
whisper,despues,35.6947,6.1300,fr,bonafide
whisper,despues,42.5571,17.7627,fr,bonafide
whisper,despues,38.4771,12.8053,fr,bonafide
whisper,despues,45.7732,20.7855,fr,bonafide
whisper,despues,42.9678,10.0529,fr,bonafide
whisper,despues,46.7541,19.8419,fr,bonafide
whisper,despues,34.7666,5.8372,fr,bonafide
whisper,despues,42.8788,10.7094,fr,bonafide
whisper,despues,46.1833,26.5210,fr,bonafide
whisper,despues,40.3788,9.8629,fr,bonafide
whisper,despues,42.5249,23.8879,fr,bonafide
whisper,despues,34.4670,4.6580,fr,bonafide
whisper,despues,46.1524,29.1701,fr,bonafide
whisper,despues,43.5381,25.3206,fr,bonafide
whisper,despues,45.0504,20.5649,fr,bonafide
whisper,despues,33.4259,5.4728,fr,bonafide
whisper,despues,44.7184,19.3377,fr,bonafide
whisper,despues,46.2772,25.5216,fr,bonafide
whisper,despues,33.0591,3.6230,fr,bonafide
whisper,despues,39.2918,9.4669,fr,bonafide
whisper,despues,37.8160,10.6110,fr,spoof
whisper,despues,38.5304,17.8929,fr,spoof
whisper,despues,29.2131,1.1625,fr,spoof
whisper,despues,29.5956,-4.7112,fr,spoof
whisper,despues,40.4465,17.6092,fr,spoof
whisper,despues,43.0199,11.3248,fr,spoof
whisper,despues,39.0172,19.4835,fr,spoof
whisper,despues,42.9049,25.2429,fr,spoof
whisper,despues,30.5183,-1.3560,fr,spoof
whisper,despues,31.0880,-2.6500,fr,spoof
whisper,despues,33.6433,-0.4625,fr,spoof
whisper,despues,45.2013,14.4231,fr,spoof
whisper,despues,37.5970,4.2474,fr,spoof
whisper,despues,36.0910,15.0178,fr,spoof
whisper,despues,40.9893,5.0474,fr,spoof
whisper,despues,36.2280,3.9047,fr,spoof
whisper,despues,41.4878,4.4120,fr,spoof
whisper,despues,42.8289,14.1273,fr,spoof
whisper,despues,42.2753,25.0276,fr,spoof
whisper,despues,40.1851,12.0989,fr,spoof
whisper,despues,42.7019,16.0713,fr,spoof
whisper,despues,40.9346,26.0458,fr,spoof
whisper,despues,34.0580,3.0668,fr,spoof
whisper,despues,38.2678,3.1631,fr,spoof
whisper,despues,32.4587,0.7052,fr,spoof
whisper,despues,28.5856,-6.0853,fr,spoof
whisper,despues,40.3587,4.3223,fr,spoof
whisper,despues,41.1193,26.6270,fr,spoof
whisper,despues,40.2134,5.8967,fr,spoof
whisper,despues,45.0736,22.5877,fr,spoof
whisper,despues,39.4360,24.6008,fr,spoof
whisper,despues,36.2236,15.3366,fr,spoof
whisper,despues,38.9018,19.5286,fr,spoof
whisper,despues,39.2818,2.4750,fr,spoof
whisper,despues,41.7422,12.7739,fr,spoof
whisper,despues,35.4542,8.2173,fr,spoof
whisper,despues,46.4170,26.9460,fr,spoof
whisper,despues,45.2171,16.0643,fr,spoof
whisper,despues,30.1663,-3.1680,fr,spoof
whisper,despues,39.0981,5.2620,fr,spoof
whisper,despues,37.9377,16.8070,fr,spoof
whisper,despues,39.2728,4.1937,fr,spoof
whisper,despues,32.8464,-2.4509,fr,spoof
whisper,despues,46.2569,26.1244,fr,spoof
whisper,despues,39.7366,23.7278,fr,spoof
whisper,despues,36.4946,12.6208,fr,spoof
whisper,despues,30.8593,-2.3352,fr,spoof
whisper,despues,43.8594,19.4725,fr,spoof
whisper,despues,39.6587,17.1037,fr,spoof
whisper,despues,39.7357,12.3895,fr,spoof
whisper,despues,39.0605,3.0994,fr,spoof
whisper,despues,39.2642,3.5219,fr,spoof
whisper,despues,40.7280,12.4192,fr,spoof
whisper,despues,44.1701,23.4096,fr,spoof
whisper,despues,45.7212,24.1272,fr,spoof
whisper,despues,45.2507,28.2392,fr,spoof
whisper,despues,29.8170,-3.5895,fr,spoof
whisper,despues,37.4065,6.2242,fr,spoof
whisper,despues,41.2617,23.8565,fr,spoof
whisper,despues,39.1886,3.5748,fr,spoof
whisper,despues,40.0895,23.8249,fr,spoof
whisper,despues,43.4491,16.3368,fr,spoof
whisper,despues,31.7689,-1.0097,fr,spoof
whisper,despues,41.4595,20.1155,fr,spoof
whisper,despues,41.2898,6.8013,fr,spoof
whisper,despues,37.3297,14.1375,fr,spoof
whisper,despues,38.2334,10.9569,fr,spoof
whisper,despues,36.5486,3.4722,fr,spoof
whisper,despues,38.0152,10.5458,fr,spoof
whisper,despues,37.5889,5.2792,fr,spoof
whisper,despues,39.2662,2.3797,fr,spoof
whisper,despues,44.9038,25.2654,fr,spoof
whisper,despues,29.0092,0.8941,fr,spoof
whisper,despues,46.9715,27.7488,fr,spoof
whisper,despues,38.6187,2.0597,fr,spoof
whisper,despues,37.1040,2.7326,fr,spoof
whisper,despues,46.2236,28.8616,fr,spoof
whisper,despues,33.5954,0.8088,fr,spoof
whisper,despues,37.5656,16.6785,fr,spoof
whisper,despues,38.7053,5.5057,fr,spoof
whisper,despues,40.6661,26.6273,fr,spoof
whisper,despues,29.9277,-0.3637,fr,spoof
whisper,despues,38.0565,3.2970,fr,spoof
whisper,despues,41.7567,25.1318,fr,spoof
whisper,despues,35.4734,4.3981,fr,spoof
whisper,despues,37.7916,3.1438,fr,spoof
whisper,despues,43.6505,16.2696,fr,spoof
whisper,despues,38.4945,17.9076,fr,spoof
whisper,despues,42.4042,13.5558,fr,spoof
whisper,despues,40.6474,14.3368,fr,spoof
whisper,despues,38.7678,20.2650,fr,spoof
whisper,despues,30.3106,-1.2400,fr,spoof
whisper,despues,40.5858,20.0707,fr,spoof
whisper,despues,40.3627,26.4778,fr,spoof
whisper,despues,40.0222,26.0863,fr,spoof
whisper,despues,39.4196,22.6870,fr,spoof
whisper,despues,37.8382,14.4235,fr,spoof
whisper,despues,-42.7131,-4.7161,fr,spoof
whisper,despues,35.8860,2.3185,fr,spoof
whisper,despues,47.0579,25.0837,fr,spoof
whisper,despues,43.5340,24.1354,fr,spoof
whisper,despues,30.6143,-3.2601,fr,spoof
whisper,despues,29.7628,-3.0799,fr,spoof
whisper,despues,39.2432,6.6985,fr,spoof
whisper,despues,31.2851,0.1014,fr,spoof
whisper,despues,41.1925,20.7931,fr,spoof
whisper,despues,32.4469,0.0337,fr,spoof
whisper,despues,46.3075,28.4774,fr,spoof
whisper,despues,40.5567,12.1485,fr,spoof
whisper,despues,41.4984,5.1964,fr,spoof
whisper,despues,39.1333,15.1638,fr,spoof
whisper,despues,42.5992,16.6897,fr,spoof
whisper,despues,39.8857,3.7807,fr,spoof
whisper,despues,28.5890,-5.7605,fr,spoof
whisper,despues,39.6278,1.6434,fr,spoof
whisper,despues,44.2990,28.1897,fr,spoof
whisper,despues,35.9167,0.9767,fr,spoof
whisper,despues,36.6922,12.7680,fr,spoof
whisper,despues,41.3568,14.6067,fr,spoof
whisper,despues,38.2129,3.9075,fr,spoof
whisper,despues,32.6087,-0.6351,fr,spoof
whisper,despues,41.8152,25.6018,fr,spoof
whisper,despues,41.4973,26.0278,fr,spoof
whisper,despues,40.6016,11.1271,fr,spoof
whisper,despues,40.4885,5.3462,fr,spoof
whisper,despues,33.5466,-0.7608,fr,spoof
whisper,despues,44.2994,25.1950,fr,spoof
whisper,despues,36.2689,14.2561,fr,spoof
whisper,despues,38.2522,0.9903,fr,spoof
whisper,despues,41.3505,21.8862,fr,spoof
whisper,despues,45.4516,18.3508,fr,spoof
whisper,despues,40.7711,17.2051,fr,spoof
whisper,despues,28.8197,-1.9553,fr,spoof
whisper,despues,41.1789,25.8278,fr,spoof
whisper,despues,44.2729,18.7124,fr,spoof
whisper,despues,40.2080,26.6095,fr,spoof
whisper,despues,14.0901,-5.4025,fr,spoof
whisper,despues,38.2112,4.0097,fr,spoof
whisper,despues,38.6537,19.9164,fr,spoof
whisper,despues,39.9044,18.3383,fr,spoof
whisper,despues,33.2051,-1.0902,fr,spoof
whisper,despues,41.0147,15.9281,fr,spoof
whisper,despues,42.2105,4.9292,fr,spoof
whisper,despues,45.1563,23.2698,fr,spoof
whisper,despues,44.0817,16.8346,fr,spoof
whisper,despues,39.8649,17.1030,fr,spoof
whisper,despues,40.7774,19.6169,fr,spoof
whisper,despues,40.9756,3.2645,fr,spoof
whisper,despues,42.4096,24.3845,fr,spoof
whisper,despues,41.6724,11.5601,fr,spoof
whisper,despues,-20.7732,26.0857,it,bonafide
whisper,despues,-25.0041,27.7230,it,bonafide
whisper,despues,-29.0809,31.1439,it,bonafide
whisper,despues,-27.2330,30.0908,it,bonafide
whisper,despues,-35.5560,27.9904,it,bonafide
whisper,despues,-27.9311,24.9957,it,bonafide
whisper,despues,-17.0816,26.4863,it,bonafide
whisper,despues,-38.6072,26.6464,it,bonafide
whisper,despues,-24.0332,30.3231,it,bonafide
whisper,despues,-26.0316,24.3766,it,bonafide
whisper,despues,-17.9593,27.8226,it,bonafide
whisper,despues,-28.9973,27.4988,it,bonafide
whisper,despues,-24.1232,27.1618,it,bonafide
whisper,despues,-27.9335,31.8702,it,bonafide
whisper,despues,-21.2242,26.6895,it,bonafide
whisper,despues,-28.2838,27.2058,it,bonafide
whisper,despues,-32.9939,29.1445,it,bonafide
whisper,despues,-21.6872,29.9573,it,bonafide
whisper,despues,-19.4416,27.0007,it,bonafide
whisper,despues,-17.1658,24.8835,it,bonafide
whisper,despues,-37.4114,24.4910,it,bonafide
whisper,despues,-27.4513,34.5789,it,bonafide
whisper,despues,-33.1078,25.9281,it,bonafide
whisper,despues,-32.0269,29.7818,it,bonafide
whisper,despues,-40.7154,26.7386,it,bonafide
whisper,despues,-31.4537,31.8707,it,bonafide
whisper,despues,-39.0465,26.2271,it,bonafide
whisper,despues,-23.3019,30.7225,it,bonafide
whisper,despues,-27.3194,28.9318,it,bonafide
whisper,despues,-33.8202,29.1843,it,bonafide
whisper,despues,-15.4621,24.6244,it,bonafide
whisper,despues,-30.6597,27.5132,it,bonafide
whisper,despues,-24.3894,30.4286,it,bonafide
whisper,despues,-26.6235,25.3621,it,bonafide
whisper,despues,-28.7071,27.5553,it,bonafide
whisper,despues,-17.8246,26.3324,it,bonafide
whisper,despues,-13.6066,24.4107,it,bonafide
whisper,despues,-26.2471,27.7049,it,bonafide
whisper,despues,-24.1544,32.0499,it,bonafide
whisper,despues,-33.4252,26.6421,it,bonafide
whisper,despues,-16.4882,25.6913,it,bonafide
whisper,despues,-41.0284,26.7410,it,bonafide
whisper,despues,-28.5788,28.3987,it,bonafide
whisper,despues,-19.5769,27.0602,it,bonafide
whisper,despues,-32.8348,27.0579,it,bonafide
whisper,despues,-35.4264,27.0616,it,bonafide
whisper,despues,-15.3739,25.5735,it,bonafide
whisper,despues,-31.6955,30.3224,it,bonafide
whisper,despues,-39.2571,26.6448,it,bonafide
whisper,despues,-32.1217,26.4137,it,bonafide
whisper,despues,-18.5682,26.0441,it,bonafide
whisper,despues,-27.2813,32.9703,it,bonafide
whisper,despues,-20.4126,26.7318,it,bonafide
whisper,despues,-36.2894,27.2812,it,bonafide
whisper,despues,-34.6113,29.4402,it,bonafide
whisper,despues,-17.0907,25.7560,it,bonafide
whisper,despues,-32.8133,28.1530,it,bonafide
whisper,despues,-36.5813,21.8168,it,bonafide
whisper,despues,-24.7091,30.5648,it,bonafide
whisper,despues,-29.7171,30.8101,it,bonafide
whisper,despues,-32.9111,27.0243,it,bonafide
whisper,despues,-24.6116,26.3688,it,bonafide
whisper,despues,-16.3490,27.7237,it,bonafide
whisper,despues,-19.3946,26.7952,it,bonafide
whisper,despues,-16.4127,25.4350,it,bonafide
whisper,despues,-27.6094,34.5188,it,bonafide
whisper,despues,-19.4552,27.6457,it,bonafide
whisper,despues,-36.5818,25.6540,it,bonafide
whisper,despues,-14.5185,25.3351,it,bonafide
whisper,despues,-35.1016,25.5782,it,bonafide
whisper,despues,-16.7280,27.6229,it,bonafide
whisper,despues,-21.0776,29.1649,it,bonafide
whisper,despues,-40.3060,26.6429,it,bonafide
whisper,despues,-37.8634,26.2738,it,bonafide
whisper,despues,-13.2064,24.2262,it,bonafide
whisper,despues,-21.5557,31.5248,it,bonafide
whisper,despues,-24.0670,30.3290,it,bonafide
whisper,despues,-40.6120,26.0569,it,bonafide
whisper,despues,-36.9634,28.4030,it,bonafide
whisper,despues,-24.7790,26.5552,it,bonafide
whisper,despues,-19.5716,27.9965,it,bonafide
whisper,despues,-27.2069,30.6609,it,bonafide
whisper,despues,-21.6297,32.7909,it,bonafide
whisper,despues,-18.0206,25.8546,it,bonafide
whisper,despues,-36.5178,30.4770,it,bonafide
whisper,despues,-29.2388,26.9929,it,bonafide
whisper,despues,-17.7535,25.1011,it,bonafide
whisper,despues,-38.4120,27.1810,it,bonafide
whisper,despues,-29.8292,29.2649,it,bonafide
whisper,despues,-16.8545,27.2481,it,bonafide
whisper,despues,-31.3754,31.1883,it,bonafide
whisper,despues,-18.4216,24.7326,it,bonafide
whisper,despues,-33.6023,28.3633,it,bonafide
whisper,despues,-27.1823,31.9495,it,bonafide
whisper,despues,-24.2112,26.5908,it,bonafide
whisper,despues,-17.1354,25.5817,it,bonafide
whisper,despues,-39.2626,27.6674,it,bonafide
whisper,despues,-31.4533,25.7133,it,bonafide
whisper,despues,-26.1813,26.9772,it,bonafide
whisper,despues,-25.3197,30.8381,it,bonafide
whisper,despues,-30.1752,30.6331,it,bonafide
whisper,despues,-36.6007,27.9628,it,bonafide
whisper,despues,-40.6349,26.0596,it,bonafide
whisper,despues,-19.6423,25.5286,it,bonafide
whisper,despues,-39.5576,26.9406,it,bonafide
whisper,despues,-25.9493,28.4822,it,bonafide
whisper,despues,-35.9089,28.1035,it,bonafide
whisper,despues,-26.6606,26.9001,it,bonafide
whisper,despues,-38.1812,30.2521,it,bonafide
whisper,despues,-29.8929,30.5479,it,bonafide
whisper,despues,-16.1444,26.4295,it,bonafide
whisper,despues,-27.1381,31.9706,it,bonafide
whisper,despues,-28.1750,27.7986,it,bonafide
whisper,despues,-26.2864,32.6191,it,bonafide
whisper,despues,-18.1691,26.4708,it,bonafide
whisper,despues,-31.9349,33.2622,it,bonafide
whisper,despues,-32.7075,29.2671,it,bonafide
whisper,despues,-21.5048,31.4335,it,bonafide
whisper,despues,-28.6150,27.7010,it,bonafide
whisper,despues,-34.9955,25.6103,it,bonafide
whisper,despues,-37.3888,24.6724,it,bonafide
whisper,despues,-27.4451,29.8765,it,bonafide
whisper,despues,-38.9637,26.0566,it,bonafide
whisper,despues,-6.6090,38.0719,it,bonafide
whisper,despues,-18.5022,28.0067,it,bonafide
whisper,despues,-18.6362,28.5271,it,bonafide
whisper,despues,-32.0615,27.1473,it,bonafide
whisper,despues,-35.1202,29.9087,it,bonafide
whisper,despues,-39.8075,28.6930,it,bonafide
whisper,despues,-41.2326,26.1256,it,bonafide
whisper,despues,-23.6639,29.6968,it,bonafide
whisper,despues,-27.3779,30.0838,it,bonafide
whisper,despues,-39.6219,26.9691,it,bonafide
whisper,despues,-30.7037,29.2021,it,bonafide
whisper,despues,-21.3936,26.8496,it,bonafide
whisper,despues,-30.5275,29.4361,it,bonafide
whisper,despues,-14.2755,24.5728,it,bonafide
whisper,despues,-21.2415,31.5805,it,bonafide
whisper,despues,-28.2009,34.6678,it,bonafide
whisper,despues,-27.1979,27.8977,it,bonafide
whisper,despues,-27.3825,32.2584,it,bonafide
whisper,despues,-24.8414,26.8323,it,bonafide
whisper,despues,-18.8345,23.7923,it,bonafide
whisper,despues,-33.2735,28.9185,it,bonafide
whisper,despues,-36.6726,27.3591,it,bonafide
whisper,despues,-35.6307,28.9439,it,bonafide
whisper,despues,-37.4225,28.5081,it,bonafide
whisper,despues,-19.2756,26.3766,it,bonafide
whisper,despues,-37.1010,26.1193,it,bonafide
whisper,despues,-14.6286,25.7019,it,bonafide
whisper,despues,-28.3260,18.6730,it,spoof
whisper,despues,-35.6331,21.5267,it,spoof
whisper,despues,-31.1846,21.5941,it,spoof
whisper,despues,-30.6434,23.4392,it,spoof
whisper,despues,-29.6916,22.3050,it,spoof
whisper,despues,-21.4020,31.8819,it,spoof
whisper,despues,-27.1497,23.0171,it,spoof
whisper,despues,-28.2186,26.0039,it,spoof
whisper,despues,-30.0356,25.2588,it,spoof
whisper,despues,-25.9604,19.5145,it,spoof
whisper,despues,14.8984,-4.6386,it,spoof
whisper,despues,-39.2535,24.9907,it,spoof
whisper,despues,-33.1432,19.0258,it,spoof
whisper,despues,-32.0694,21.5463,it,spoof
whisper,despues,-31.8926,33.3051,it,spoof
whisper,despues,-25.7621,22.7793,it,spoof
whisper,despues,-34.2827,19.1732,it,spoof
whisper,despues,-28.5428,25.7543,it,spoof
whisper,despues,-15.7163,24.1645,it,spoof
whisper,despues,-34.3200,19.0281,it,spoof
whisper,despues,-31.3992,19.8538,it,spoof
whisper,despues,-21.2494,23.7432,it,spoof
whisper,despues,-16.1261,20.5141,it,spoof
whisper,despues,-32.9387,25.8699,it,spoof
whisper,despues,-30.1512,20.9519,it,spoof
whisper,despues,-28.0953,21.1333,it,spoof
whisper,despues,-40.7318,23.5161,it,spoof
whisper,despues,-17.4489,23.3154,it,spoof
whisper,despues,-23.8499,23.7127,it,spoof
whisper,despues,-15.1706,27.4852,it,spoof
whisper,despues,-25.9423,19.5118,it,spoof
whisper,despues,-29.8674,22.4784,it,spoof
whisper,despues,-30.9123,24.0243,it,spoof
whisper,despues,-20.1573,24.5500,it,spoof
whisper,despues,-22.7047,26.9974,it,spoof
whisper,despues,-20.1000,22.1834,it,spoof
whisper,despues,-36.0488,21.5235,it,spoof
whisper,despues,-34.2694,18.5392,it,spoof
whisper,despues,-30.0217,22.0168,it,spoof
whisper,despues,-45.8126,-3.6466,it,spoof
whisper,despues,-31.8081,21.4187,it,spoof
whisper,despues,-12.5192,23.7703,it,spoof
whisper,despues,-18.4982,27.1012,it,spoof
whisper,despues,-16.5980,20.7491,it,spoof
whisper,despues,-28.9509,19.1653,it,spoof
whisper,despues,-19.3545,21.2069,it,spoof
whisper,despues,-27.4657,20.8717,it,spoof
whisper,despues,-24.6181,33.0676,it,spoof
whisper,despues,-35.4178,31.1451,it,spoof
whisper,despues,-27.1078,23.1894,it,spoof
whisper,despues,-23.9231,22.3733,it,spoof
whisper,despues,-28.3414,25.7664,it,spoof
whisper,despues,-32.1665,21.0872,it,spoof
whisper,despues,-41.5226,24.0843,it,spoof
whisper,despues,-20.2668,23.6266,it,spoof
whisper,despues,-31.7989,20.8243,it,spoof
whisper,despues,-12.4315,23.6828,it,spoof
whisper,despues,-24.4659,21.8758,it,spoof
whisper,despues,-24.6668,29.1567,it,spoof
whisper,despues,25.2893,-7.8160,it,spoof
whisper,despues,-37.2027,30.3651,it,spoof
whisper,despues,17.0549,-1.2799,it,spoof
whisper,despues,-39.3277,25.9086,it,spoof
whisper,despues,-19.1006,23.6931,it,spoof
whisper,despues,-25.7176,26.1620,it,spoof
whisper,despues,-25.0072,32.5656,it,spoof
whisper,despues,-32.0375,23.0568,it,spoof
whisper,despues,-31.6189,29.0372,it,spoof
whisper,despues,-27.3867,23.4183,it,spoof
whisper,despues,-32.0365,20.3677,it,spoof
whisper,despues,-22.0452,28.3770,it,spoof
whisper,despues,-34.3235,18.6915,it,spoof
whisper,despues,-26.0874,19.6228,it,spoof
whisper,despues,-24.8953,32.5627,it,spoof
whisper,despues,-28.5525,20.6963,it,spoof
whisper,despues,-33.8649,21.1052,it,spoof
whisper,despues,-26.3004,31.8956,it,spoof
whisper,despues,-35.1773,19.8172,it,spoof
whisper,despues,-15.2294,27.0184,it,spoof
whisper,despues,-39.5700,28.6955,it,spoof
whisper,despues,-26.8116,25.2954,it,spoof
whisper,despues,-31.3363,22.5808,it,spoof
whisper,despues,-24.4716,24.7576,it,spoof
whisper,despues,-38.8453,23.5690,it,spoof
whisper,despues,-23.7299,20.7458,it,spoof
whisper,despues,-39.5634,24.0186,it,spoof
whisper,despues,-41.1534,24.5751,it,spoof
whisper,despues,-23.0612,22.3508,it,spoof
whisper,despues,-38.0188,27.3135,it,spoof
whisper,despues,-27.7458,22.3536,it,spoof
whisper,despues,-32.6506,21.7809,it,spoof
whisper,despues,-37.1177,30.3790,it,spoof
whisper,despues,-24.4963,33.8001,it,spoof
whisper,despues,-30.1807,19.3267,it,spoof
whisper,despues,-30.9943,19.4188,it,spoof
whisper,despues,-28.4990,18.5636,it,spoof
whisper,despues,-8.1523,37.3500,it,spoof
whisper,despues,-21.9870,22.8655,it,spoof
whisper,despues,-28.1308,23.0759,it,spoof
whisper,despues,-28.1956,20.5735,it,spoof
whisper,despues,13.1768,-5.3115,it,spoof
whisper,despues,-23.4091,20.3725,it,spoof
whisper,despues,-28.0114,19.0512,it,spoof
whisper,despues,-30.2682,24.6329,it,spoof
whisper,despues,-32.8360,31.3758,it,spoof
whisper,despues,-41.5544,24.2336,it,spoof
whisper,despues,-33.3650,23.7723,it,spoof
whisper,despues,-28.7142,19.6527,it,spoof
whisper,despues,-35.8499,31.1799,it,spoof
whisper,despues,-36.7504,26.0205,it,spoof
whisper,despues,-23.7614,26.0257,it,spoof
whisper,despues,-29.7989,28.4735,it,spoof
whisper,despues,-39.9882,25.4836,it,spoof
whisper,despues,-23.2342,21.1316,it,spoof
whisper,despues,-41.2516,24.3497,it,spoof
whisper,despues,-17.3666,23.3845,it,spoof
whisper,despues,-28.8946,22.0579,it,spoof
whisper,despues,-39.5516,24.7117,it,spoof
whisper,despues,-25.1038,19.3208,it,spoof
whisper,despues,-19.9620,23.8258,it,spoof
whisper,despues,-40.3864,27.0650,it,spoof
whisper,despues,-23.4969,24.0440,it,spoof
whisper,despues,-28.0182,24.8964,it,spoof
whisper,despues,-37.7710,30.6430,it,spoof
whisper,despues,-32.9949,22.2403,it,spoof
whisper,despues,-21.4597,22.7698,it,spoof
whisper,despues,-35.5148,25.9947,it,spoof
whisper,despues,-31.1765,21.5784,it,spoof
whisper,despues,-29.9202,24.7879,it,spoof
whisper,despues,-19.3217,21.1614,it,spoof
whisper,despues,-18.6578,20.8943,it,spoof
whisper,despues,-36.6907,26.8772,it,spoof
whisper,despues,-36.2524,23.9511,it,spoof
whisper,despues,-27.8617,23.5732,it,spoof
whisper,despues,-30.2259,19.2909,it,spoof
whisper,despues,-21.7292,22.8891,it,spoof
whisper,despues,-28.9406,18.9966,it,spoof
whisper,despues,-35.1193,19.7875,it,spoof
whisper,despues,-17.2673,28.3399,it,spoof
whisper,despues,-26.9664,30.7016,it,spoof
whisper,despues,-32.7019,31.2962,it,spoof
whisper,despues,-28.8247,21.6357,it,spoof
whisper,despues,-19.8671,21.8536,it,spoof
whisper,despues,-19.0666,21.1248,it,spoof
whisper,despues,-29.1956,21.5237,it,spoof
whisper,despues,-39.3915,29.4913,it,spoof
whisper,despues,-41.2458,25.3435,it,spoof
whisper,despues,-14.0486,26.9372,it,spoof
whisper,despues,-38.2999,27.2750,it,spoof
whisper,despues,-6.6112,36.6299,it,spoof
whisper,despues,-0.1415,-21.7875,pl,bonafide
whisper,despues,15.8388,-12.9828,pl,bonafide
whisper,despues,-2.7877,-24.1495,pl,bonafide
whisper,despues,13.5997,-11.8437,pl,bonafide
whisper,despues,7.5823,-16.3915,pl,bonafide
whisper,despues,-0.0367,-25.3881,pl,bonafide
whisper,despues,5.7803,-21.3042,pl,bonafide
whisper,despues,-4.9540,-27.5517,pl,bonafide
whisper,despues,12.8440,-13.0899,pl,bonafide
whisper,despues,7.8057,-15.7013,pl,bonafide
whisper,despues,13.5103,-13.7698,pl,bonafide
whisper,despues,-0.4559,-21.6013,pl,bonafide
whisper,despues,6.1334,-17.0918,pl,bonafide
whisper,despues,17.5677,-11.4660,pl,bonafide
whisper,despues,-9.4829,-29.8455,pl,bonafide
whisper,despues,18.0831,-11.2105,pl,bonafide
whisper,despues,-8.9535,-29.8761,pl,bonafide
whisper,despues,5.1843,-20.7097,pl,bonafide
whisper,despues,3.9312,-21.6064,pl,bonafide
whisper,despues,-5.4500,-24.3203,pl,bonafide
whisper,despues,-11.7782,-28.1374,pl,bonafide
whisper,despues,-2.2971,-27.9503,pl,bonafide
whisper,despues,-6.1285,-29.3785,pl,bonafide
whisper,despues,18.1508,-10.1153,pl,bonafide
whisper,despues,4.4531,-23.1607,pl,bonafide
whisper,despues,-8.7644,-29.1850,pl,bonafide
whisper,despues,-6.5623,-26.4430,pl,bonafide
whisper,despues,-11.7829,-28.1138,pl,bonafide
whisper,despues,10.1784,-18.3664,pl,bonafide
whisper,despues,13.8216,-11.8143,pl,bonafide
whisper,despues,-3.8260,-24.0309,pl,bonafide
whisper,despues,12.3512,-15.1725,pl,bonafide
whisper,despues,8.8749,-15.2656,pl,bonafide
whisper,despues,-8.2162,-29.4428,pl,bonafide
whisper,despues,14.0057,-14.2679,pl,bonafide
whisper,despues,-0.3128,-26.3778,pl,bonafide
whisper,despues,-2.9096,-25.9277,pl,bonafide
whisper,despues,0.0029,-21.2854,pl,bonafide
whisper,despues,-0.5195,-25.5655,pl,bonafide
whisper,despues,-5.0650,-23.0875,pl,bonafide
whisper,despues,-7.3639,-28.5687,pl,bonafide
whisper,despues,-1.9197,-26.1501,pl,bonafide
whisper,despues,-6.6437,-27.1272,pl,bonafide
whisper,despues,-1.1174,-25.7589,pl,bonafide
whisper,despues,-2.1034,-22.4235,pl,bonafide
whisper,despues,14.7669,-12.4931,pl,bonafide
whisper,despues,-2.1011,-25.5497,pl,bonafide
whisper,despues,16.4657,-13.2584,pl,bonafide
whisper,despues,-4.7876,-24.4101,pl,bonafide
whisper,despues,5.3809,-18.3002,pl,bonafide
whisper,despues,14.0640,-12.6961,pl,bonafide
whisper,despues,13.4180,-11.3725,pl,bonafide
whisper,despues,17.3826,-11.9432,pl,bonafide
whisper,despues,13.4931,-14.3104,pl,bonafide
whisper,despues,4.9952,-21.4070,pl,bonafide
whisper,despues,25.3775,-10.4204,pl,bonafide
whisper,despues,19.5504,-11.0173,pl,bonafide
whisper,despues,-2.4651,-21.3560,pl,bonafide
whisper,despues,-1.6855,-21.0097,pl,bonafide
whisper,despues,8.6880,-15.0269,pl,bonafide
whisper,despues,17.4784,-12.3461,pl,bonafide
whisper,despues,-5.9576,-28.2268,pl,bonafide
whisper,despues,6.9077,-18.6613,pl,bonafide
whisper,despues,-3.5899,-25.4871,pl,bonafide
whisper,despues,-4.1467,-26.9746,pl,bonafide
whisper,despues,4.2483,-21.2624,pl,bonafide
whisper,despues,3.7942,-22.8415,pl,bonafide
whisper,despues,-2.0752,-27.1563,pl,bonafide
whisper,despues,18.5699,-10.9096,pl,bonafide
whisper,despues,-0.9441,-26.2632,pl,bonafide
whisper,despues,-5.5983,-28.2410,pl,bonafide
whisper,despues,6.9497,-19.6566,pl,bonafide
whisper,despues,6.6838,-17.6777,pl,bonafide
whisper,despues,0.3430,-21.0085,pl,bonafide
whisper,despues,7.0100,-17.8462,pl,bonafide
whisper,despues,-8.6974,-29.1034,pl,bonafide
whisper,despues,7.0472,-17.9063,pl,bonafide
whisper,despues,8.3021,-15.3707,pl,bonafide
whisper,despues,-1.7288,-20.7099,pl,bonafide
whisper,despues,2.5237,-23.8047,pl,bonafide
whisper,despues,-3.2131,-23.0829,pl,bonafide
whisper,despues,-5.5404,-26.9565,pl,bonafide
whisper,despues,8.6679,-16.1087,pl,bonafide
whisper,despues,-0.4441,-26.5825,pl,bonafide
whisper,despues,-2.3009,-25.5182,pl,bonafide
whisper,despues,15.4633,-13.0003,pl,bonafide
whisper,despues,8.5357,-16.0224,pl,bonafide
whisper,despues,7.1520,-16.0691,pl,bonafide
whisper,despues,16.5556,-13.1326,pl,bonafide
whisper,despues,-7.2096,-28.6147,pl,bonafide
whisper,despues,4.7482,-22.0314,pl,bonafide
whisper,despues,-1.5047,-26.8907,pl,bonafide
whisper,despues,-1.1581,-21.5517,pl,bonafide
whisper,despues,-7.9889,-29.2405,pl,bonafide
whisper,despues,15.3256,-12.5307,pl,bonafide
whisper,despues,-0.6649,-21.1898,pl,bonafide
whisper,despues,6.6705,-17.6932,pl,bonafide
whisper,despues,-6.1674,-24.5250,pl,bonafide
whisper,despues,-1.9541,-26.5197,pl,bonafide
whisper,despues,13.1020,-14.3648,pl,bonafide
whisper,despues,15.9875,-12.9906,pl,bonafide
whisper,despues,-3.4919,-26.9796,pl,bonafide
whisper,despues,7.9300,-14.6684,pl,bonafide
whisper,despues,19.3823,-10.9095,pl,bonafide
whisper,despues,7.3821,-14.6893,pl,bonafide
whisper,despues,-1.8791,-27.5811,pl,bonafide
whisper,despues,5.9189,-20.6197,pl,bonafide
whisper,despues,6.7601,-16.8456,pl,bonafide
whisper,despues,9.5748,-10.6592,pl,bonafide
whisper,despues,5.7900,-22.0776,pl,bonafide
whisper,despues,16.7200,-12.4986,pl,bonafide
whisper,despues,-4.3089,-27.9951,pl,bonafide
whisper,despues,-9.9664,-29.6157,pl,bonafide
whisper,despues,12.1280,-13.8244,pl,bonafide
whisper,despues,7.2450,-17.1504,pl,bonafide
whisper,despues,14.7645,-13.2823,pl,bonafide
whisper,despues,-4.6639,-25.2095,pl,bonafide
whisper,despues,-6.3948,-24.5760,pl,bonafide
whisper,despues,-0.8354,-27.4123,pl,bonafide
whisper,despues,-4.5542,-23.1945,pl,bonafide
whisper,despues,9.9558,-15.6616,pl,bonafide
whisper,despues,14.6998,-13.2237,pl,bonafide
whisper,despues,16.5775,-11.9324,pl,bonafide
whisper,despues,7.9806,-18.8517,pl,bonafide
whisper,despues,10.0754,-17.1712,pl,bonafide
whisper,despues,-5.3621,-25.7622,pl,bonafide
whisper,despues,4.8900,-22.3672,pl,bonafide
whisper,despues,-1.8385,-24.0666,pl,bonafide
whisper,despues,2.4584,-23.7699,pl,bonafide
whisper,despues,5.2240,-17.7734,pl,bonafide
whisper,despues,4.7171,-21.8975,pl,bonafide
whisper,despues,5.1911,-17.7263,pl,bonafide
whisper,despues,-1.0377,-18.8100,pl,bonafide
whisper,despues,13.9212,-13.6556,pl,bonafide
whisper,despues,-7.9047,-29.3855,pl,bonafide
whisper,despues,-1.1026,-19.9000,pl,bonafide
whisper,despues,11.1501,-13.8730,pl,bonafide
whisper,despues,10.1570,-17.1895,pl,bonafide
whisper,despues,17.4448,-11.1067,pl,bonafide
whisper,despues,-12.3871,-29.5126,pl,bonafide
whisper,despues,13.2399,-14.9044,pl,bonafide
whisper,despues,14.9260,-13.8679,pl,bonafide
whisper,despues,-1.0190,-25.6488,pl,bonafide
whisper,despues,-5.4634,-29.5172,pl,bonafide
whisper,despues,-4.4017,-27.4960,pl,bonafide
whisper,despues,6.2422,-19.8212,pl,bonafide
whisper,despues,-3.0376,-25.0453,pl,bonafide
whisper,despues,-4.8555,-23.2691,pl,bonafide
whisper,despues,-4.5927,-25.5213,pl,bonafide
whisper,despues,9.5210,-18.0263,pl,bonafide
whisper,despues,0.3632,-22.6814,pl,spoof
whisper,despues,0.9622,-17.4704,pl,spoof
whisper,despues,-3.5473,-30.3054,pl,spoof
whisper,despues,1.9468,-27.9363,pl,spoof
whisper,despues,9.0440,-12.4626,pl,spoof
whisper,despues,8.3380,-21.5507,pl,spoof
whisper,despues,-7.8221,-24.6445,pl,spoof
whisper,despues,13.3499,-10.0760,pl,spoof
whisper,despues,17.8135,-10.9156,pl,spoof
whisper,despues,7.7122,-23.1302,pl,spoof
whisper,despues,15.4531,-6.3344,pl,spoof
whisper,despues,8.2648,-19.0553,pl,spoof
whisper,despues,10.9658,-16.8756,pl,spoof
whisper,despues,-1.4722,-20.3680,pl,spoof
whisper,despues,5.3440,-16.2048,pl,spoof
whisper,despues,5.9897,-25.8190,pl,spoof
whisper,despues,25.8599,-10.2619,pl,spoof
whisper,despues,12.7625,-12.8872,pl,spoof
whisper,despues,15.0239,-5.5507,pl,spoof
whisper,despues,2.8915,-19.7854,pl,spoof
whisper,despues,1.1304,-17.3386,pl,spoof
whisper,despues,7.8632,-13.8162,pl,spoof
whisper,despues,13.7285,-6.4096,pl,spoof
whisper,despues,16.4025,-9.7413,pl,spoof
whisper,despues,10.9824,-12.5092,pl,spoof
whisper,despues,17.9509,-9.2966,pl,spoof
whisper,despues,-11.8059,-29.8126,pl,spoof
whisper,despues,-1.8575,-23.6415,pl,spoof
whisper,despues,8.5110,-18.1196,pl,spoof
whisper,despues,2.3682,-27.7745,pl,spoof
whisper,despues,12.6192,-12.4024,pl,spoof
whisper,despues,-0.1040,-28.8138,pl,spoof
whisper,despues,16.3583,-11.1867,pl,spoof
whisper,despues,9.8898,-19.2850,pl,spoof
whisper,despues,14.6059,-15.4573,pl,spoof
whisper,despues,-4.0599,-29.3923,pl,spoof
whisper,despues,3.4705,-26.6530,pl,spoof
whisper,despues,16.3317,-10.0548,pl,spoof
whisper,despues,-0.2962,-28.9882,pl,spoof
whisper,despues,12.0037,-13.6318,pl,spoof
whisper,despues,-1.8219,-22.6722,pl,spoof
whisper,despues,5.8566,-25.7008,pl,spoof
whisper,despues,15.7621,-8.2592,pl,spoof
whisper,despues,0.6981,-18.0671,pl,spoof
whisper,despues,-6.5351,-30.3016,pl,spoof
whisper,despues,5.0499,-26.4095,pl,spoof
whisper,despues,-4.4355,-20.6721,pl,spoof
whisper,despues,2.4694,-20.8390,pl,spoof
whisper,despues,28.0237,-10.4033,pl,spoof
whisper,despues,5.7709,-19.0745,pl,spoof
whisper,despues,-1.7091,-25.2800,pl,spoof
whisper,despues,-10.1638,-27.9067,pl,spoof
whisper,despues,-4.1164,-22.7132,pl,spoof
whisper,despues,7.7683,-21.5652,pl,spoof
whisper,despues,6.4454,-14.8100,pl,spoof
whisper,despues,-4.0860,-20.6935,pl,spoof
whisper,despues,2.9504,-18.7844,pl,spoof
whisper,despues,0.2256,-20.2182,pl,spoof
whisper,despues,3.8094,-19.2311,pl,spoof
whisper,despues,16.1616,-8.2475,pl,spoof
whisper,despues,11.8941,-11.5204,pl,spoof
whisper,despues,26.3743,-10.2773,pl,spoof
whisper,despues,10.6732,-11.2439,pl,spoof
whisper,despues,-6.8060,-29.7463,pl,spoof
whisper,despues,7.9587,-22.9198,pl,spoof
whisper,despues,17.3896,-7.7695,pl,spoof
whisper,despues,-0.1659,-17.8151,pl,spoof
whisper,despues,-7.6341,-30.4488,pl,spoof
whisper,despues,5.5982,-22.1951,pl,spoof
whisper,despues,5.3701,-15.3900,pl,spoof
whisper,despues,1.4018,-25.3236,pl,spoof
whisper,despues,4.2862,-26.0178,pl,spoof
whisper,despues,16.3098,-9.6403,pl,spoof
whisper,despues,4.9178,-14.8762,pl,spoof
whisper,despues,26.4251,-9.7258,pl,spoof
whisper,despues,7.9372,-21.4947,pl,spoof
whisper,despues,-3.2684,-30.8067,pl,spoof
whisper,despues,2.6629,-22.6299,pl,spoof
whisper,despues,-1.4117,-27.2570,pl,spoof
whisper,despues,16.0542,-11.1571,pl,spoof
whisper,despues,13.8937,-14.4105,pl,spoof
whisper,despues,-0.8061,-20.1930,pl,spoof
whisper,despues,-9.9362,-30.9965,pl,spoof
whisper,despues,1.5874,-20.2084,pl,spoof
whisper,despues,5.0629,-23.9536,pl,spoof
whisper,despues,10.8404,-15.6291,pl,spoof
whisper,despues,7.5773,-23.8119,pl,spoof
whisper,despues,3.8042,-20.5444,pl,spoof
whisper,despues,-5.7813,-29.4165,pl,spoof
whisper,despues,-5.4644,-21.5359,pl,spoof
whisper,despues,14.6231,-14.8178,pl,spoof
whisper,despues,14.9171,-8.1439,pl,spoof
whisper,despues,3.3763,-15.7900,pl,spoof
whisper,despues,10.1375,-12.0099,pl,spoof
whisper,despues,-5.4592,-25.5663,pl,spoof
whisper,despues,4.3321,-26.6133,pl,spoof
whisper,despues,5.7936,-18.7989,pl,spoof
whisper,despues,-10.3236,-30.5751,pl,spoof
whisper,despues,-1.3410,-29.6180,pl,spoof
whisper,despues,-1.7673,-29.9996,pl,spoof
whisper,despues,8.4394,-18.7261,pl,spoof
whisper,despues,10.0140,-10.7302,pl,spoof
whisper,despues,1.8644,-19.9639,pl,spoof
whisper,despues,-3.5904,-30.3439,pl,spoof
whisper,despues,19.4334,-9.5661,pl,spoof
whisper,despues,-0.2784,-30.0978,pl,spoof
whisper,despues,-3.8861,-28.3770,pl,spoof
whisper,despues,4.4213,-25.4595,pl,spoof
whisper,despues,-3.0241,-28.5833,pl,spoof
whisper,despues,-3.2912,-22.5165,pl,spoof
whisper,despues,-9.9625,-29.3634,pl,spoof
whisper,despues,-10.1710,-27.9359,pl,spoof
whisper,despues,1.5708,-24.9454,pl,spoof
whisper,despues,3.7000,-20.3929,pl,spoof
whisper,despues,0.4463,-18.7218,pl,spoof
whisper,despues,-6.3331,-24.2181,pl,spoof
whisper,despues,2.1811,-27.8557,pl,spoof
whisper,despues,26.2843,-10.1567,pl,spoof
whisper,despues,10.7694,-18.5408,pl,spoof
whisper,despues,3.6954,-16.2053,pl,spoof
whisper,despues,17.1682,-9.8681,pl,spoof
whisper,despues,0.7340,-17.4592,pl,spoof
whisper,despues,-0.3931,-29.2809,pl,spoof
whisper,despues,-6.2545,-28.9721,pl,spoof
whisper,despues,1.8315,-18.5484,pl,spoof
whisper,despues,3.3937,-17.1114,pl,spoof
whisper,despues,8.5474,-23.7961,pl,spoof
whisper,despues,17.4076,-10.7375,pl,spoof
whisper,despues,3.2076,-26.6824,pl,spoof
whisper,despues,8.4990,-17.3993,pl,spoof
whisper,despues,2.4368,-28.0283,pl,spoof
whisper,despues,-9.3388,-28.6735,pl,spoof
whisper,despues,6.3598,-16.8369,pl,spoof
whisper,despues,18.5510,-9.4156,pl,spoof
whisper,despues,3.1338,-18.6226,pl,spoof
whisper,despues,12.1819,-10.6226,pl,spoof
whisper,despues,6.6139,-25.3396,pl,spoof
whisper,despues,-3.9380,-21.5613,pl,spoof
whisper,despues,6.4085,-22.4314,pl,spoof
whisper,despues,-5.3782,-22.5997,pl,spoof
whisper,despues,7.3273,-23.9046,pl,spoof
whisper,despues,7.2157,-24.7187,pl,spoof
whisper,despues,17.7732,-9.6346,pl,spoof
whisper,despues,-7.7292,-30.3346,pl,spoof
whisper,despues,0.0981,-18.0787,pl,spoof
whisper,despues,-1.3358,-29.2603,pl,spoof
whisper,despues,3.4664,-26.8571,pl,spoof
whisper,despues,11.5669,-12.7050,pl,spoof
whisper,despues,2.0789,-27.9667,pl,spoof
whisper,despues,12.6552,-10.7907,pl,spoof
whisper,despues,25.8888,-41.6389,ru,bonafide
whisper,despues,30.7722,-21.8458,ru,bonafide
whisper,despues,30.9385,-28.4205,ru,bonafide
whisper,despues,13.4088,-53.0674,ru,bonafide
whisper,despues,27.1227,-36.2147,ru,bonafide
whisper,despues,31.9319,-23.7172,ru,bonafide
whisper,despues,21.4388,-45.7340,ru,bonafide
whisper,despues,30.5866,-21.7717,ru,bonafide
whisper,despues,31.4862,-22.3908,ru,bonafide
whisper,despues,8.8629,-49.8493,ru,bonafide
whisper,despues,14.5760,-51.9054,ru,bonafide
whisper,despues,32.5326,-24.9729,ru,bonafide
whisper,despues,21.3523,-45.6332,ru,bonafide
whisper,despues,16.9130,-52.2960,ru,bonafide
whisper,despues,31.7218,-27.1712,ru,bonafide
whisper,despues,22.7949,-39.7057,ru,bonafide
whisper,despues,25.9619,-36.4890,ru,bonafide
whisper,despues,11.5604,-50.2627,ru,bonafide
whisper,despues,16.5738,-48.8975,ru,bonafide
whisper,despues,15.3575,-52.5090,ru,bonafide
whisper,despues,20.8748,-43.8768,ru,bonafide
whisper,despues,18.7026,-46.6571,ru,bonafide
whisper,despues,30.0419,-19.9989,ru,bonafide
whisper,despues,13.4342,-50.7540,ru,bonafide
whisper,despues,20.8710,-45.4322,ru,bonafide
whisper,despues,6.9895,-50.6544,ru,bonafide
whisper,despues,27.2158,-33.7183,ru,bonafide
whisper,despues,15.6294,-52.1458,ru,bonafide
whisper,despues,17.9760,-44.6867,ru,bonafide
whisper,despues,12.3396,-51.5378,ru,bonafide
whisper,despues,32.2867,-26.7746,ru,bonafide
whisper,despues,25.2825,-38.9919,ru,bonafide
whisper,despues,29.7637,-20.7248,ru,bonafide
whisper,despues,6.8340,-50.0006,ru,bonafide
whisper,despues,28.5622,-27.2418,ru,bonafide
whisper,despues,31.4287,-24.3314,ru,bonafide
whisper,despues,15.8432,-48.7860,ru,bonafide
whisper,despues,10.2282,-51.6881,ru,bonafide
whisper,despues,10.9684,-51.7211,ru,bonafide
whisper,despues,32.3956,-29.8336,ru,bonafide
whisper,despues,31.7942,-21.4358,ru,bonafide
whisper,despues,28.6045,-27.2874,ru,bonafide
whisper,despues,24.7132,-42.1309,ru,bonafide
whisper,despues,16.9394,-49.4925,ru,bonafide
whisper,despues,6.5987,-50.6187,ru,bonafide
whisper,despues,30.7966,-28.5231,ru,bonafide
whisper,despues,29.9336,-17.0911,ru,bonafide
whisper,despues,14.7034,-48.2300,ru,bonafide
whisper,despues,26.5114,-33.9291,ru,bonafide
whisper,despues,32.3226,-23.4472,ru,bonafide
whisper,despues,31.3922,-29.7403,ru,bonafide
whisper,despues,29.5478,-32.3430,ru,bonafide
whisper,despues,32.5244,-23.2843,ru,bonafide
whisper,despues,31.0203,-25.2699,ru,bonafide
whisper,despues,13.1055,-50.8847,ru,bonafide
whisper,despues,29.9344,-32.0151,ru,bonafide
whisper,despues,28.1367,-33.1015,ru,bonafide
whisper,despues,25.3942,-38.8921,ru,bonafide
whisper,despues,19.9791,-44.8469,ru,bonafide
whisper,despues,31.3151,-29.5690,ru,bonafide
whisper,despues,13.4519,-50.5014,ru,bonafide
whisper,despues,12.3728,-51.2358,ru,bonafide
whisper,despues,21.1417,-39.9381,ru,bonafide
whisper,despues,17.0986,-44.6227,ru,bonafide
whisper,despues,6.4096,-50.0192,ru,bonafide
whisper,despues,12.1237,-51.6359,ru,bonafide
whisper,despues,18.3961,-46.0299,ru,bonafide
whisper,despues,16.0220,-52.0478,ru,bonafide
whisper,despues,25.1958,-41.6715,ru,bonafide
whisper,despues,14.3632,-49.3847,ru,bonafide
whisper,despues,24.4106,-43.6680,ru,bonafide
whisper,despues,32.0139,-28.7822,ru,bonafide
whisper,despues,19.6023,-45.1775,ru,bonafide
whisper,despues,13.9282,-51.1934,ru,bonafide
whisper,despues,18.6272,-43.4057,ru,bonafide
whisper,despues,30.9651,-27.4685,ru,bonafide
whisper,despues,21.5665,-43.5808,ru,bonafide
whisper,despues,31.0862,-27.8543,ru,bonafide
whisper,despues,33.4090,-28.0223,ru,bonafide
whisper,despues,18.1174,-46.2714,ru,bonafide
whisper,despues,27.3121,-35.0444,ru,bonafide
whisper,despues,31.6383,-26.8726,ru,bonafide
whisper,despues,16.3632,-51.0024,ru,bonafide
whisper,despues,7.0755,-50.4513,ru,bonafide
whisper,despues,21.6543,-39.8539,ru,bonafide
whisper,despues,6.3271,-50.0530,ru,bonafide
whisper,despues,31.2862,-30.6595,ru,bonafide
whisper,despues,29.9818,-18.3247,ru,bonafide
whisper,despues,18.1241,-44.9640,ru,bonafide
whisper,despues,32.0908,-30.0961,ru,bonafide
whisper,despues,22.5503,-40.9370,ru,bonafide
whisper,despues,29.0875,-32.9094,ru,bonafide
whisper,despues,18.2410,-45.7825,ru,bonafide
whisper,despues,22.5605,-41.1276,ru,bonafide
whisper,despues,20.3897,-45.5452,ru,bonafide
whisper,despues,32.1796,-19.8598,ru,bonafide
whisper,despues,22.0574,-44.5389,ru,bonafide
whisper,despues,31.7393,-30.1838,ru,bonafide
whisper,despues,7.7966,-50.1900,ru,bonafide
whisper,despues,26.6823,-34.9925,ru,bonafide
whisper,despues,14.1683,-49.8326,ru,bonafide
whisper,despues,30.1235,-26.3646,ru,bonafide
whisper,despues,7.3594,-50.3196,ru,bonafide
whisper,despues,17.4626,-45.2329,ru,bonafide
whisper,despues,14.5281,-52.4167,ru,bonafide
whisper,despues,31.6656,-22.9661,ru,bonafide
whisper,despues,30.3576,-19.4662,ru,bonafide
whisper,despues,16.5143,-52.2889,ru,bonafide
whisper,despues,11.6784,-50.3252,ru,bonafide
whisper,despues,23.3888,-39.3661,ru,bonafide
whisper,despues,33.3553,-26.5913,ru,bonafide
whisper,despues,31.1392,-21.4656,ru,bonafide
whisper,despues,31.5071,-31.0754,ru,bonafide
whisper,despues,22.7107,-43.6447,ru,bonafide
whisper,despues,25.7700,-37.5150,ru,bonafide
whisper,despues,29.6697,-15.9690,ru,bonafide
whisper,despues,30.7409,-29.0225,ru,bonafide
whisper,despues,21.4971,-39.2381,ru,bonafide
whisper,despues,30.5916,-25.8517,ru,bonafide
whisper,despues,29.8825,-21.9014,ru,bonafide
whisper,despues,32.9527,-28.9252,ru,bonafide
whisper,despues,12.4585,-50.4094,ru,bonafide
whisper,despues,9.4484,-50.5417,ru,bonafide
whisper,despues,31.4115,-27.9877,ru,bonafide
whisper,despues,27.9622,-33.2028,ru,bonafide
whisper,despues,31.8554,-27.5210,ru,bonafide
whisper,despues,22.7301,-43.7144,ru,bonafide
whisper,despues,15.8407,-46.8948,ru,bonafide
whisper,despues,22.0187,-40.1209,ru,bonafide
whisper,despues,30.5709,-20.3015,ru,bonafide
whisper,despues,12.8804,-53.9664,ru,bonafide
whisper,despues,18.8388,-45.7066,ru,bonafide
whisper,despues,30.4927,-29.2830,ru,bonafide
whisper,despues,13.8618,-50.3541,ru,bonafide
whisper,despues,19.2056,-46.4208,ru,bonafide
whisper,despues,30.8487,-30.5516,ru,bonafide
whisper,despues,20.5517,-44.5185,ru,bonafide
whisper,despues,33.3618,-27.6333,ru,bonafide
whisper,despues,12.8460,-53.3749,ru,bonafide
whisper,despues,9.2175,-51.7067,ru,bonafide
whisper,despues,32.4376,-24.3322,ru,bonafide
whisper,despues,24.3799,-43.6940,ru,bonafide
whisper,despues,29.0889,-28.0401,ru,bonafide
whisper,despues,9.4273,-50.8901,ru,bonafide
whisper,despues,29.4247,-20.1267,ru,bonafide
whisper,despues,26.4974,-33.9580,ru,bonafide
whisper,despues,21.8191,-40.9808,ru,bonafide
whisper,despues,18.4932,-46.2332,ru,bonafide
whisper,despues,5.5566,-49.8639,ru,bonafide
whisper,despues,31.7496,-28.9404,ru,bonafide
whisper,despues,23.9020,-38.3440,ru,spoof
whisper,despues,16.3798,-41.9705,ru,spoof
whisper,despues,20.0949,-44.1789,ru,spoof
whisper,despues,26.0487,-33.3658,ru,spoof
whisper,despues,7.6974,-49.8515,ru,spoof
whisper,despues,29.5403,-25.0090,ru,spoof
whisper,despues,27.8225,-31.9766,ru,spoof
whisper,despues,13.6392,-47.1682,ru,spoof
whisper,despues,28.0810,-26.7681,ru,spoof
whisper,despues,26.5874,-26.5976,ru,spoof
whisper,despues,24.5934,-40.5310,ru,spoof
whisper,despues,28.9617,-24.1648,ru,spoof
whisper,despues,27.1529,-35.6302,ru,spoof
whisper,despues,30.5027,-18.1144,ru,spoof
whisper,despues,25.0421,-34.1986,ru,spoof
whisper,despues,24.9985,-34.8491,ru,spoof
whisper,despues,16.6886,-41.6754,ru,spoof
whisper,despues,26.4381,-26.1661,ru,spoof
whisper,despues,30.5759,-28.4129,ru,spoof
whisper,despues,11.1182,-46.7969,ru,spoof
whisper,despues,28.6157,-22.6313,ru,spoof
whisper,despues,32.2214,-26.5692,ru,spoof
whisper,despues,23.9911,-38.3875,ru,spoof
whisper,despues,15.1746,-45.8168,ru,spoof
whisper,despues,19.5969,-44.5522,ru,spoof
whisper,despues,15.7265,-49.6817,ru,spoof
whisper,despues,25.5646,-40.6622,ru,spoof
whisper,despues,20.4902,-41.0743,ru,spoof
whisper,despues,11.9795,-46.3944,ru,spoof
whisper,despues,12.8089,-47.1306,ru,spoof
whisper,despues,15.7028,-45.1682,ru,spoof
whisper,despues,12.2904,-47.2823,ru,spoof
whisper,despues,18.7225,-41.9141,ru,spoof
whisper,despues,13.3555,-53.7782,ru,spoof
whisper,despues,24.8044,-39.5799,ru,spoof
whisper,despues,21.8270,-41.8490,ru,spoof
whisper,despues,30.1383,-17.3214,ru,spoof
whisper,despues,30.9965,-23.9718,ru,spoof
whisper,despues,27.5296,-24.7993,ru,spoof
whisper,despues,29.6325,-26.4508,ru,spoof
whisper,despues,13.2051,-53.1357,ru,spoof
whisper,despues,7.1324,-51.0913,ru,spoof
whisper,despues,24.4119,-41.6836,ru,spoof
whisper,despues,13.7015,-49.1080,ru,spoof
whisper,despues,9.4459,-49.7442,ru,spoof
whisper,despues,11.0162,-48.2952,ru,spoof
whisper,despues,22.2420,-42.0988,ru,spoof
whisper,despues,23.7180,-36.9127,ru,spoof
whisper,despues,19.9694,-41.7383,ru,spoof
whisper,despues,25.2734,-38.3392,ru,spoof
whisper,despues,27.0263,-34.6948,ru,spoof
whisper,despues,20.8999,-42.3734,ru,spoof
whisper,despues,9.0002,-48.1584,ru,spoof
whisper,despues,21.5372,-38.9105,ru,spoof
whisper,despues,23.7299,-40.8516,ru,spoof
whisper,despues,25.5075,-35.6986,ru,spoof
whisper,despues,13.2714,-47.2704,ru,spoof
whisper,despues,30.1824,-27.0713,ru,spoof
whisper,despues,29.2405,-24.3950,ru,spoof
whisper,despues,30.4072,-24.1960,ru,spoof
whisper,despues,30.1578,-18.5194,ru,spoof
whisper,despues,30.8897,-18.5778,ru,spoof
whisper,despues,28.4721,-20.5080,ru,spoof
whisper,despues,20.6935,-47.5593,ru,spoof
whisper,despues,13.5643,-47.6639,ru,spoof
whisper,despues,29.4347,-23.8892,ru,spoof
whisper,despues,28.2506,-23.1684,ru,spoof
whisper,despues,23.8465,-37.0980,ru,spoof
whisper,despues,14.5938,-49.8306,ru,spoof
whisper,despues,31.3641,-18.6752,ru,spoof
whisper,despues,14.8404,-53.4243,ru,spoof
whisper,despues,27.6760,-28.4067,ru,spoof
whisper,despues,30.2463,-17.6774,ru,spoof
whisper,despues,11.7800,-47.5009,ru,spoof
whisper,despues,22.8760,-36.8338,ru,spoof
whisper,despues,29.6717,-25.2002,ru,spoof
whisper,despues,28.6947,-21.8255,ru,spoof
whisper,despues,28.1034,-22.7329,ru,spoof
whisper,despues,29.5696,-26.7509,ru,spoof
whisper,despues,9.7410,-51.7826,ru,spoof
whisper,despues,20.2553,-40.2331,ru,spoof
whisper,despues,28.1419,-31.8723,ru,spoof
whisper,despues,16.6133,-46.1398,ru,spoof
whisper,despues,28.3286,-25.3477,ru,spoof
whisper,despues,28.7785,-29.2226,ru,spoof
whisper,despues,15.1565,-50.8856,ru,spoof
whisper,despues,27.4915,-28.8828,ru,spoof
whisper,despues,21.2992,-39.6162,ru,spoof
whisper,despues,30.3860,-19.8290,ru,spoof
whisper,despues,29.1093,-22.3952,ru,spoof
whisper,despues,15.6043,-45.0334,ru,spoof
whisper,despues,30.0496,-27.5357,ru,spoof
whisper,despues,20.8920,-38.5432,ru,spoof
whisper,despues,7.8852,-49.8674,ru,spoof
whisper,despues,24.6095,-39.8738,ru,spoof
whisper,despues,11.9046,-53.1254,ru,spoof
whisper,despues,29.9755,-19.0210,ru,spoof
whisper,despues,16.1628,-49.3078,ru,spoof
whisper,despues,16.1133,-42.9394,ru,spoof
whisper,despues,23.7058,-36.9904,ru,spoof
whisper,despues,20.8905,-47.3887,ru,spoof
whisper,despues,26.7878,-29.6803,ru,spoof
whisper,despues,13.3679,-48.7642,ru,spoof
whisper,despues,17.2335,-45.9343,ru,spoof
whisper,despues,15.6408,-49.0731,ru,spoof
whisper,despues,27.2997,-28.2660,ru,spoof
whisper,despues,16.1134,-41.9390,ru,spoof
whisper,despues,27.2650,-27.6624,ru,spoof
whisper,despues,23.0543,-41.8543,ru,spoof
whisper,despues,26.4657,-32.0782,ru,spoof
whisper,despues,29.8982,-27.8399,ru,spoof
whisper,despues,13.4252,-51.9052,ru,spoof
whisper,despues,6.7744,-49.6568,ru,spoof
whisper,despues,27.4550,-31.2362,ru,spoof
whisper,despues,16.6759,-41.6548,ru,spoof
whisper,despues,26.7400,-25.8289,ru,spoof
whisper,despues,9.7654,-49.1134,ru,spoof
whisper,despues,15.9448,-45.3883,ru,spoof
whisper,despues,31.2087,-23.0379,ru,spoof
whisper,despues,19.1338,-41.5408,ru,spoof
whisper,despues,14.2272,-49.2405,ru,spoof
whisper,despues,19.3226,-40.6777,ru,spoof
whisper,despues,15.8783,-43.0791,ru,spoof
whisper,despues,20.6158,-41.9562,ru,spoof
whisper,despues,18.5531,-42.6792,ru,spoof
whisper,despues,27.5923,-32.0485,ru,spoof
whisper,despues,31.7288,-19.9925,ru,spoof
whisper,despues,27.5190,-25.0259,ru,spoof
whisper,despues,23.6980,-40.2305,ru,spoof
whisper,despues,10.7052,-48.4640,ru,spoof
whisper,despues,28.5820,-32.8513,ru,spoof
whisper,despues,19.8314,-41.9847,ru,spoof
whisper,despues,26.6489,-31.5947,ru,spoof
whisper,despues,10.5007,-48.2845,ru,spoof
whisper,despues,15.8988,-50.0100,ru,spoof
whisper,despues,15.8128,-49.1581,ru,spoof
whisper,despues,-42.8016,-4.5259,ru,spoof
whisper,despues,32.1601,-20.3698,ru,spoof
whisper,despues,23.9271,-36.9308,ru,spoof
whisper,despues,8.7122,-50.0098,ru,spoof
whisper,despues,26.3637,-34.6506,ru,spoof
whisper,despues,17.7197,-46.7585,ru,spoof
whisper,despues,9.3136,-49.8467,ru,spoof
whisper,despues,12.8185,-48.9868,ru,spoof
whisper,despues,22.9722,-42.0346,ru,spoof
whisper,despues,14.1091,-45.1314,ru,spoof
whisper,despues,30.3134,-23.4553,ru,spoof
whisper,despues,16.5694,-44.5764,ru,spoof
whisper,despues,26.7355,-30.7313,ru,spoof
whisper,despues,29.3456,-25.8503,ru,spoof
